{"version":26,"hash":{"type":"Buffer","data":"awq4zhf17tiL7NexyLvhMGoSTQN7ubIQD0Rlm6shBZzm5PGZ4DRN3DbpRZggp1r3IUdC4GnCch7adQI9fS9KnNW1c6WrlcOajnBgLF1VNyzRCGzSE/f1RtlzByF1dp8QluFLzGY/2x8ZrnxYkjXaSzilGb/Dj5CO/NQr2DAg1qg="},"indexValueMap":{"eVZK3KkB5v/5YC/cGsxxR3Xpn2XvXk74XYAPbhPRfa4=":{"valueMac":{"type":"Buffer","data":"QXmqUbougXhmlRgrtz6xhQTWP0GWYyRDsuyB7e2ZIFE="}},"G5h4CU7aKq6Nb/KmAMRt69/W0nK3CVy+c51c+8hazbk=":{"valueMac":{"type":"Buffer","data":"IowuwuR45BPulxE3Dg+B4SY1CWv300/kcuC6fujfINw="}},"mixmd++32Pl1vZLUvxYBQL9EEq5AanYa7c3PNJlSDdk=":{"valueMac":{"type":"Buffer","data":"D4/L63dJk78ZqnISWbQmEEBd61nX1WFjezTjQ0PUMJM="}}}}