{"noiseKey":{"private":{"type":"Buffer","data":"cDjMf+DRZ/CvSUb1O/vGPVowu2fxVLTikn9ku1+tpmg="},"public":{"type":"Buffer","data":"xPpUTbTM86SLfNr5SN7H9WTCPdDcef4sM1Dnpngj+Vo="}},"pairingEphemeralKeyPair":{"private":{"type":"Buffer","data":"eJ7yzI6XJcx1kvwT6aAd4rQqIsCX5f0U40HVrEZG8ng="},"public":{"type":"Buffer","data":"yIlelXyD6eBcTDtNuaOEsrWizIJrdXNaKe5lOD/2gT8="}},"signedIdentityKey":{"private":{"type":"Buffer","data":"GB91UDatGvbTp0XLZY5CL5sCA/07fedfiBlGwbqll2A="},"public":{"type":"Buffer","data":"1aVHW2EHh5bGNKP8zljcWsxA83VCh5Lhw2tqAhQ2yB0="}},"signedPreKey":{"keyPair":{"private":{"type":"Buffer","data":"SB8uO+NUAFT5wFOiuf599Tdkw4rs7kBJzrkblm//fms="},"public":{"type":"Buffer","data":"stblVjccDfFAgC3kB+kR4N2/7Z+B+Oh3QBpMYhwKvDs="}},"signature":{"type":"Buffer","data":"J76i6lS2yFQGco5GZNpdd4+4k3Vdpprih9/2uFLrhx5imgFXn5iYq752RVSYrcZ6Eg0snkMmM1erjT4A2EmtjA=="},"keyId":1},"registrationId":80,"advSecretKey":"bcsfaVui9qNB5ihA87DmmM1DYazngtaxwIAATa545TY=","processedHistoryMessages":[{"key":{"remoteJid":"254111265467@s.whatsapp.net","fromMe":true,"id":"0DEC5F45E0B734E950FD058D4F55A196"},"messageTimestamp":1730471717},{"key":{"remoteJid":"254111265467@s.whatsapp.net","fromMe":true,"id":"3152FD79021CD44DA4824A48ACC381C1"},"messageTimestamp":1730471719},{"key":{"remoteJid":"254111265467@s.whatsapp.net","fromMe":true,"id":"52329103CFC5FB21CE8BDEFA7514BE42"},"messageTimestamp":1730471820},{"key":{"remoteJid":"254111265467@s.whatsapp.net","fromMe":true,"id":"488BFCF263DC1FE94B744E41F05D9470"},"messageTimestamp":1730473660},{"key":{"remoteJid":"254111265467@s.whatsapp.net","fromMe":true,"id":"85CCBDD79735266F41807906F7389D97"},"messageTimestamp":1730473671},{"key":{"remoteJid":"254111265467@s.whatsapp.net","fromMe":true,"id":"F114B5028CF572BBDC94DF88304FCD35"},"messageTimestamp":1730473671}],"nextPreKeyId":61,"firstUnuploadedPreKeyId":61,"accountSyncCounter":1,"accountSettings":{"unarchiveChats":false},"deviceId":"RlqQtcSjRQic5SbkdVhKnA","phoneId":"7879a2a1-fdff-41ae-a0c7-cbb76a09da1d","identityId":{"type":"Buffer","data":"+BB6Lyg3BGNJcA0HbIiZ4rHGHXI="},"registered":true,"backupToken":{"type":"Buffer","data":"iPZpAnyaaxJporbmQbaDIQUHsDk="},"registration":{},"pairingCode":"P5HCYJ5Z","me":{"id":"254111265467:23@s.whatsapp.net","lid":"49092029853705:23@lid","name":"𝕷𝖎𝖑𝖞𝖈𝖍𝖆𝖓𝖏 - 𝖂𝖍𝖆𝖙𝖘𝕬𝖕𝖕 𝕭𝖔𝖙"},"account":{"details":"CJr+k5gGEJrOk7kGGAEgACgA","accountSignatureKey":"EDBpSS/+ZQ83nIQyBkzvYoBVkxyWtwolqyJek0kSgUE=","accountSignature":"jo7uVMUB+mmQzty+KSjUI4MP2d6iJDqgIN29TdgGNLfoTnpAeOQbbGjwC7ttdfXR8c4HacLZnzv630u6TdGJBg==","deviceSignature":"oTAyUqH65TwglO9WJq8PkWKsbiHa819MRDARahyFaIZp6+o8J0KKSXHTXEaDcDr+e6x56g/LHmA9bCLL4T6Mgg=="},"signalIdentities":[{"identifier":{"name":"254111265467:23@s.whatsapp.net","deviceId":0},"identifierKey":{"type":"Buffer","data":"BRAwaUkv/mUPN5yEMgZM72KAVZMclrcKJasiXpNJEoFB"}}],"platform":"android","routingInfo":{"type":"Buffer","data":"CAkIBQ=="},"lastAccountSyncTimestamp":1730475318,"myAppStateKeyId":"AAAAAG7+","lastPropHash":"3RERmy"}