[{"senderKeyId":1016879929,"senderChainKey":{"iteration":96,"seed":"gfxY85YXBU2oRWPvRTPd4dXDPjKCmhFTQw/wVJCBVTA="},"senderSigningKey":{"public":"BerA7mz6lZXtdLvwCLX5N1KllzX0eI33H5n5/XesNuUw"},"senderMessageKeys":[]},{"senderKeyId":1016879929,"senderChainKey":{"iteration":61,"seed":"LNtVcswDLrVmV+xYE5H8zXUpFsB6cRxMfcS7FX3+Qk8="},"senderSigningKey":{"public":"BerA7mz6lZXtdLvwCLX5N1KllzX0eI33H5n5/XesNuUw"},"senderMessageKeys":[]},{"senderKeyId":1016879929,"senderChainKey":{"iteration":84,"seed":"cJ9CchmGbecHnkuCJyaRQTbYF+e08p3E1OFsMhh78yg="},"senderSigningKey":{"public":"BerA7mz6lZXtdLvwCLX5N1KllzX0eI33H5n5/XesNuUw"},"senderMessageKeys":[]},{"senderKeyId":1016879929,"senderChainKey":{"iteration":91,"seed":"QHsJqfV0VVXMkbYPrA1JWLTOGnWkowXxYO2xXgHfQAQ="},"senderSigningKey":{"public":"BerA7mz6lZXtdLvwCLX5N1KllzX0eI33H5n5/XesNuUw"},"senderMessageKeys":[]}]