[{"senderKeyId":975230090,"senderChainKey":{"iteration":905,"seed":"EqjsayvrB32tjA3R8lq20ly+Z38X9sXgygGwlQXm8TE="},"senderSigningKey":{"public":"BcobHqYvRdRJuKk4EPu7LJSmNr2IuTOolRd4XGS5+TIU"},"senderMessageKeys":[{},{},{},{},{},{},{}]},{"senderKeyId":975230090,"senderChainKey":{"iteration":899,"seed":"rQaesK2tcNtSoifl3s9bcSaYx5gwsdge8SXL0qqNX9U="},"senderSigningKey":{"public":"BcobHqYvRdRJuKk4EPu7LJSmNr2IuTOolRd4XGS5+TIU"},"senderMessageKeys":[]},{"senderKeyId":975230090,"senderChainKey":{"iteration":903,"seed":"TB7BgqjPeTbJg8D6m8jurgYqrYzFlDD9iCLo35TDycE="},"senderSigningKey":{"public":"BcobHqYvRdRJuKk4EPu7LJSmNr2IuTOolRd4XGS5+TIU"},"senderMessageKeys":[]}]