[{"senderKeyId":1162688802,"senderChainKey":{"iteration":237,"seed":"myZkVbAaaEBzr7cnUAIdPc8isYX0TcBz/eIU7nHM39k="},"senderSigningKey":{"public":"BWO+ffpfb9wS6ehWckqUupFht4dtCdxe0p3AX6ZBBqpp"},"senderMessageKeys":[{},{},{},{},{},{},{},{},{},{},{},{},{},{},{},{},{},{},{},{},{},{},{},{},{},{},{}]},{"senderKeyId":1162688802,"senderChainKey":{"iteration":213,"seed":"2hoxYga0qO7YVz3+n7F67ff1X2p1MeIABGyfCtg/YIc="},"senderSigningKey":{"public":"BWO+ffpfb9wS6ehWckqUupFht4dtCdxe0p3AX6ZBBqpp"},"senderMessageKeys":[]},{"senderKeyId":1162688802,"senderChainKey":{"iteration":219,"seed":"PKUBTZ/fe78kya8TrcSlHQKHJYzwDKvztCFupBQV8G0="},"senderSigningKey":{"public":"BWO+ffpfb9wS6ehWckqUupFht4dtCdxe0p3AX6ZBBqpp"},"senderMessageKeys":[]},{"senderKeyId":1162688802,"senderChainKey":{"iteration":231,"seed":"BZPJ3yTfFNyezI4McDhFD96ZX1k0RTBt4OsPqwc5LeE="},"senderSigningKey":{"public":"BWO+ffpfb9wS6ehWckqUupFht4dtCdxe0p3AX6ZBBqpp"},"senderMessageKeys":[]},{"senderKeyId":1162688802,"senderChainKey":{"iteration":235,"seed":"vGeILEu6ol1CDYUWftH30yAawGV636g9sQQy10aQDkk="},"senderSigningKey":{"public":"BWO+ffpfb9wS6ehWckqUupFht4dtCdxe0p3AX6ZBBqpp"},"senderMessageKeys":[]}]