[{"senderKeyId":1111683629,"senderChainKey":{"iteration":11,"seed":"eb6TRVPjNu4o7QMif9ndyoGzkW1rXl6Ex/mOTXfkPoA="},"senderSigningKey":{"public":"BYETVrr8akScsxE5ZP4I+9SrGpQ6QfgAahpRVTrAsG93"},"senderMessageKeys":[]},{"senderKeyId":2070859787,"senderChainKey":{"iteration":20,"seed":"K3lgHOBAUq5FMTaR5YSfTnZOW/PbXH2p08vyIds+2sY="},"senderSigningKey":{"public":"BQBSuSVWmVcLVySSu3yS7yavp+J+D+t8aM/oY1TpXZV0"},"senderMessageKeys":[]},{"senderKeyId":2070859787,"senderChainKey":{"iteration":15,"seed":"myoWAlAAWJlihPOUYS6G/g356Ha7HeCOkkOirmkZNTA="},"senderSigningKey":{"public":"BQBSuSVWmVcLVySSu3yS7yavp+J+D+t8aM/oY1TpXZV0"},"senderMessageKeys":[]}]