{"_sessions":{"BVi/wVO8M9lAnuzRnAFy0gAXOdk716DCGUqPyQC/t+x7":{"registrationId":1253308339,"currentRatchet":{"ephemeralKeyPair":{"pubKey":"Bb0Lp9XXG47/VlSdW61NnKGKJJEuVcc7NuigWXBCn5pu","privKey":"eL6F1juBAGHrBRnC6RvGaqJmSYZw1xrRYE9bJVFsL0A="},"lastRemoteEphemeralKey":"BetJo+xprtOAoqKPBfuYsAEcV/AMxF4bUPaFyM7cb1Eh","previousCounter":0,"rootKey":"9VZN+9ZxBP9qOxx8ICcAlFLZ8J7jOSSS6nW26a/QVKs="},"indexInfo":{"baseKey":"BVi/wVO8M9lAnuzRnAFy0gAXOdk716DCGUqPyQC/t+x7","baseKeyType":1,"closed":-1,"used":1730471862754,"created":1730471862754,"remoteIdentityKey":"BS82Zr/iPEvzfxrWs30gVDKI16Mg5HRXQ1H9OHNve7Bo"},"_chains":{"Bb0Lp9XXG47/VlSdW61NnKGKJJEuVcc7NuigWXBCn5pu":{"chainKey":{"counter":0,"key":"wEs3tbybH6dA8wDK3WLmNJc4szSbktMWnKHx8qKmI6w="},"chainType":1,"messageKeys":{}}},"pendingPreKey":{"signedKeyId":38,"baseKey":"BVi/wVO8M9lAnuzRnAFy0gAXOdk716DCGUqPyQC/t+x7","preKeyId":3125542}}},"version":"v1"}