{"_sessions":{"BSc/VRqW09vsXbZmf4WP6oYL15tNTY6vUi8+E1/s0S9D":{"registrationId":245672405,"currentRatchet":{"ephemeralKeyPair":{"pubKey":"BahUlVPha1H1hmOfwq3AbAZXkOI3A8hU5NYPkJxcusU+","privKey":"IOC4NbipC6hUNE90raKPgpLXaYVlnHq93M3jLvhi/WA="},"lastRemoteEphemeralKey":"BYB6FuQ7/j3t/AVEYinPmBhiYVk9i1ZF9l68XbbdH9tp","previousCounter":0,"rootKey":"iDM4dhJ9sYSuZdc9pWd5sWZbzaHYj/zvcFjnh7jO3S8="},"indexInfo":{"baseKey":"BSc/VRqW09vsXbZmf4WP6oYL15tNTY6vUi8+E1/s0S9D","baseKeyType":1,"closed":-1,"used":1730471862572,"created":1730471862572,"remoteIdentityKey":"BXTUe3ZVtTA7Y+PV0dbF6OphrvSlRb9X1ALCXR+WJHcU"},"_chains":{"BahUlVPha1H1hmOfwq3AbAZXkOI3A8hU5NYPkJxcusU+":{"chainKey":{"counter":0,"key":"q8ZcA7Cuvl8Pjk1R6tJKwiJyTVHo9tJGkoCmDGCYx1M="},"chainType":1,"messageKeys":{}}},"pendingPreKey":{"signedKeyId":1,"baseKey":"BSc/VRqW09vsXbZmf4WP6oYL15tNTY6vUi8+E1/s0S9D","preKeyId":1622797}}},"version":"v1"}