{"_sessions":{"BUweSkCGgyQrDFoeVwb8vDS26DvF9q53gKXVD69XqaQm":{"registrationId":1810,"currentRatchet":{"ephemeralKeyPair":{"pubKey":"BTpNz7+IYgnGTtZFLWYgNrv8B4n1eTUY3SXL/7BoDUB8","privKey":"0DFt/X10iUgbq6V4y/QI+BtDOAkEkWMGHteqCJpOH3Y="},"lastRemoteEphemeralKey":"BSgIXO9Ky8iDFsLzuSdRbj4hghSEZOKLtQa/9UPEwnIS","previousCounter":0,"rootKey":"kyZV2Bmc47p2asBWH5HOOZsEetf0Mq0A6lNSDNW+GX8="},"indexInfo":{"baseKey":"BUweSkCGgyQrDFoeVwb8vDS26DvF9q53gKXVD69XqaQm","baseKeyType":1,"closed":-1,"used":1730471986148,"created":1730471986148,"remoteIdentityKey":"BS2WeJcPPIBQ/DEgskI5gmZE83zM3qYWiopdKY+N6XMC"},"_chains":{"BTpNz7+IYgnGTtZFLWYgNrv8B4n1eTUY3SXL/7BoDUB8":{"chainKey":{"counter":0,"key":"I0ERZNSp3tjlR5wowPYQPc+VcZ9K/37xItfu5C3YP70="},"chainType":1,"messageKeys":{}}},"pendingPreKey":{"signedKeyId":4,"baseKey":"BUweSkCGgyQrDFoeVwb8vDS26DvF9q53gKXVD69XqaQm","preKeyId":2547}}},"version":"v1"}