{"_sessions":{"BTbOk8EX3OQgIq1dySyev4u6DdDYTfviMZXKs1D34rNT":{"registrationId":160,"currentRatchet":{"ephemeralKeyPair":{"pubKey":"BeTAps6POHTFZV2Oz5hBu14jC0QKbB2dXCzeFVA+NI19","privKey":"wMtsIiXldCHK0hqZPT9D4Jmk4H6fqrDm4IyzUR002Uc="},"lastRemoteEphemeralKey":"BWWwKC3NbMTLDn4zK7ti5P6ny/7OjwyH1KxfLGMenfg6","previousCounter":0,"rootKey":"KObF34xCAqNE9W7Dxe0Lb6iZzepf0w5Q72KM+J+lqc8="},"indexInfo":{"baseKey":"BTbOk8EX3OQgIq1dySyev4u6DdDYTfviMZXKs1D34rNT","baseKeyType":1,"closed":-1,"used":1730472083945,"created":1730472083945,"remoteIdentityKey":"BZaa1ZwknQwtYQRqGJDeiEWLhnj1y1pnUg5GP5JEceBI"},"_chains":{"BeTAps6POHTFZV2Oz5hBu14jC0QKbB2dXCzeFVA+NI19":{"chainKey":{"counter":16,"key":"gfvyImWrYf8osD60lwKf5ys+aSq6eUzYuj5rVEJjRzk="},"chainType":1,"messageKeys":{}}},"pendingPreKey":{"signedKeyId":1,"baseKey":"BTbOk8EX3OQgIq1dySyev4u6DdDYTfviMZXKs1D34rNT"}}},"version":"v1"}