{"_sessions":{"BScewG/O2uBYEjlrBRAa6xQzRKax6DbooVknoVsuakAm":{"registrationId":828413441,"currentRatchet":{"ephemeralKeyPair":{"pubKey":"BXEEWb4kOEK7pnNP5iS/or0QJigNrKv1R0FWC34ODBch","privKey":"GHvzskAWbmgSi0lykoHjD3OqS2vj52CVEqwwHPzbRFs="},"lastRemoteEphemeralKey":"BfYxrucaBfEZignv7G+SsIpDQFa8HRKHMik9/y49pnhv","previousCounter":0,"rootKey":"JQJio8KUQieRw1e9Ltsxup54aMo2kxMNnWWmWljApoY="},"indexInfo":{"baseKey":"BScewG/O2uBYEjlrBRAa6xQzRKax6DbooVknoVsuakAm","baseKeyType":1,"closed":-1,"used":1730471862682,"created":1730471862682,"remoteIdentityKey":"Bc/pK0ohL2wGDKbPSepfJsLxxr4j9UiBAskrVdZPHm0g"},"_chains":{"BXEEWb4kOEK7pnNP5iS/or0QJigNrKv1R0FWC34ODBch":{"chainKey":{"counter":0,"key":"mITD5BW65wrCcPUFSCc2I3I7IRxW8cWqOCMgHp7DfHU="},"chainType":1,"messageKeys":{}}},"pendingPreKey":{"signedKeyId":4,"baseKey":"BScewG/O2uBYEjlrBRAa6xQzRKax6DbooVknoVsuakAm","preKeyId":1481996}}},"version":"v1"}