{"_sessions":{"BRI/03VrSI/F04wXOkILv0Af+m7Vr83p/cpaWC7//aYX":{"registrationId":1461232770,"currentRatchet":{"ephemeralKeyPair":{"pubKey":"BTpaFFYx5hv3kNZNhDJT3cSGiBz8uRxjvGdGU4JRDG1I","privKey":"eGlIljCfQT6p3WjE+xwuljUZdjWdv+1MejtmpOFXnFI="},"lastRemoteEphemeralKey":"Bcy0Su9ZSYMgwgi6xIJKIkEvmianw0EnYxtZGDsUY+Zs","previousCounter":0,"rootKey":"wVD63w8OE5QrZxUWnDhDftxcwSrP8gjMIamp/5Bf+ds="},"indexInfo":{"baseKey":"BRI/03VrSI/F04wXOkILv0Af+m7Vr83p/cpaWC7//aYX","baseKeyType":1,"closed":-1,"used":1730471862551,"created":1730471862551,"remoteIdentityKey":"BWIRiVmoYAQKVUeMwgSr5vgRO3269VtvMfR2KB3MI5B9"},"_chains":{"BTpaFFYx5hv3kNZNhDJT3cSGiBz8uRxjvGdGU4JRDG1I":{"chainKey":{"counter":0,"key":"ukUMqFZo7VYp655TtgRh40mU8DxNhBZKlIjJUQahw+8="},"chainType":1,"messageKeys":{}}},"pendingPreKey":{"signedKeyId":1,"baseKey":"BRI/03VrSI/F04wXOkILv0Af+m7Vr83p/cpaWC7//aYX"}}},"version":"v1"}