{"_sessions":{"BbanZ+DnetvS5vwdmFkboaWc6Y6J3ThkPc/VeOhAb99P":{"registrationId":43,"currentRatchet":{"ephemeralKeyPair":{"pubKey":"BSnwDSFfd2GIokx31Sn+Bmz5zWXsJQdN+nl9l/QCGgwX","privKey":"sKScLIjd5pu1dH6taRdtI+CEtCNhE/UQx2GNXGBk2UI="},"lastRemoteEphemeralKey":"BYWU1QJW/zkGAgqI0g8xJ9ndWqMSaOyNW5ducvDr5OoK","previousCounter":0,"rootKey":"KLMiP3xfuSAKT4xGelfbSbW+vmepB9SaNnwhonp5yVU="},"indexInfo":{"baseKey":"BbanZ+DnetvS5vwdmFkboaWc6Y6J3ThkPc/VeOhAb99P","baseKeyType":1,"closed":-1,"used":1730472083884,"created":1730472083884,"remoteIdentityKey":"BR2+x0k81KQTVkSEXFoTVAVaFderYXmqP5BYHC3uF2YX"},"_chains":{"BSnwDSFfd2GIokx31Sn+Bmz5zWXsJQdN+nl9l/QCGgwX":{"chainKey":{"counter":16,"key":"08HEKQRu4M3M59RJ+tUALu3yUz6eb8L2jz6s0k3Y5q0="},"chainType":1,"messageKeys":{}}},"pendingPreKey":{"signedKeyId":1,"baseKey":"BbanZ+DnetvS5vwdmFkboaWc6Y6J3ThkPc/VeOhAb99P"}}},"version":"v1"}