{"_sessions":{"BePdTcTBZxIVv4anvtlwDMhth4xMckvn6OIsYa7FDn9y":{"registrationId":1110242972,"currentRatchet":{"ephemeralKeyPair":{"pubKey":"BY7pTB9MgVHDYsV/xFbyYTGDNWBvgfT7o9AqJ7kRLIIZ","privKey":"EIeMaBXNIu/3ZfRJqzzJxc//uf677bZQ2TgQyDeOClQ="},"lastRemoteEphemeralKey":"BTqT6AlOVCE7OJj7YOMn9Ss8ZVbGn1ZWGGDg8laWt25T","previousCounter":0,"rootKey":"ZVMetyDZyPEMOgwca9R+8mp+8muxz4Pl0QFKJyyyGOs="},"indexInfo":{"baseKey":"BePdTcTBZxIVv4anvtlwDMhth4xMckvn6OIsYa7FDn9y","baseKeyType":1,"closed":-1,"used":1730472084013,"created":1730472084013,"remoteIdentityKey":"BSa9muqrFFmGOYRaxaD0V+6hEDI9JXxq6b8usJ84WRFK"},"_chains":{"BY7pTB9MgVHDYsV/xFbyYTGDNWBvgfT7o9AqJ7kRLIIZ":{"chainKey":{"counter":16,"key":"Mu5V7WgBKp3GK8T5btoO7UUvujag3JDQOTPeQSlci9U="},"chainType":1,"messageKeys":{}}},"pendingPreKey":{"signedKeyId":2,"baseKey":"BePdTcTBZxIVv4anvtlwDMhth4xMckvn6OIsYa7FDn9y","preKeyId":14005638}}},"version":"v1"}