{"_sessions":{"BbR33r+2f9U6a1PHVOGFBz9JiCr5/WUa6qGG9rG8psER":{"registrationId":1205554956,"currentRatchet":{"ephemeralKeyPair":{"pubKey":"BdUo6i1r8xbV+2iFm6Vw3l8GbmkCvrPrYN/BfE64/fAy","privKey":"AAD9ri8xacqlU/f+l9vzZyEk7qxUbiP/fv5guyea324="},"lastRemoteEphemeralKey":"BY8n+hekTR9pY4FLfElueVisW95jHoLg16zTTQeDXJ09","previousCounter":0,"rootKey":"QJFHxDqS4e0V/KfqVi4ifQG9SqGU9VAXoqMEDZ4UaTw="},"indexInfo":{"baseKey":"BbR33r+2f9U6a1PHVOGFBz9JiCr5/WUa6qGG9rG8psER","baseKeyType":1,"closed":-1,"used":1730472083983,"created":1730472083983,"remoteIdentityKey":"BUngDRx+vlVyRAZqt6xC8TAGcOGTFG+KdtayTPEYmfU+"},"_chains":{"BdUo6i1r8xbV+2iFm6Vw3l8GbmkCvrPrYN/BfE64/fAy":{"chainKey":{"counter":16,"key":"q8yUnkLXMWbXhVIGy0/1ZiWx4a5NV4ex4H5N8t+LuBc="},"chainType":1,"messageKeys":{}}},"pendingPreKey":{"signedKeyId":0,"baseKey":"BbR33r+2f9U6a1PHVOGFBz9JiCr5/WUa6qGG9rG8psER","preKeyId":6355984}}},"version":"v1"}