{"_sessions":{"BbgZiAbR4dUtLL6v8zOj5bIYxVewhB7YxUnAkg8WDGgK":{"registrationId":361970193,"currentRatchet":{"ephemeralKeyPair":{"pubKey":"BcCdVYHyjVooOdw/HjCe3Ed6I0EOGwfppC8LAuefKtQ5","privKey":"8D1AuEv7uDWGSpO/mq8KDTZwnBxluO8H5paZYTxKqVo="},"lastRemoteEphemeralKey":"BXdXLWyH14v78dnMI6UWsLkETWWY/7tL12l4riyVNrRn","previousCounter":0,"rootKey":"Kbbi+4BS3djnj6rxVSXnToR2DFR5jQhbXyP4XdsUv18="},"indexInfo":{"baseKey":"BbgZiAbR4dUtLL6v8zOj5bIYxVewhB7YxUnAkg8WDGgK","baseKeyType":1,"closed":-1,"used":1730471862720,"created":1730471862720,"remoteIdentityKey":"BY1v0LoPquvC5Sg1ekBZJZ8gfcoRDjFcPowY61AoNoES"},"_chains":{"BcCdVYHyjVooOdw/HjCe3Ed6I0EOGwfppC8LAuefKtQ5":{"chainKey":{"counter":0,"key":"pzNj2wJox04ODIDtXL+nLTo5uqiPOdZ+DcBSghG2o5I="},"chainType":1,"messageKeys":{}}},"pendingPreKey":{"signedKeyId":15,"baseKey":"BbgZiAbR4dUtLL6v8zOj5bIYxVewhB7YxUnAkg8WDGgK","preKeyId":10753874}}},"version":"v1"}