{"_sessions":{"Bao8YwC+bkvOUIjrbX8FVeMl24nNGpJECQQFlfU51+Aj":{"registrationId":63813858,"currentRatchet":{"ephemeralKeyPair":{"pubKey":"BfJs+vfo6SERJ+eYs16zMX3W2K7oyBlsKh9BjmL8sC12","privKey":"UDofsUZFLat0/e/CV5GHy+Mmkw6CBneggeKNEb8B+Xc="},"lastRemoteEphemeralKey":"BRGW2NG+so+u/ypitr2PUa2lDOyNGoAe3kFC+0IiHZRe","previousCounter":0,"rootKey":"kxq+Im3AH+X5+58pCO/HOihr5a1HrLBOIHJMgq299a8="},"indexInfo":{"baseKey":"Bao8YwC+bkvOUIjrbX8FVeMl24nNGpJECQQFlfU51+Aj","baseKeyType":1,"closed":-1,"used":1730472084843,"created":1730472084843,"remoteIdentityKey":"BdDvjCrcSILjKE/ti6anOX9GymSHhszlrjI9kBPnddAE"},"_chains":{"BfJs+vfo6SERJ+eYs16zMX3W2K7oyBlsKh9BjmL8sC12":{"chainKey":{"counter":16,"key":"esw2rV9rChokA6+EKIdnaquqWXFpIpIu4w/JgHRsb/8="},"chainType":1,"messageKeys":{}}},"pendingPreKey":{"signedKeyId":1,"baseKey":"Bao8YwC+bkvOUIjrbX8FVeMl24nNGpJECQQFlfU51+Aj","preKeyId":10052159}}},"version":"v1"}