{"_sessions":{"BZyjCzhaVnBuqsvnIN2o8sNNeIWz6fWpOZiqykWJ7rgD":{"registrationId":126,"currentRatchet":{"ephemeralKeyPair":{"pubKey":"BRcRT9NpHka0YMFgWkRH8Iyud4458JqoLew4t/EOJlcE","privKey":"KJTERSHISnZNaIM2LA9LIo69OXSsslpZi/2yBQsvFXM="},"lastRemoteEphemeralKey":"Be6E7S/7ve/ltlgKjzIVeFpRFQ9LzaSwq/Q4prFNBrJ/","previousCounter":0,"rootKey":"UQMJrW5y5xjRKIYJJzzpNF3/9IUFlaNv/xPNOXfDK5U="},"indexInfo":{"baseKey":"BZyjCzhaVnBuqsvnIN2o8sNNeIWz6fWpOZiqykWJ7rgD","baseKeyType":1,"closed":1730474019571,"used":1730474019214,"created":1730474019214,"remoteIdentityKey":"BffaxGegbbS8yR1FvoSRmeaJ0M8vwS/fgCZVmB6dKeJo"},"_chains":{"BRcRT9NpHka0YMFgWkRH8Iyud4458JqoLew4t/EOJlcE":{"chainKey":{"counter":-1,"key":"KCuY0yhSeE6lWkiW1kDE4taGk4r2NdJyi/uYhxDYFys="},"chainType":1,"messageKeys":{}}},"pendingPreKey":{"signedKeyId":1,"baseKey":"BZyjCzhaVnBuqsvnIN2o8sNNeIWz6fWpOZiqykWJ7rgD"}},"BfxuNp8L8Qw169DRhwra8q1NDRnRHBm0HWtrcUiPT9op":{"registrationId":126,"currentRatchet":{"ephemeralKeyPair":{"pubKey":"BZVvsL305mL0sGvEorjqgSLs8PlUICbceFEy5Se29RJx","privKey":"yFKfwyGoGlp9bPz9hLazx0J8LpUKDOIWTUKKodtuikg="},"lastRemoteEphemeralKey":"Be6E7S/7ve/ltlgKjzIVeFpRFQ9LzaSwq/Q4prFNBrJ/","previousCounter":0,"rootKey":"h2Ejlq3bLuL3HHlYrFK/YZVHqBq0fuMkzSiFZuXkHGc="},"indexInfo":{"baseKey":"BfxuNp8L8Qw169DRhwra8q1NDRnRHBm0HWtrcUiPT9op","baseKeyType":1,"closed":1730474067476,"used":1730474019561,"created":1730474019561,"remoteIdentityKey":"BffaxGegbbS8yR1FvoSRmeaJ0M8vwS/fgCZVmB6dKeJo"},"_chains":{"BZVvsL305mL0sGvEorjqgSLs8PlUICbceFEy5Se29RJx":{"chainKey":{"counter":0,"key":"DAuSAyGx2uEwyI3V46HDi0tQ8soWMQuT9JKGfOX0QMY="},"chainType":1,"messageKeys":{}}},"pendingPreKey":{"signedKeyId":1,"baseKey":"BfxuNp8L8Qw169DRhwra8q1NDRnRHBm0HWtrcUiPT9op"}},"Bcs/lwFiu0oZdmrw6ZmBeItjrPhBmssDgGVMplBZqMd9":{"registrationId":126,"currentRatchet":{"ephemeralKeyPair":{"pubKey":"BTLrg/J49pzgCkwweBIzPWsck1hLTM4VY7SUIMvPbkNz","privKey":"YHoNyVNiJJtH4K5la69q7hWkPLYG993va2TDmnObU3Q="},"lastRemoteEphemeralKey":"Be6E7S/7ve/ltlgKjzIVeFpRFQ9LzaSwq/Q4prFNBrJ/","previousCounter":0,"rootKey":"+zxZv8vH9560wfOCYXPZYGQr5QslKNZ55upf5odsAWg="},"indexInfo":{"baseKey":"Bcs/lwFiu0oZdmrw6ZmBeItjrPhBmssDgGVMplBZqMd9","baseKeyType":1,"closed":1730474067924,"used":1730474067472,"created":1730474067472,"remoteIdentityKey":"BffaxGegbbS8yR1FvoSRmeaJ0M8vwS/fgCZVmB6dKeJo"},"_chains":{"BTLrg/J49pzgCkwweBIzPWsck1hLTM4VY7SUIMvPbkNz":{"chainKey":{"counter":-1,"key":"+n+hpfbdRMKyTdsugFqe2vwWY+eCelM3caGeLHClgkw="},"chainType":1,"messageKeys":{}}},"pendingPreKey":{"signedKeyId":1,"baseKey":"Bcs/lwFiu0oZdmrw6ZmBeItjrPhBmssDgGVMplBZqMd9"}},"BQ5ynfS2/g5ky7IfH9QizYnTCBrq29sPZzM1c9ES0MhX":{"registrationId":126,"currentRatchet":{"ephemeralKeyPair":{"pubKey":"BXZVrdI1tMmskV+doHPkbYke9mVY1PLqYbtMyEWz3z0y","privKey":"uP9ZD4XdJNhy+l7T8MEqnYTKTdqs1/6KWxq48R8J9U8="},"lastRemoteEphemeralKey":"Be6E7S/7ve/ltlgKjzIVeFpRFQ9LzaSwq/Q4prFNBrJ/","previousCounter":0,"rootKey":"0YqSPSJBQfk9n1sZjB1nDrZaXIcX0scXdG8+A9wByYs="},"indexInfo":{"baseKey":"BQ5ynfS2/g5ky7IfH9QizYnTCBrq29sPZzM1c9ES0MhX","baseKeyType":1,"closed":1730474068421,"used":1730474067921,"created":1730474067921,"remoteIdentityKey":"BffaxGegbbS8yR1FvoSRmeaJ0M8vwS/fgCZVmB6dKeJo"},"_chains":{"BXZVrdI1tMmskV+doHPkbYke9mVY1PLqYbtMyEWz3z0y":{"chainKey":{"counter":-1,"key":"TXmQi9HPkqjSO43sgoc5jH3FXDVWZhrUPLpsy0QF9mo="},"chainType":1,"messageKeys":{}}},"pendingPreKey":{"signedKeyId":1,"baseKey":"BQ5ynfS2/g5ky7IfH9QizYnTCBrq29sPZzM1c9ES0MhX"}},"BWs4m6MvFipR8HDA087xJvnwe4oCs+DnLjMVwMYLWo4j":{"registrationId":126,"currentRatchet":{"ephemeralKeyPair":{"pubKey":"BYC42vJf+lxkHN42iJkV8P/cuGpmFrllO0hfeOgLBp8E","privKey":"qC/jq6nTSblr4Vvcc7rbb0g481aZ+rRHByZh82fW5Gs="},"lastRemoteEphemeralKey":"Be6E7S/7ve/ltlgKjzIVeFpRFQ9LzaSwq/Q4prFNBrJ/","previousCounter":0,"rootKey":"bP1ENBhvWl4Y0083tC0an6HOBw/FZpA/j1Yex9CyE30="},"indexInfo":{"baseKey":"BWs4m6MvFipR8HDA087xJvnwe4oCs+DnLjMVwMYLWo4j","baseKeyType":1,"closed":1730474068972,"used":1730474068407,"created":1730474068407,"remoteIdentityKey":"BffaxGegbbS8yR1FvoSRmeaJ0M8vwS/fgCZVmB6dKeJo"},"_chains":{"BYC42vJf+lxkHN42iJkV8P/cuGpmFrllO0hfeOgLBp8E":{"chainKey":{"counter":-1,"key":"S+HGPG+GB8LwGeSel3h3RWQRcgIsJJBz/YUKdEEbnGc="},"chainType":1,"messageKeys":{}}},"pendingPreKey":{"signedKeyId":1,"baseKey":"BWs4m6MvFipR8HDA087xJvnwe4oCs+DnLjMVwMYLWo4j"}},"BU2UXdV0EhXtKTO3vXMMnhnAewAVYTWhaij/BsYgoFkc":{"registrationId":126,"currentRatchet":{"ephemeralKeyPair":{"pubKey":"BRss53Tu4Kr6hAxnkkDTqhgnl71zyhQlhCgpFA2gifEa","privKey":"uLQX8IKHgUsmbx+3vyk1ox+o6nRl8XmdTylYsykbs0c="},"lastRemoteEphemeralKey":"Be6E7S/7ve/ltlgKjzIVeFpRFQ9LzaSwq/Q4prFNBrJ/","previousCounter":0,"rootKey":"BUZDczmeZDTgpjLNfOy1ik8qRAqMqxOKr8Pql4k1qoE="},"indexInfo":{"baseKey":"BU2UXdV0EhXtKTO3vXMMnhnAewAVYTWhaij/BsYgoFkc","baseKeyType":1,"closed":1730474069423,"used":1730474068966,"created":1730474068966,"remoteIdentityKey":"BffaxGegbbS8yR1FvoSRmeaJ0M8vwS/fgCZVmB6dKeJo"},"_chains":{"BRss53Tu4Kr6hAxnkkDTqhgnl71zyhQlhCgpFA2gifEa":{"chainKey":{"counter":-1,"key":"qsBvcbZYR/X32s8Al3uB9ER31TKZjlq+oMW1BAZe64E="},"chainType":1,"messageKeys":{}}},"pendingPreKey":{"signedKeyId":1,"baseKey":"BU2UXdV0EhXtKTO3vXMMnhnAewAVYTWhaij/BsYgoFkc"}},"BbfhosWYZ/wDwX/ZpW0UJd4YHsH/Kkk0Z3RE8BisuRg5":{"registrationId":126,"currentRatchet":{"ephemeralKeyPair":{"pubKey":"BexHiB2uqrljO2UVVVpY4oQW6cG0/1wKXZx40DeTlM16","privKey":"QONWZG3N3NWHUtX3KXHh+4jAQTFuFGm2u6ToiPXmqW8="},"lastRemoteEphemeralKey":"Be6E7S/7ve/ltlgKjzIVeFpRFQ9LzaSwq/Q4prFNBrJ/","previousCounter":0,"rootKey":"PDnhmDUg+2f20jHecgn9oyOpIjdy0pX8ttMtnSKGMJU="},"indexInfo":{"baseKey":"BbfhosWYZ/wDwX/ZpW0UJd4YHsH/Kkk0Z3RE8BisuRg5","baseKeyType":1,"closed":1730474137993,"used":1730474069420,"created":1730474069420,"remoteIdentityKey":"BffaxGegbbS8yR1FvoSRmeaJ0M8vwS/fgCZVmB6dKeJo"},"_chains":{"BexHiB2uqrljO2UVVVpY4oQW6cG0/1wKXZx40DeTlM16":{"chainKey":{"counter":0,"key":"4SG4SCTN6aarxnRIpmpjw9QaksEOu7AbcN7NAmEtvWc="},"chainType":1,"messageKeys":{}}},"pendingPreKey":{"signedKeyId":1,"baseKey":"BbfhosWYZ/wDwX/ZpW0UJd4YHsH/Kkk0Z3RE8BisuRg5"}},"BX5Y3ZXqh3AfQ3nSzbqN12RM/xiu03aYQG7gr7RBZk9q":{"registrationId":126,"currentRatchet":{"ephemeralKeyPair":{"pubKey":"BS/ejNF/PiCRlhC71uz+ofdYPzMyC07GWksDJUQRLZZR","privKey":"ANX+wKfO3511lBQyjZoNh7PiITaH4xe7+5uW/UhFSXA="},"lastRemoteEphemeralKey":"Be6E7S/7ve/ltlgKjzIVeFpRFQ9LzaSwq/Q4prFNBrJ/","previousCounter":0,"rootKey":"bd5WDDSLAQvMHBrtRrCkPAJ+Ks4Jr5d6NRWmXDUVeNA="},"indexInfo":{"baseKey":"BX5Y3ZXqh3AfQ3nSzbqN12RM/xiu03aYQG7gr7RBZk9q","baseKeyType":1,"closed":1730474138603,"used":1730474137990,"created":1730474137990,"remoteIdentityKey":"BffaxGegbbS8yR1FvoSRmeaJ0M8vwS/fgCZVmB6dKeJo"},"_chains":{"BS/ejNF/PiCRlhC71uz+ofdYPzMyC07GWksDJUQRLZZR":{"chainKey":{"counter":-1,"key":"Jigr5HnlQ1rWrTHx6kxF+MnK7SCafoQfQB+mqQdF/vo="},"chainType":1,"messageKeys":{}}},"pendingPreKey":{"signedKeyId":1,"baseKey":"BX5Y3ZXqh3AfQ3nSzbqN12RM/xiu03aYQG7gr7RBZk9q"}},"BX1LkxfkMIQKMgi1zRxxLY+hW0JUuQwvR6ILF4+gmT1I":{"registrationId":126,"currentRatchet":{"ephemeralKeyPair":{"pubKey":"BTaRDGSXAT35Wle3zuaFmnK+NUR9u2nJkuxKiYFzB7pH","privKey":"oPLfBXUDBGHniBfRN7+i63T9a2H6oQZyPlhBz4Nnj1Y="},"lastRemoteEphemeralKey":"Be6E7S/7ve/ltlgKjzIVeFpRFQ9LzaSwq/Q4prFNBrJ/","previousCounter":0,"rootKey":"RzBfksQdmBpXrqb+CCZYZRL9ZhC9qhqEVrB1XnHcCyo="},"indexInfo":{"baseKey":"BX1LkxfkMIQKMgi1zRxxLY+hW0JUuQwvR6ILF4+gmT1I","baseKeyType":1,"closed":1730474139031,"used":1730474138598,"created":1730474138598,"remoteIdentityKey":"BffaxGegbbS8yR1FvoSRmeaJ0M8vwS/fgCZVmB6dKeJo"},"_chains":{"BTaRDGSXAT35Wle3zuaFmnK+NUR9u2nJkuxKiYFzB7pH":{"chainKey":{"counter":-1,"key":"OZHnWCPyCJJTUgxT881+tKly7Fpr6I6IQ/O5PGA4hPc="},"chainType":1,"messageKeys":{}}},"pendingPreKey":{"signedKeyId":1,"baseKey":"BX1LkxfkMIQKMgi1zRxxLY+hW0JUuQwvR6ILF4+gmT1I"}},"BWUSTkfMcCzKGMRlDgtyT7tbghNEOTe76ZMx1gF6U/ZO":{"registrationId":126,"currentRatchet":{"ephemeralKeyPair":{"pubKey":"BZ6dP+yx2J4W6AH8OceyneQsD3FWz0T600rKuO81EoNU","privKey":"6H57lKUCZE6ywniSnKWqpqzqizzcq3rxZpBY3jboxmE="},"lastRemoteEphemeralKey":"Be6E7S/7ve/ltlgKjzIVeFpRFQ9LzaSwq/Q4prFNBrJ/","previousCounter":0,"rootKey":"8bnBKyRr1N7iTFGoCJfNOHzvqYy2+ayfnzD1UgqVQhA="},"indexInfo":{"baseKey":"BWUSTkfMcCzKGMRlDgtyT7tbghNEOTe76ZMx1gF6U/ZO","baseKeyType":1,"closed":1730474139466,"used":1730474138996,"created":1730474138996,"remoteIdentityKey":"BffaxGegbbS8yR1FvoSRmeaJ0M8vwS/fgCZVmB6dKeJo"},"_chains":{"BZ6dP+yx2J4W6AH8OceyneQsD3FWz0T600rKuO81EoNU":{"chainKey":{"counter":-1,"key":"heTaVsR1DBjgVCGhTeR0JcdsZh7eVuolyBzEOL9memY="},"chainType":1,"messageKeys":{}}},"pendingPreKey":{"signedKeyId":1,"baseKey":"BWUSTkfMcCzKGMRlDgtyT7tbghNEOTe76ZMx1gF6U/ZO"}},"BSTI+35eID6MLyYwjF7uEEaOKPuW47WTyp0gtEA632UO":{"registrationId":126,"currentRatchet":{"ephemeralKeyPair":{"pubKey":"BbRJkFKLftH8Cf6x1mxquX5zW8Gn2ZDRgB3NcHCCX7Mf","privKey":"cK9gjvb0SWZgmsAszMMjI5W5CVJu9IDC/p+DuwGHzGo="},"lastRemoteEphemeralKey":"Be6E7S/7ve/ltlgKjzIVeFpRFQ9LzaSwq/Q4prFNBrJ/","previousCounter":0,"rootKey":"njxNs1sVqc3v1nRvQgR9N2jyd9oYCDqSdhRJKrJgj9I="},"indexInfo":{"baseKey":"BSTI+35eID6MLyYwjF7uEEaOKPuW47WTyp0gtEA632UO","baseKeyType":1,"closed":1730474140115,"used":1730474139462,"created":1730474139462,"remoteIdentityKey":"BffaxGegbbS8yR1FvoSRmeaJ0M8vwS/fgCZVmB6dKeJo"},"_chains":{"BbRJkFKLftH8Cf6x1mxquX5zW8Gn2ZDRgB3NcHCCX7Mf":{"chainKey":{"counter":-1,"key":"HyG1N8XKAWtkGJrEghbIH6RUMSBz0tNmHWGXzq8wVVw="},"chainType":1,"messageKeys":{}}},"pendingPreKey":{"signedKeyId":1,"baseKey":"BSTI+35eID6MLyYwjF7uEEaOKPuW47WTyp0gtEA632UO"}},"BVq04NURQtstVIhdHG4kYOp7s7K/kSbfjciwX1/aUOFM":{"registrationId":126,"currentRatchet":{"ephemeralKeyPair":{"pubKey":"BZGBvUX7qJUgpr+UMSLLio0eWO7yZHZcJD2ZUFIsXw1E","privKey":"qNRA+p68R8K1T5xvRodW1Ouym5WYk6/HCemwpaHvm2c="},"lastRemoteEphemeralKey":"Be6E7S/7ve/ltlgKjzIVeFpRFQ9LzaSwq/Q4prFNBrJ/","previousCounter":0,"rootKey":"nuelnyQlIQAwt42RZilw7x+EmeJGZHrpFx/+T3ygc4A="},"indexInfo":{"baseKey":"BVq04NURQtstVIhdHG4kYOp7s7K/kSbfjciwX1/aUOFM","baseKeyType":1,"closed":1730474626320,"used":1730474140111,"created":1730474140111,"remoteIdentityKey":"BffaxGegbbS8yR1FvoSRmeaJ0M8vwS/fgCZVmB6dKeJo"},"_chains":{"BZGBvUX7qJUgpr+UMSLLio0eWO7yZHZcJD2ZUFIsXw1E":{"chainKey":{"counter":0,"key":"6EigETs3RtMMP0Xdk88v0sMDmszzOXFjJrvhzlU2zh8="},"chainType":1,"messageKeys":{}}},"pendingPreKey":{"signedKeyId":1,"baseKey":"BVq04NURQtstVIhdHG4kYOp7s7K/kSbfjciwX1/aUOFM"}},"BVGq8lxrD9lT/LaAaWJV0PPQndOBnmFTDh9C+5Xce28q":{"registrationId":126,"currentRatchet":{"ephemeralKeyPair":{"pubKey":"BdwrGGSp8zaX7CajxNWCJosatklbfO3GMa9jQ9jIV1tD","privKey":"CFA0UPWiUag4JDoDDPP3Xjm4p+mzeHcYX406vjm+pHw="},"lastRemoteEphemeralKey":"Be6E7S/7ve/ltlgKjzIVeFpRFQ9LzaSwq/Q4prFNBrJ/","previousCounter":0,"rootKey":"08txUeEIB51d7jFRY6cUY3WsQhuPzflWl5YzRwHDiK4="},"indexInfo":{"baseKey":"BVGq8lxrD9lT/LaAaWJV0PPQndOBnmFTDh9C+5Xce28q","baseKeyType":1,"closed":1730474626792,"used":1730474626313,"created":1730474626313,"remoteIdentityKey":"BffaxGegbbS8yR1FvoSRmeaJ0M8vwS/fgCZVmB6dKeJo"},"_chains":{"BdwrGGSp8zaX7CajxNWCJosatklbfO3GMa9jQ9jIV1tD":{"chainKey":{"counter":-1,"key":"F1+STRXjQwWPqKt4s4xdkNSBTtZdIcwyFwXMXl3EFsQ="},"chainType":1,"messageKeys":{}}},"pendingPreKey":{"signedKeyId":1,"baseKey":"BVGq8lxrD9lT/LaAaWJV0PPQndOBnmFTDh9C+5Xce28q","preKeyId":7021}},"BWOd3sWanN/LdVekl7hqXtEsqlQwEL4l/tIv4SPEwF52":{"registrationId":126,"currentRatchet":{"ephemeralKeyPair":{"pubKey":"BUn1GJL7+O54a3GwlD3Y5IGnpeRgGheYNf5BRegwXa0F","privKey":"2EqodlmaB1NoNcioFj7suHwqgvkd0+uphROciPPKT34="},"lastRemoteEphemeralKey":"Be6E7S/7ve/ltlgKjzIVeFpRFQ9LzaSwq/Q4prFNBrJ/","previousCounter":0,"rootKey":"5V+wtqHTs6MlwFBoaZ2fUgPkRPjZF/E6PcSfff/wPIs="},"indexInfo":{"baseKey":"BWOd3sWanN/LdVekl7hqXtEsqlQwEL4l/tIv4SPEwF52","baseKeyType":1,"closed":1730474627886,"used":1730474626776,"created":1730474626776,"remoteIdentityKey":"BffaxGegbbS8yR1FvoSRmeaJ0M8vwS/fgCZVmB6dKeJo"},"_chains":{"BUn1GJL7+O54a3GwlD3Y5IGnpeRgGheYNf5BRegwXa0F":{"chainKey":{"counter":-1,"key":"WmkCdpst3dXslCg753xh9Pyjf104mJl4ott9FZzRQck="},"chainType":1,"messageKeys":{}}},"pendingPreKey":{"signedKeyId":1,"baseKey":"BWOd3sWanN/LdVekl7hqXtEsqlQwEL4l/tIv4SPEwF52","preKeyId":7012}},"BZGsmGIjggWrEzufdfSgHMvdMkslopXpl/B37tp1VXtQ":{"registrationId":126,"currentRatchet":{"ephemeralKeyPair":{"pubKey":"BXrn1CcKI1rqGPy6Xx2iTZa/9Izp8vi7uig8NpLaV2RB","privKey":"aIWb+YBF0kCvoIkBR2qkLQpOglldWpKtbDOjmhbARmU="},"lastRemoteEphemeralKey":"Be6E7S/7ve/ltlgKjzIVeFpRFQ9LzaSwq/Q4prFNBrJ/","previousCounter":0,"rootKey":"rGSrN1i6rZDPxGUwSGMNOX2CoD3OCRT34gTOGUcEmZo="},"indexInfo":{"baseKey":"BZGsmGIjggWrEzufdfSgHMvdMkslopXpl/B37tp1VXtQ","baseKeyType":1,"closed":1730474628504,"used":1730474627510,"created":1730474627510,"remoteIdentityKey":"BffaxGegbbS8yR1FvoSRmeaJ0M8vwS/fgCZVmB6dKeJo"},"_chains":{"BXrn1CcKI1rqGPy6Xx2iTZa/9Izp8vi7uig8NpLaV2RB":{"chainKey":{"counter":-1,"key":"JUIEuV++UNpySmQNI8ZBhsJ+0twA/qrabiQpguMH82Y="},"chainType":1,"messageKeys":{}}},"pendingPreKey":{"signedKeyId":1,"baseKey":"BZGsmGIjggWrEzufdfSgHMvdMkslopXpl/B37tp1VXtQ","preKeyId":7015}},"BSQJourMgEefX2Raq2C8l3xEb40HnkPyVGw3UHR1m2EY":{"registrationId":126,"currentRatchet":{"ephemeralKeyPair":{"pubKey":"BS4I5rMLdHI/2cgftYstIShFoDyyHK8tuy5cX7bRtZBy","privKey":"uPz6siA8I2s+MXP6vhEQePs1bpb4s/omZJJkeCwROk8="},"lastRemoteEphemeralKey":"Be6E7S/7ve/ltlgKjzIVeFpRFQ9LzaSwq/Q4prFNBrJ/","previousCounter":0,"rootKey":"iYuplQ78Vl8VuVus+OBkMXwDjOCtTg2sZUFZ4mlb3NM="},"indexInfo":{"baseKey":"BSQJourMgEefX2Raq2C8l3xEb40HnkPyVGw3UHR1m2EY","baseKeyType":1,"closed":1730474629203,"used":1730474628495,"created":1730474628495,"remoteIdentityKey":"BffaxGegbbS8yR1FvoSRmeaJ0M8vwS/fgCZVmB6dKeJo"},"_chains":{"BS4I5rMLdHI/2cgftYstIShFoDyyHK8tuy5cX7bRtZBy":{"chainKey":{"counter":-1,"key":"NV6neHwMizvHpg4QAJzu+zvIwX8wiKdmY3ZJ/4TO9xE="},"chainType":1,"messageKeys":{}}},"pendingPreKey":{"signedKeyId":1,"baseKey":"BSQJourMgEefX2Raq2C8l3xEb40HnkPyVGw3UHR1m2EY","preKeyId":7026}},"BYAtghsoZZjaKxfRn/eHz+EHZ8K8VXeNC7UA8BXixzpB":{"registrationId":126,"currentRatchet":{"ephemeralKeyPair":{"pubKey":"BZ7iuTCmhym1QHJ55rJYLN0ZiCmMwl9ZaTT73VigfFkh","privKey":"qLDZm4jLku0Pl9JFpyBPWEeYq1IPYdGubeq2oS5910Q="},"lastRemoteEphemeralKey":"Be6E7S/7ve/ltlgKjzIVeFpRFQ9LzaSwq/Q4prFNBrJ/","previousCounter":0,"rootKey":"5nks7YCOIxDwutmUbqZfC/y+BNaudY2Zzo+sGxu7nIQ="},"indexInfo":{"baseKey":"BYAtghsoZZjaKxfRn/eHz+EHZ8K8VXeNC7UA8BXixzpB","baseKeyType":1,"closed":1730474631775,"used":1730474629197,"created":1730474629197,"remoteIdentityKey":"BffaxGegbbS8yR1FvoSRmeaJ0M8vwS/fgCZVmB6dKeJo"},"_chains":{"BZ7iuTCmhym1QHJ55rJYLN0ZiCmMwl9ZaTT73VigfFkh":{"chainKey":{"counter":0,"key":"LRXkjUxAH8ufbNj3bEzhR8i/sCiMPxrdR0B8jjdL/rk="},"chainType":1,"messageKeys":{}}},"pendingPreKey":{"signedKeyId":1,"baseKey":"BYAtghsoZZjaKxfRn/eHz+EHZ8K8VXeNC7UA8BXixzpB","preKeyId":7008}},"BWuxeWAHfiKpQ+sNfKFJ1i1hnWk7WK/VvNVTYEBAoqwX":{"registrationId":126,"currentRatchet":{"ephemeralKeyPair":{"pubKey":"Bb4olGNUZinwrTWQ8zYcv7tKJe/i3jg798dqlakrO2NX","privKey":"2GUQMCh2OGi2I8NXH/BWH48ggMTJ412BNbXQ8lPPX18="},"lastRemoteEphemeralKey":"Be6E7S/7ve/ltlgKjzIVeFpRFQ9LzaSwq/Q4prFNBrJ/","previousCounter":0,"rootKey":"cut0X23sACiklOoyaweb2cRjKgDQrItA2F4UAp8ZKU0="},"indexInfo":{"baseKey":"BWuxeWAHfiKpQ+sNfKFJ1i1hnWk7WK/VvNVTYEBAoqwX","baseKeyType":1,"closed":1730474632128,"used":1730474631748,"created":1730474631748,"remoteIdentityKey":"BffaxGegbbS8yR1FvoSRmeaJ0M8vwS/fgCZVmB6dKeJo"},"_chains":{"Bb4olGNUZinwrTWQ8zYcv7tKJe/i3jg798dqlakrO2NX":{"chainKey":{"counter":-1,"key":"RopFiVCE9yZK0m5k7KBCuimdjhGpqM+ba0lm0Q08Tu0="},"chainType":1,"messageKeys":{}}},"pendingPreKey":{"signedKeyId":1,"baseKey":"BWuxeWAHfiKpQ+sNfKFJ1i1hnWk7WK/VvNVTYEBAoqwX","preKeyId":7020}},"BTsPeYu5u9g/V9O7+biAtv7Az7v3g4KxoFGb3hC9hQMv":{"registrationId":126,"currentRatchet":{"ephemeralKeyPair":{"pubKey":"BXUlIk8rENGXEiU4OzJ7L9BPiEBQDTYnaMuUhQFohYFC","privKey":"uG0PQXoAcwwmTMly/rUB/amxo36UiR2pN1d0lVO40E8="},"lastRemoteEphemeralKey":"Be6E7S/7ve/ltlgKjzIVeFpRFQ9LzaSwq/Q4prFNBrJ/","previousCounter":0,"rootKey":"/qnvcZpCmnZVsEzG4ok8noBVx/04Y1OVIu9bosby6js="},"indexInfo":{"baseKey":"BTsPeYu5u9g/V9O7+biAtv7Az7v3g4KxoFGb3hC9hQMv","baseKeyType":1,"closed":1730474632781,"used":1730474632090,"created":1730474632090,"remoteIdentityKey":"BffaxGegbbS8yR1FvoSRmeaJ0M8vwS/fgCZVmB6dKeJo"},"_chains":{"BXUlIk8rENGXEiU4OzJ7L9BPiEBQDTYnaMuUhQFohYFC":{"chainKey":{"counter":-1,"key":"ljRmAQPYVbg8GZ2HNqjo5Hcno0GjVjeVN2q7BTAmcmU="},"chainType":1,"messageKeys":{}}},"pendingPreKey":{"signedKeyId":1,"baseKey":"BTsPeYu5u9g/V9O7+biAtv7Az7v3g4KxoFGb3hC9hQMv","preKeyId":7030}},"BRrGf2r0zW2XujCMnOZXC4wjDAF9vMOVaxSY0inWDhN9":{"registrationId":126,"currentRatchet":{"ephemeralKeyPair":{"pubKey":"BQU3C+7QAI3tEREU2GMLKvHtAe70toXyf6rEsdj3iqdP","privKey":"IOajuBx9Sh7kRW8Qux+cwzl9CkryzZTZ8XhGEFWAA2M="},"lastRemoteEphemeralKey":"Be6E7S/7ve/ltlgKjzIVeFpRFQ9LzaSwq/Q4prFNBrJ/","previousCounter":0,"rootKey":"E6WjzFj5GcK7Ja7e0uOBUqVljz/1SvEq7SwzG+cx5uk="},"indexInfo":{"baseKey":"BRrGf2r0zW2XujCMnOZXC4wjDAF9vMOVaxSY0inWDhN9","baseKeyType":1,"closed":1730474633399,"used":1730474632686,"created":1730474632686,"remoteIdentityKey":"BffaxGegbbS8yR1FvoSRmeaJ0M8vwS/fgCZVmB6dKeJo"},"_chains":{"BQU3C+7QAI3tEREU2GMLKvHtAe70toXyf6rEsdj3iqdP":{"chainKey":{"counter":-1,"key":"LQ4pbKm1XqwaO1vRLuhPzZeRQ+Vo3fvaWVzI9Aln7Uo="},"chainType":1,"messageKeys":{}}},"pendingPreKey":{"signedKeyId":1,"baseKey":"BRrGf2r0zW2XujCMnOZXC4wjDAF9vMOVaxSY0inWDhN9","preKeyId":7031}},"BZDI8kn15tXlaoD/JwxleuHibwy+CL8zK/GbhwtsHV15":{"registrationId":126,"currentRatchet":{"ephemeralKeyPair":{"pubKey":"BTHEaFSMVJ3SwryHsYupzECrs6qxJBU46xihRI5AhM5P","privKey":"KLoCXT9G5ZZdW7S5NN4x6LuXqJy7lZ4AYQRKWmAwfEs="},"lastRemoteEphemeralKey":"Be6E7S/7ve/ltlgKjzIVeFpRFQ9LzaSwq/Q4prFNBrJ/","previousCounter":0,"rootKey":"jbdKKSdljoxZb2dRdNKW0Dbej6JCbuKLlBv30o1M1Ug="},"indexInfo":{"baseKey":"BZDI8kn15tXlaoD/JwxleuHibwy+CL8zK/GbhwtsHV15","baseKeyType":1,"closed":1730474633712,"used":1730474633387,"created":1730474633387,"remoteIdentityKey":"BffaxGegbbS8yR1FvoSRmeaJ0M8vwS/fgCZVmB6dKeJo"},"_chains":{"BTHEaFSMVJ3SwryHsYupzECrs6qxJBU46xihRI5AhM5P":{"chainKey":{"counter":-1,"key":"OJBEd18BLPT/ltQaY9hPHdyvbJ8oP9oPzWXBX3zDc3Q="},"chainType":1,"messageKeys":{}}},"pendingPreKey":{"signedKeyId":1,"baseKey":"BZDI8kn15tXlaoD/JwxleuHibwy+CL8zK/GbhwtsHV15","preKeyId":7029}},"Bc8YA2O6exWpr+mTmqEHtqrs57QF8lfTTYTVFzg1bSAi":{"registrationId":126,"currentRatchet":{"ephemeralKeyPair":{"pubKey":"BWnUOLUTTkJg0zEbVRnoHawMgbnIu+WcOugJdlPGfo1H","privKey":"yJROiGwS4FAj+cm7VXD+hhrcQKDEFs5e3u2QKZTczmE="},"lastRemoteEphemeralKey":"Be6E7S/7ve/ltlgKjzIVeFpRFQ9LzaSwq/Q4prFNBrJ/","previousCounter":0,"rootKey":"7bTTE7B0x7CADi2cm7yfH0/2Ji74GfoxKPrNrU3wteY="},"indexInfo":{"baseKey":"Bc8YA2O6exWpr+mTmqEHtqrs57QF8lfTTYTVFzg1bSAi","baseKeyType":1,"closed":1730474676805,"used":1730474633699,"created":1730474633699,"remoteIdentityKey":"BffaxGegbbS8yR1FvoSRmeaJ0M8vwS/fgCZVmB6dKeJo"},"_chains":{"BWnUOLUTTkJg0zEbVRnoHawMgbnIu+WcOugJdlPGfo1H":{"chainKey":{"counter":0,"key":"T9Xh7RQRVOq8wXdyAW0p8NO0/gxrB9wkN6x9vz0h/nA="},"chainType":1,"messageKeys":{}}},"pendingPreKey":{"signedKeyId":1,"baseKey":"Bc8YA2O6exWpr+mTmqEHtqrs57QF8lfTTYTVFzg1bSAi","preKeyId":7017}},"BcYevjwXyxsqZimqfVX97cGEw+A6a4F+vlIhgkpGPewP":{"registrationId":126,"currentRatchet":{"ephemeralKeyPair":{"pubKey":"Be4lzMKfat1vc5wE+TyyhJUcQJd85hGetWMymLx06h4+","privKey":"wHAHC0tIcHKpNto9XYfbWSRl0uGN0H+6/kS7IozoO2A="},"lastRemoteEphemeralKey":"Be6E7S/7ve/ltlgKjzIVeFpRFQ9LzaSwq/Q4prFNBrJ/","previousCounter":0,"rootKey":"VUcPbRx1VuB0BJKOb3uvX4Lj+LtFNqMWGL/INlLsj8w="},"indexInfo":{"baseKey":"BcYevjwXyxsqZimqfVX97cGEw+A6a4F+vlIhgkpGPewP","baseKeyType":1,"closed":1730474679321,"used":1730474676250,"created":1730474676250,"remoteIdentityKey":"BffaxGegbbS8yR1FvoSRmeaJ0M8vwS/fgCZVmB6dKeJo"},"_chains":{"Be4lzMKfat1vc5wE+TyyhJUcQJd85hGetWMymLx06h4+":{"chainKey":{"counter":-1,"key":"TkVSuffALM4+d771gmm/l+Q1dxKKlWQ73LRHAcTaOao="},"chainType":1,"messageKeys":{}}},"pendingPreKey":{"signedKeyId":1,"baseKey":"BcYevjwXyxsqZimqfVX97cGEw+A6a4F+vlIhgkpGPewP"}},"BaVcJfHkhgkl08eJL0jEn25VB+FcBjGF624hMgl8RG8d":{"registrationId":126,"currentRatchet":{"ephemeralKeyPair":{"pubKey":"BSZRuWtyTwWtk19vgpnSoXc2SexhFGbBbfaqZRsGo5QN","privKey":"gLhdqYoDfzhNERiXXEM/XcXNQjYDQLs4EycgacdIFlA="},"lastRemoteEphemeralKey":"Be6E7S/7ve/ltlgKjzIVeFpRFQ9LzaSwq/Q4prFNBrJ/","previousCounter":0,"rootKey":"50TQ9qSWWadw9TvkZOlOyNDt0YxZzGLZTxryVQc6bOI="},"indexInfo":{"baseKey":"BaVcJfHkhgkl08eJL0jEn25VB+FcBjGF624hMgl8RG8d","baseKeyType":1,"closed":1730474679845,"used":1730474679289,"created":1730474679289,"remoteIdentityKey":"BffaxGegbbS8yR1FvoSRmeaJ0M8vwS/fgCZVmB6dKeJo"},"_chains":{"BSZRuWtyTwWtk19vgpnSoXc2SexhFGbBbfaqZRsGo5QN":{"chainKey":{"counter":-1,"key":"ZdwVdHUDWzFS2rJQhBOTbOmPqprSaPd7BASPFBpexwI="},"chainType":1,"messageKeys":{}}},"pendingPreKey":{"signedKeyId":1,"baseKey":"BaVcJfHkhgkl08eJL0jEn25VB+FcBjGF624hMgl8RG8d"}},"BZgt/fSAMHl2VJywwgSzcymSor0vc4d7xxp0S9IOw19a":{"registrationId":126,"currentRatchet":{"ephemeralKeyPair":{"pubKey":"BRTDYMPgt+LJ8OB2qTNctkXbpV6YcpZIP4ZZrz5g4scK","privKey":"SLej4lhGn4FQA9W/W9wqmrh1QYSO2/gotYsYi/yAVnQ="},"lastRemoteEphemeralKey":"Be6E7S/7ve/ltlgKjzIVeFpRFQ9LzaSwq/Q4prFNBrJ/","previousCounter":0,"rootKey":"QZ9dvnVafAmHLTUWIllNMeL8f/SqojT8K0pYMm/L7lo="},"indexInfo":{"baseKey":"BZgt/fSAMHl2VJywwgSzcymSor0vc4d7xxp0S9IOw19a","baseKeyType":1,"closed":1730474680418,"used":1730474679797,"created":1730474679797,"remoteIdentityKey":"BffaxGegbbS8yR1FvoSRmeaJ0M8vwS/fgCZVmB6dKeJo"},"_chains":{"BRTDYMPgt+LJ8OB2qTNctkXbpV6YcpZIP4ZZrz5g4scK":{"chainKey":{"counter":-1,"key":"3OmpKOXkmH3VQPPvtgeaNHFeDvB/BrAU962wduG/M+U="},"chainType":1,"messageKeys":{}}},"pendingPreKey":{"signedKeyId":1,"baseKey":"BZgt/fSAMHl2VJywwgSzcymSor0vc4d7xxp0S9IOw19a"}},"BdXK88mM8q5+MuUaRgWVydaMhgvC07XwtKd0my5fF9Vb":{"registrationId":126,"currentRatchet":{"ephemeralKeyPair":{"pubKey":"BVSFm1w3bOTsiJEKdgQ/cyHVvNuDpBTesZbzeBQisvRB","privKey":"UE/nGOXu9ugWXvCM5bwiMBmrJ6hl+dL0WIz2ohUZiWk="},"lastRemoteEphemeralKey":"Be6E7S/7ve/ltlgKjzIVeFpRFQ9LzaSwq/Q4prFNBrJ/","previousCounter":0,"rootKey":"K1WrIWsAk8JwkijHXKxUxWd1NyIUIz8lMHSy7NDjLtU="},"indexInfo":{"baseKey":"BdXK88mM8q5+MuUaRgWVydaMhgvC07XwtKd0my5fF9Vb","baseKeyType":1,"closed":1730474681665,"used":1730474680408,"created":1730474680408,"remoteIdentityKey":"BffaxGegbbS8yR1FvoSRmeaJ0M8vwS/fgCZVmB6dKeJo"},"_chains":{"BVSFm1w3bOTsiJEKdgQ/cyHVvNuDpBTesZbzeBQisvRB":{"chainKey":{"counter":-1,"key":"EZrlH7Pg6dKCEbfsd5PRxHer3zCVHUthbJSzc9LwmuU="},"chainType":1,"messageKeys":{}}},"pendingPreKey":{"signedKeyId":1,"baseKey":"BdXK88mM8q5+MuUaRgWVydaMhgvC07XwtKd0my5fF9Vb"}},"Bcx3lWEgATxCZfvN2PzpHY2OFE5LjvmPathbkGPJf48W":{"registrationId":126,"currentRatchet":{"ephemeralKeyPair":{"pubKey":"BRup+6C7g3bF3T6oxZyjqryeLTqokjif6pHr7T/F7Yxs","privKey":"SO1J2+JDeyBkemkD4T35cBa/ZWt8fIt3UBnsbbcjMlk="},"lastRemoteEphemeralKey":"Be6E7S/7ve/ltlgKjzIVeFpRFQ9LzaSwq/Q4prFNBrJ/","previousCounter":0,"rootKey":"HQkimx1iMTObRFpwndc+Yv0w3xzs0UA1bCI2Cq2d2/4="},"indexInfo":{"baseKey":"Bcx3lWEgATxCZfvN2PzpHY2OFE5LjvmPathbkGPJf48W","baseKeyType":1,"closed":1730474731702,"used":1730474681658,"created":1730474681658,"remoteIdentityKey":"BffaxGegbbS8yR1FvoSRmeaJ0M8vwS/fgCZVmB6dKeJo"},"_chains":{"BRup+6C7g3bF3T6oxZyjqryeLTqokjif6pHr7T/F7Yxs":{"chainKey":{"counter":0,"key":"2kcfOALxBvSOnYRPh1t+MBCXaX8+szlx55B/z9vduAw="},"chainType":1,"messageKeys":{}}},"pendingPreKey":{"signedKeyId":1,"baseKey":"Bcx3lWEgATxCZfvN2PzpHY2OFE5LjvmPathbkGPJf48W"}},"BQauscLFHeoSTbMUGMJM1NfPFI6ld3Ufn3sbL6ICsx8f":{"registrationId":126,"currentRatchet":{"ephemeralKeyPair":{"pubKey":"BenbmI1xAm3H0W9Adv0M9mfLglNKaEQ5TnGW9LFJe/ou","privKey":"aHsVlpLuyHmlwCgJ9Iwzesj6Yywtipn+yTJeXwf9kEQ="},"lastRemoteEphemeralKey":"Be6E7S/7ve/ltlgKjzIVeFpRFQ9LzaSwq/Q4prFNBrJ/","previousCounter":0,"rootKey":"1JtCP0rYIxdc0iFBiN93HT8aFELwCyAQzy7OLAE72Cw="},"indexInfo":{"baseKey":"BQauscLFHeoSTbMUGMJM1NfPFI6ld3Ufn3sbL6ICsx8f","baseKeyType":1,"closed":1730474732420,"used":1730474731690,"created":1730474731690,"remoteIdentityKey":"BffaxGegbbS8yR1FvoSRmeaJ0M8vwS/fgCZVmB6dKeJo"},"_chains":{"BenbmI1xAm3H0W9Adv0M9mfLglNKaEQ5TnGW9LFJe/ou":{"chainKey":{"counter":-1,"key":"7DR/0dFVB6tfJigEJNbc169rNygtbXc6zUnFb8FmRPU="},"chainType":1,"messageKeys":{}}},"pendingPreKey":{"signedKeyId":1,"baseKey":"BQauscLFHeoSTbMUGMJM1NfPFI6ld3Ufn3sbL6ICsx8f"}},"BajpAYq41AnxMh7RQpIejIYnBlZYa3rCdYxyFs+k80A5":{"registrationId":126,"currentRatchet":{"ephemeralKeyPair":{"pubKey":"BVT0l+m3IzgtYFGLcyDmRNC3CklKNrQhC4QFoPiEAuA4","privKey":"YIzXRQGMB0ezDBvo6Ff0nKavGTPyVGf3N8QeUQsLk1A="},"lastRemoteEphemeralKey":"Be6E7S/7ve/ltlgKjzIVeFpRFQ9LzaSwq/Q4prFNBrJ/","previousCounter":0,"rootKey":"cV3pHFpEkJTdr52g2TTJbd6eqOS/ke+F0N0jM0DmOOc="},"indexInfo":{"baseKey":"BajpAYq41AnxMh7RQpIejIYnBlZYa3rCdYxyFs+k80A5","baseKeyType":1,"closed":1730474733311,"used":1730474732414,"created":1730474732414,"remoteIdentityKey":"BffaxGegbbS8yR1FvoSRmeaJ0M8vwS/fgCZVmB6dKeJo"},"_chains":{"BVT0l+m3IzgtYFGLcyDmRNC3CklKNrQhC4QFoPiEAuA4":{"chainKey":{"counter":-1,"key":"QHZLaDtFtoHIdYlQZwJwMydNA7L2PGqhRZh03QqGcGo="},"chainType":1,"messageKeys":{}}},"pendingPreKey":{"signedKeyId":1,"baseKey":"BajpAYq41AnxMh7RQpIejIYnBlZYa3rCdYxyFs+k80A5"}},"BcPHZPbgh4oOxUzvXLyQ5j6ucaagbpFe/Uug1qXKlbMB":{"registrationId":126,"currentRatchet":{"ephemeralKeyPair":{"pubKey":"BeDFWGjw2l+jBmPPT0sZ9Ot6SbsU+CtkdHEIXJEFdxIl","privKey":"8ET0SOHZSC8dx+cYGtVbkDXtNH42BzGukI8/uvO+eE8="},"lastRemoteEphemeralKey":"Be6E7S/7ve/ltlgKjzIVeFpRFQ9LzaSwq/Q4prFNBrJ/","previousCounter":0,"rootKey":"OWakhmy/p4MPeD6oH86EZUMurWYhKylvrbBD+E6UsZc="},"indexInfo":{"baseKey":"BcPHZPbgh4oOxUzvXLyQ5j6ucaagbpFe/Uug1qXKlbMB","baseKeyType":1,"closed":1730478800242,"used":1730474733273,"created":1730474733273,"remoteIdentityKey":"BffaxGegbbS8yR1FvoSRmeaJ0M8vwS/fgCZVmB6dKeJo"},"_chains":{"BeDFWGjw2l+jBmPPT0sZ9Ot6SbsU+CtkdHEIXJEFdxIl":{"chainKey":{"counter":3,"key":"VbgY12YX7YEvxYJVHYtPjgO1Ghf9nAC8oV56WuE7npg="},"chainType":1,"messageKeys":{}}},"pendingPreKey":{"signedKeyId":1,"baseKey":"BcPHZPbgh4oOxUzvXLyQ5j6ucaagbpFe/Uug1qXKlbMB"}},"BQCtf0v875SJFW2A7xJvOlmas/B4zrTmwYILVlqvBhBi":{"registrationId":126,"currentRatchet":{"ephemeralKeyPair":{"pubKey":"BYgUy2Dk8xTcZojIBzDJ8VscUjgxN11RNEblo/+u43lc","privKey":"IEILA5Qe7hEWQAoMDnXIyus3EeVVXMGysPY2pB30tm0="},"lastRemoteEphemeralKey":"Be6E7S/7ve/ltlgKjzIVeFpRFQ9LzaSwq/Q4prFNBrJ/","previousCounter":0,"rootKey":"mUWr1dAvvCYyHJvqLrd0W8KJLfp+4djI5f3ja9yE9fs="},"indexInfo":{"baseKey":"BQCtf0v875SJFW2A7xJvOlmas/B4zrTmwYILVlqvBhBi","baseKeyType":1,"closed":1730478800907,"used":1730478800235,"created":1730478800235,"remoteIdentityKey":"BffaxGegbbS8yR1FvoSRmeaJ0M8vwS/fgCZVmB6dKeJo"},"_chains":{"BYgUy2Dk8xTcZojIBzDJ8VscUjgxN11RNEblo/+u43lc":{"chainKey":{"counter":-1,"key":"2Eq4Snv874JwzOeJ5MM1XI3+3ZuhbBaGlMjUr5Ct0x0="},"chainType":1,"messageKeys":{}}},"pendingPreKey":{"signedKeyId":1,"baseKey":"BQCtf0v875SJFW2A7xJvOlmas/B4zrTmwYILVlqvBhBi"}},"BRO30bsqjZH7Uj1t2tiKe19gUfPhezK7goe1QwRMZeV8":{"registrationId":126,"currentRatchet":{"ephemeralKeyPair":{"pubKey":"BZDrB3jX4ANt84iMdMdyRlWpSQKvgUWVVzHPLDMC+hU8","privKey":"cNYZHlYakrfMueFFYx8AHut+sOU42fpmzrJWR8k/I3w="},"lastRemoteEphemeralKey":"Be6E7S/7ve/ltlgKjzIVeFpRFQ9LzaSwq/Q4prFNBrJ/","previousCounter":0,"rootKey":"E6qvqsH2e23YIepZ2I3UHOvh97yC3l33+ruJimyI8ek="},"indexInfo":{"baseKey":"BRO30bsqjZH7Uj1t2tiKe19gUfPhezK7goe1QwRMZeV8","baseKeyType":1,"closed":1730478802217,"used":1730478800896,"created":1730478800896,"remoteIdentityKey":"BffaxGegbbS8yR1FvoSRmeaJ0M8vwS/fgCZVmB6dKeJo"},"_chains":{"BZDrB3jX4ANt84iMdMdyRlWpSQKvgUWVVzHPLDMC+hU8":{"chainKey":{"counter":-1,"key":"es/qYx3E02FK2JmIrllmPukWoQCY7R4csPi5Gbo0NCU="},"chainType":1,"messageKeys":{}}},"pendingPreKey":{"signedKeyId":1,"baseKey":"BRO30bsqjZH7Uj1t2tiKe19gUfPhezK7goe1QwRMZeV8"}},"BU+eo6aGXZ/E8m8iuedgh8oHY2WS0rjfPNBE8081KehK":{"registrationId":126,"currentRatchet":{"ephemeralKeyPair":{"pubKey":"BQmpEDYriPepyasUEKkHmKZ1aTTfvBDsdiVjLdhUXbBV","privKey":"oNzChvVo889dGKSc0fp1savB/OtAHxCW+l3u1rXwlmQ="},"lastRemoteEphemeralKey":"Be6E7S/7ve/ltlgKjzIVeFpRFQ9LzaSwq/Q4prFNBrJ/","previousCounter":0,"rootKey":"6zXLWY200+UWzrjI6inqfTeAyLlvQgJ/MG08XD+x4Bg="},"indexInfo":{"baseKey":"BU+eo6aGXZ/E8m8iuedgh8oHY2WS0rjfPNBE8081KehK","baseKeyType":1,"closed":1730478803292,"used":1730478802208,"created":1730478802208,"remoteIdentityKey":"BffaxGegbbS8yR1FvoSRmeaJ0M8vwS/fgCZVmB6dKeJo"},"_chains":{"BQmpEDYriPepyasUEKkHmKZ1aTTfvBDsdiVjLdhUXbBV":{"chainKey":{"counter":-1,"key":"rcCZWaRhveZmMlCkqryJ0+Y2mhGhKFQtcP7x+vT5TW4="},"chainType":1,"messageKeys":{}}},"pendingPreKey":{"signedKeyId":1,"baseKey":"BU+eo6aGXZ/E8m8iuedgh8oHY2WS0rjfPNBE8081KehK"}},"BUaE0RpkLuqW1tEhINt5uqEXx0ImwR+Won+HUytP1a5o":{"registrationId":126,"currentRatchet":{"ephemeralKeyPair":{"pubKey":"Bdfwh2DzlOk61lE4TzDYDqLq2iB1h03bCQo6Bvk7RKA+","privKey":"8EAv7uPfdyQp/W+zl2z5r4EZ5v0HMavQvjroF4zFkVI="},"lastRemoteEphemeralKey":"Be6E7S/7ve/ltlgKjzIVeFpRFQ9LzaSwq/Q4prFNBrJ/","previousCounter":0,"rootKey":"O0mFdtiz5VikHwzR4e2hgRLDLf8vXbePTR+mi2NEQ3U="},"indexInfo":{"baseKey":"BUaE0RpkLuqW1tEhINt5uqEXx0ImwR+Won+HUytP1a5o","baseKeyType":1,"closed":1730478804271,"used":1730478803289,"created":1730478803289,"remoteIdentityKey":"BffaxGegbbS8yR1FvoSRmeaJ0M8vwS/fgCZVmB6dKeJo"},"_chains":{"Bdfwh2DzlOk61lE4TzDYDqLq2iB1h03bCQo6Bvk7RKA+":{"chainKey":{"counter":-1,"key":"3S3FpOXnvAxpWoIF2BZXmL4zyd+TiOytaytrsT/472I="},"chainType":1,"messageKeys":{}}},"pendingPreKey":{"signedKeyId":1,"baseKey":"BUaE0RpkLuqW1tEhINt5uqEXx0ImwR+Won+HUytP1a5o"}},"BYho4/IaY0yucfLcEiCxsYzeZKFWiDCJEOqex4XLNAAQ":{"registrationId":126,"currentRatchet":{"ephemeralKeyPair":{"pubKey":"BYDKdgpJsZs6czsXWz+g4n3hSIQ+CPvPn/my7f17WMNY","privKey":"KAf8RonYlgbXi4bTe5gmGBWs7T5BPFy4WJtkxL5QK2w="},"lastRemoteEphemeralKey":"Be6E7S/7ve/ltlgKjzIVeFpRFQ9LzaSwq/Q4prFNBrJ/","previousCounter":0,"rootKey":"egE7ic7hNYknA7Ewnb8GkUsG/pWVOPe1pIwfD93fT/4="},"indexInfo":{"baseKey":"BYho4/IaY0yucfLcEiCxsYzeZKFWiDCJEOqex4XLNAAQ","baseKeyType":1,"closed":1730478888181,"used":1730478804267,"created":1730478804267,"remoteIdentityKey":"BffaxGegbbS8yR1FvoSRmeaJ0M8vwS/fgCZVmB6dKeJo"},"_chains":{"BYDKdgpJsZs6czsXWz+g4n3hSIQ+CPvPn/my7f17WMNY":{"chainKey":{"counter":0,"key":"mbo21AD08Qephska6kxH3Wvcl+d5nM5vnrT7oHotwHM="},"chainType":1,"messageKeys":{}}},"pendingPreKey":{"signedKeyId":1,"baseKey":"BYho4/IaY0yucfLcEiCxsYzeZKFWiDCJEOqex4XLNAAQ"}},"BQY7TxDprJksaMyALL318Hc1wSsc4chHqN8wepvnqj54":{"registrationId":126,"currentRatchet":{"ephemeralKeyPair":{"pubKey":"Be6zqXGeaf8R53bBA3sSr39emc9ZutwDA5mpUNbBW99a","privKey":"2Cd3iNVVvQu4O8ueEn+FXxHPVhirtFQTMly6yeqd0nw="},"lastRemoteEphemeralKey":"Be6E7S/7ve/ltlgKjzIVeFpRFQ9LzaSwq/Q4prFNBrJ/","previousCounter":0,"rootKey":"vhKHeMSNPavDNWGtgKlVw64D4bKknTFnEe7YuWForKU="},"indexInfo":{"baseKey":"BQY7TxDprJksaMyALL318Hc1wSsc4chHqN8wepvnqj54","baseKeyType":1,"closed":1730478889346,"used":1730478888176,"created":1730478888176,"remoteIdentityKey":"BffaxGegbbS8yR1FvoSRmeaJ0M8vwS/fgCZVmB6dKeJo"},"_chains":{"Be6zqXGeaf8R53bBA3sSr39emc9ZutwDA5mpUNbBW99a":{"chainKey":{"counter":-1,"key":"fCaH2hAbZuSlmru2UOM+4x743CS/gqtXhwAvI3APfDw="},"chainType":1,"messageKeys":{}}},"pendingPreKey":{"signedKeyId":1,"baseKey":"BQY7TxDprJksaMyALL318Hc1wSsc4chHqN8wepvnqj54"}},"BWWldYnPjQhTOaEU00XfqoT8FfhfiUaXdH0UAkdKWfp3":{"registrationId":126,"currentRatchet":{"ephemeralKeyPair":{"pubKey":"BZ9U9v9cPz5RQDqPZr6aMDF+LJ4uuuz+SeE5Q7dErhVt","privKey":"yHaOdrxvb0gXPSjJF7n+MbVWXANGuM3msAGfRm4VP0A="},"lastRemoteEphemeralKey":"Be6E7S/7ve/ltlgKjzIVeFpRFQ9LzaSwq/Q4prFNBrJ/","previousCounter":0,"rootKey":"klmaVihleSGmVqbXzsexML9QtuZAR3JTaWk1M2Uh/P0="},"indexInfo":{"baseKey":"BWWldYnPjQhTOaEU00XfqoT8FfhfiUaXdH0UAkdKWfp3","baseKeyType":1,"closed":1730478889598,"used":1730478889344,"created":1730478889344,"remoteIdentityKey":"BffaxGegbbS8yR1FvoSRmeaJ0M8vwS/fgCZVmB6dKeJo"},"_chains":{"BZ9U9v9cPz5RQDqPZr6aMDF+LJ4uuuz+SeE5Q7dErhVt":{"chainKey":{"counter":-1,"key":"GUjU2Gk7iqmAYmbaahRda+dUiWYlISD04nkmgTmYIYc="},"chainType":1,"messageKeys":{}}},"pendingPreKey":{"signedKeyId":1,"baseKey":"BWWldYnPjQhTOaEU00XfqoT8FfhfiUaXdH0UAkdKWfp3"}},"BaGaH3b2MSHU2huxURbJhegj+Ag+yP2NlV4Tf+aA5ihl":{"registrationId":126,"currentRatchet":{"ephemeralKeyPair":{"pubKey":"BTdk4rID7efJedjYrzQsb3GxFibD/RKrRwQqqDQRh41R","privKey":"kLwW69aAb9wIQkkeaTq9KF+Zbe+zkj4AN8LE7w5MVnI="},"lastRemoteEphemeralKey":"Be6E7S/7ve/ltlgKjzIVeFpRFQ9LzaSwq/Q4prFNBrJ/","previousCounter":0,"rootKey":"+lVzIfu6+TLPSC2nkFwdauQpt0zqkEJaKGVk9qXb81I="},"indexInfo":{"baseKey":"BaGaH3b2MSHU2huxURbJhegj+Ag+yP2NlV4Tf+aA5ihl","baseKeyType":1,"closed":1730478889901,"used":1730478889593,"created":1730478889593,"remoteIdentityKey":"BffaxGegbbS8yR1FvoSRmeaJ0M8vwS/fgCZVmB6dKeJo"},"_chains":{"BTdk4rID7efJedjYrzQsb3GxFibD/RKrRwQqqDQRh41R":{"chainKey":{"counter":-1,"key":"CL9WIk6gyRVv7poDuAH2WemS1wg8OqQ3n8GZsZ6lxwY="},"chainType":1,"messageKeys":{}}},"pendingPreKey":{"signedKeyId":1,"baseKey":"BaGaH3b2MSHU2huxURbJhegj+Ag+yP2NlV4Tf+aA5ihl"}},"BWC1AX2X2sSRcXqUpL5KLtcBA4ynb13YxU5VsZeqUONt":{"registrationId":126,"currentRatchet":{"ephemeralKeyPair":{"pubKey":"BQbPGf/FOXBYHpFK5FvPjZ5/mQbHre5ZaF0csByJuq0w","privKey":"uCq+iSeDMjAKEZz+rKou/zA3HSn7//cJgtv8bEZZsUY="},"lastRemoteEphemeralKey":"Be6E7S/7ve/ltlgKjzIVeFpRFQ9LzaSwq/Q4prFNBrJ/","previousCounter":0,"rootKey":"qcpcCWbgYsMtwXXQMaz80zZaqTf/NlmsoO8fqTQQ6fU="},"indexInfo":{"baseKey":"BWC1AX2X2sSRcXqUpL5KLtcBA4ynb13YxU5VsZeqUONt","baseKeyType":1,"closed":1730478890168,"used":1730478889889,"created":1730478889889,"remoteIdentityKey":"BffaxGegbbS8yR1FvoSRmeaJ0M8vwS/fgCZVmB6dKeJo"},"_chains":{"BQbPGf/FOXBYHpFK5FvPjZ5/mQbHre5ZaF0csByJuq0w":{"chainKey":{"counter":-1,"key":"UWdZbZnf0cUIs5KiKMe8gQp4n7fIuoMJXbx4B3x5SF4="},"chainType":1,"messageKeys":{}}},"pendingPreKey":{"signedKeyId":1,"baseKey":"BWC1AX2X2sSRcXqUpL5KLtcBA4ynb13YxU5VsZeqUONt"}},"BSdidfhh9fnk0V1RSFbL9TUM8uZRt3boOPIzg+X0E+5k":{"registrationId":126,"currentRatchet":{"ephemeralKeyPair":{"pubKey":"BS2NuBSAXpVhdJdN1DT3/REI/b2XPcmpChfCQ0DzMpJf","privKey":"cNWErzP+D3RV6owXpmj9CV6H/JyWTFvZbGQM14EO6GI="},"lastRemoteEphemeralKey":"Be6E7S/7ve/ltlgKjzIVeFpRFQ9LzaSwq/Q4prFNBrJ/","previousCounter":0,"rootKey":"QuLytXvk2/+JMyWhj4KBkbVSt48XI7Q/KXGukjwo4kM="},"indexInfo":{"baseKey":"BSdidfhh9fnk0V1RSFbL9TUM8uZRt3boOPIzg+X0E+5k","baseKeyType":1,"closed":1730478998113,"used":1730478890163,"created":1730478890163,"remoteIdentityKey":"BffaxGegbbS8yR1FvoSRmeaJ0M8vwS/fgCZVmB6dKeJo"},"_chains":{"BS2NuBSAXpVhdJdN1DT3/REI/b2XPcmpChfCQ0DzMpJf":{"chainKey":{"counter":0,"key":"NOzxxeh/TNYrl1VOFoodzK2vdcJFJ5n66FhLWgCAb2c="},"chainType":1,"messageKeys":{}}},"pendingPreKey":{"signedKeyId":1,"baseKey":"BSdidfhh9fnk0V1RSFbL9TUM8uZRt3boOPIzg+X0E+5k"}},"BXQl8uY7/nBT91LNy43u0F+4VwsimGADrew0et84GIs9":{"registrationId":126,"currentRatchet":{"ephemeralKeyPair":{"pubKey":"BcF5hkhDhVE/XBLCq3f+T0j9ffVMyWDsb9GplgTqg+hq","privKey":"4Bgzv8sB9wHsEHZzkyJiaBuBDCSYWUVBPf05e+yhzWo="},"lastRemoteEphemeralKey":"Be6E7S/7ve/ltlgKjzIVeFpRFQ9LzaSwq/Q4prFNBrJ/","previousCounter":0,"rootKey":"AgmLCub5avzj9EnPsbXwIf5s07UuPa18Mpib+v2mAwY="},"indexInfo":{"baseKey":"BXQl8uY7/nBT91LNy43u0F+4VwsimGADrew0et84GIs9","baseKeyType":1,"closed":1730478999393,"used":1730478998105,"created":1730478998105,"remoteIdentityKey":"BffaxGegbbS8yR1FvoSRmeaJ0M8vwS/fgCZVmB6dKeJo"},"_chains":{"BcF5hkhDhVE/XBLCq3f+T0j9ffVMyWDsb9GplgTqg+hq":{"chainKey":{"counter":-1,"key":"RCczylC5Lc1l+ELoB1sUoVsNALSECWOnHtSY2iEw/jg="},"chainType":1,"messageKeys":{}}},"pendingPreKey":{"signedKeyId":1,"baseKey":"BXQl8uY7/nBT91LNy43u0F+4VwsimGADrew0et84GIs9"}},"BZOe4Jp4aoix1lUgeuniQc8Kp+OtaE5unjm7ei1+gf5R":{"registrationId":126,"currentRatchet":{"ephemeralKeyPair":{"pubKey":"BfEnZ3pBHa3YcZFoKjEDqPfJgXZTZjso3AziTrbdJfkW","privKey":"8PrZrtC9A4sJsqjXJxduvuapRp6PwPh5+i9kcPEbOks="},"lastRemoteEphemeralKey":"Be6E7S/7ve/ltlgKjzIVeFpRFQ9LzaSwq/Q4prFNBrJ/","previousCounter":0,"rootKey":"RN68aILjjJq+6B4BMX2y/FYQREWAl8jV4sF+WdSiD/I="},"indexInfo":{"baseKey":"BZOe4Jp4aoix1lUgeuniQc8Kp+OtaE5unjm7ei1+gf5R","baseKeyType":1,"closed":1730478999660,"used":1730478999385,"created":1730478999385,"remoteIdentityKey":"BffaxGegbbS8yR1FvoSRmeaJ0M8vwS/fgCZVmB6dKeJo"},"_chains":{"BfEnZ3pBHa3YcZFoKjEDqPfJgXZTZjso3AziTrbdJfkW":{"chainKey":{"counter":-1,"key":"2SQcvSKX6yiunDzHa8KXNYBH9vvuMya3ukWvqTrZAUs="},"chainType":1,"messageKeys":{}}},"pendingPreKey":{"signedKeyId":1,"baseKey":"BZOe4Jp4aoix1lUgeuniQc8Kp+OtaE5unjm7ei1+gf5R"}},"BWoB497+F/s3BOrsSp4aFCUt9oWxwXNQi8fTjE2D7RgA":{"registrationId":126,"currentRatchet":{"ephemeralKeyPair":{"pubKey":"BYiGL/osYgf3AmGWfMJaZ4KE2mevvuhkzr9ZC1dzEA8d","privKey":"SJvY3fN9sAhgzYwQ5cinTzXlNNKUSOfsntq50B2yFEk="},"lastRemoteEphemeralKey":"Be6E7S/7ve/ltlgKjzIVeFpRFQ9LzaSwq/Q4prFNBrJ/","previousCounter":0,"rootKey":"i2mjJGWwe6ciMZ9nL5ZmsHki4L0BUuctQsXPI1SoK1U="},"indexInfo":{"baseKey":"BWoB497+F/s3BOrsSp4aFCUt9oWxwXNQi8fTjE2D7RgA","baseKeyType":1,"closed":1730478999913,"used":1730478999658,"created":1730478999658,"remoteIdentityKey":"BffaxGegbbS8yR1FvoSRmeaJ0M8vwS/fgCZVmB6dKeJo"},"_chains":{"BYiGL/osYgf3AmGWfMJaZ4KE2mevvuhkzr9ZC1dzEA8d":{"chainKey":{"counter":-1,"key":"Em9Y7FzDYEwBEkvYnDSkWaktoIZDmvzBGdMoYhm2mKM="},"chainType":1,"messageKeys":{}}},"pendingPreKey":{"signedKeyId":1,"baseKey":"BWoB497+F/s3BOrsSp4aFCUt9oWxwXNQi8fTjE2D7RgA"}},"BeKM6V9ReHdZh4GZqhWxlVa93+NOk+os2AM5yn61ioUR":{"registrationId":126,"currentRatchet":{"ephemeralKeyPair":{"pubKey":"BeIUlTaS2NEPW+7PZhgeS+t0jJQs7B7KGgd3dxuezpEZ","privKey":"KBOiw3x04P9JlNlyputb/Yh3Qd5LXBrCj0Hfka3rt1A="},"lastRemoteEphemeralKey":"Be6E7S/7ve/ltlgKjzIVeFpRFQ9LzaSwq/Q4prFNBrJ/","previousCounter":0,"rootKey":"K20/3in72elsHq3KryhmZQddAkaevj19QzjdMt7vG20="},"indexInfo":{"baseKey":"BeKM6V9ReHdZh4GZqhWxlVa93+NOk+os2AM5yn61ioUR","baseKeyType":1,"closed":1730479000161,"used":1730478999911,"created":1730478999911,"remoteIdentityKey":"BffaxGegbbS8yR1FvoSRmeaJ0M8vwS/fgCZVmB6dKeJo"},"_chains":{"BeIUlTaS2NEPW+7PZhgeS+t0jJQs7B7KGgd3dxuezpEZ":{"chainKey":{"counter":-1,"key":"s+YRv1Ir/E3N/3fVRxFatXhMe6dSG7LyKN3YD2rZzZw="},"chainType":1,"messageKeys":{}}},"pendingPreKey":{"signedKeyId":1,"baseKey":"BeKM6V9ReHdZh4GZqhWxlVa93+NOk+os2AM5yn61ioUR"}},"BVtcaTPQOPWMBPAPeOZ2BQ6oprA0TaY55WzmqUarCy8b":{"registrationId":126,"currentRatchet":{"ephemeralKeyPair":{"pubKey":"BW3CTA46o00mnrOaWW8Vu9bcBI2eRneNBypvCajbtkYZ","privKey":"kOKRLaS/C0+UqyESQM1t33j/T39ieMxJK3zcWg9D4U8="},"lastRemoteEphemeralKey":"Be6E7S/7ve/ltlgKjzIVeFpRFQ9LzaSwq/Q4prFNBrJ/","previousCounter":0,"rootKey":"BZHq9XQSmGNYXeSKiQ06T00lgcA5GSAYYHrKrREDmYk="},"indexInfo":{"baseKey":"BVtcaTPQOPWMBPAPeOZ2BQ6oprA0TaY55WzmqUarCy8b","baseKeyType":1,"closed":-1,"used":1730479000158,"created":1730479000158,"remoteIdentityKey":"BffaxGegbbS8yR1FvoSRmeaJ0M8vwS/fgCZVmB6dKeJo"},"_chains":{"BW3CTA46o00mnrOaWW8Vu9bcBI2eRneNBypvCajbtkYZ":{"chainKey":{"counter":-1,"key":"c7HTG01REH8FrGKt8J46/qzxkUiGKrgxd8eCxZFxlvY="},"chainType":1,"messageKeys":{}}},"pendingPreKey":{"signedKeyId":1,"baseKey":"BVtcaTPQOPWMBPAPeOZ2BQ6oprA0TaY55WzmqUarCy8b"}}},"version":"v1"}