{"_sessions":{"BRskC2IvtXIucarlu0XL/4ugNI3HaCTUS0zOLtBKQ95S":{"registrationId":268310570,"currentRatchet":{"ephemeralKeyPair":{"pubKey":"BY/qO4ydz6Fd9PH9kIgrIqOX7fVrT2WtnFVkrM4cxREc","privKey":"IHCujbxu6iWuG+bebdgnyaBJtn76GBow0QI18iEoSUY="},"lastRemoteEphemeralKey":"BUA+bm0Qqd2FKeTrO4dPxMQiPNLe69GGXHu5dXRSDOBp","previousCounter":0,"rootKey":"XYtW4pbxEn3SFD8BL3iio4X7Fy8lag2t37mhUVGxftg="},"indexInfo":{"baseKey":"BRskC2IvtXIucarlu0XL/4ugNI3HaCTUS0zOLtBKQ95S","baseKeyType":1,"closed":-1,"used":1730471986302,"created":1730471986302,"remoteIdentityKey":"BVtY168QCeFKq8wTcFmpSj/IDvCwlGKv99NsCP3GzwBN"},"_chains":{"BY/qO4ydz6Fd9PH9kIgrIqOX7fVrT2WtnFVkrM4cxREc":{"chainKey":{"counter":0,"key":"0TuE+wxSYJ4hy8r9wmGI7zNFJ4Lchq08tFx6BIZyF7k="},"chainType":1,"messageKeys":{}}},"pendingPreKey":{"signedKeyId":5,"baseKey":"BRskC2IvtXIucarlu0XL/4ugNI3HaCTUS0zOLtBKQ95S","preKeyId":14871851}}},"version":"v1"}