{"_sessions":{"BWv4DxmvpjDa0i8eD9P0FQtokATCKjkSg8w+vK4MJeBl":{"registrationId":1148474677,"currentRatchet":{"ephemeralKeyPair":{"pubKey":"BcyYE/hS6Z5DIcYBFav/AQnqGTRcccjkNpqTsNI2OptA","privKey":"GMIlqX3IBUP/RYH9pQanEzsdBTLn2ZyhkehRl3KG12s="},"lastRemoteEphemeralKey":"BaSNBMLvP0C95fMB3idkrB8VEs8ynKR7nYxTuPq60AF+","previousCounter":0,"rootKey":"G7puk9xFxjU52aRzPK37czK3Kd9dJNpbXQHHD8VbiR0="},"indexInfo":{"baseKey":"BWv4DxmvpjDa0i8eD9P0FQtokATCKjkSg8w+vK4MJeBl","baseKeyType":1,"closed":-1,"used":1730471986525,"created":1730471986525,"remoteIdentityKey":"BWxC9Ub/BkflIm7FAGCdxqDHZ3d8hRvrfnVahmiwa3kf"},"_chains":{"BcyYE/hS6Z5DIcYBFav/AQnqGTRcccjkNpqTsNI2OptA":{"chainKey":{"counter":0,"key":"+g+J9odqAUhRwX1NTt3n8OazJzqK1681gULsoLJvuWw="},"chainType":1,"messageKeys":{}}},"pendingPreKey":{"signedKeyId":27,"baseKey":"BWv4DxmvpjDa0i8eD9P0FQtokATCKjkSg8w+vK4MJeBl","preKeyId":4146145}}},"version":"v1"}