{"_sessions":{"BTEPl8eDgUe+yWJ7LMjgy8r8qKCWKZI1jIZZ8KvnLm0w":{"registrationId":150669081,"currentRatchet":{"ephemeralKeyPair":{"pubKey":"BWiHq7Kx+E79p9FXceIopCOC2sFpVQtcqAgZ+TvRjHQ9","privKey":"YL6BP6R1VAakSMSlQt6bu/PaP4kAnb2dZ+s4G8rKoFM="},"lastRemoteEphemeralKey":"BfuZPO+hDM0b7TL8L2q8sVcKbdzTXaHmHogQJ36Oz5lv","previousCounter":0,"rootKey":"6J4WToXhtX3O24KkbLHe1IsOEYEW4JWgoY+cUHEie4A="},"indexInfo":{"baseKey":"BTEPl8eDgUe+yWJ7LMjgy8r8qKCWKZI1jIZZ8KvnLm0w","baseKeyType":1,"closed":-1,"used":1730471862556,"created":1730471862556,"remoteIdentityKey":"Ba32pNkLKGzF/RLJsGGbYlViA215NtkdqW43o1F5gGcB"},"_chains":{"BWiHq7Kx+E79p9FXceIopCOC2sFpVQtcqAgZ+TvRjHQ9":{"chainKey":{"counter":0,"key":"BiJuXRqOf7dxgYC53Cpyg9ZFTzVg45sHa/mPEyhT1GI="},"chainType":1,"messageKeys":{}}},"pendingPreKey":{"signedKeyId":23,"baseKey":"BTEPl8eDgUe+yWJ7LMjgy8r8qKCWKZI1jIZZ8KvnLm0w","preKeyId":15653461}}},"version":"v1"}