{"_sessions":{"BUN6WjMbFDFjEU9ctX9ydnEBRuT11iwBpvD+8OGb5GB+":{"registrationId":1250103634,"currentRatchet":{"ephemeralKeyPair":{"pubKey":"BczyGZAhhaV2qVrkvuiF93QJku0VYioU+OLh+OF9Dio1","privKey":"SLoxUewlWmr213AlERXLMYYvWgJFj2VWdGAw/eWMEHE="},"lastRemoteEphemeralKey":"BW7k4N0009dngDsAIcoXfAuin9yfLo/a8d5uYmoksZBN","previousCounter":0,"rootKey":"K92LTkYCVL+ixJ7cJCZEczokmTcR8XwEjiBrn+6ccZk="},"indexInfo":{"baseKey":"BUN6WjMbFDFjEU9ctX9ydnEBRuT11iwBpvD+8OGb5GB+","baseKeyType":1,"closed":-1,"used":1730472084117,"created":1730472084117,"remoteIdentityKey":"BeQu/bTuagiZkLxspKJyFCNluCx9+zwObuBUb4lHcVFk"},"_chains":{"BczyGZAhhaV2qVrkvuiF93QJku0VYioU+OLh+OF9Dio1":{"chainKey":{"counter":16,"key":"D1tlE73rY4nCy2fode7NiaT4J/mqxdhc4/vRn1ine3I="},"chainType":1,"messageKeys":{}}},"pendingPreKey":{"signedKeyId":0,"baseKey":"BUN6WjMbFDFjEU9ctX9ydnEBRuT11iwBpvD+8OGb5GB+"}}},"version":"v1"}