{"_sessions":{"BTuS3jbsfA74fmTUMalIR1IejXdYMK8DfTSoByciaqoB":{"registrationId":1250640016,"currentRatchet":{"ephemeralKeyPair":{"pubKey":"BaK6hs14PKjXwbAhtHcDy8bwEGZUb62M30FED/KiFN9x","privKey":"2IOcYdwNnFr8TrlVkgTznFNDKjTQTMrMcfUWLgjcMl8="},"lastRemoteEphemeralKey":"BZZp5TZPDKywpd2eejzUDiH5QHDf3GLQYa+EeyayHmEO","previousCounter":0,"rootKey":"AbGxuK+OZqWPyTaXw4r8jx7fuuqKlx54/aqzAF4UQl0="},"indexInfo":{"baseKey":"BTuS3jbsfA74fmTUMalIR1IejXdYMK8DfTSoByciaqoB","baseKeyType":1,"closed":-1,"used":1730471986244,"created":1730471986244,"remoteIdentityKey":"BX5xeGJATZicQkTgDo6glKLgnGM/WVOboe7hEx5F2KQd"},"_chains":{"BaK6hs14PKjXwbAhtHcDy8bwEGZUb62M30FED/KiFN9x":{"chainKey":{"counter":0,"key":"mex8ly3mVLrpdzyfd01zi93nUDkGHf/QoFemLqhVmlQ="},"chainType":1,"messageKeys":{}}},"pendingPreKey":{"signedKeyId":0,"baseKey":"BTuS3jbsfA74fmTUMalIR1IejXdYMK8DfTSoByciaqoB","preKeyId":7515833}}},"version":"v1"}