{"_sessions":{"Bbu0CEOoK+yApHn6Ns5Mkzy5hVJPtdCIxWOKzoN4IL9T":{"registrationId":1813226014,"currentRatchet":{"ephemeralKeyPair":{"pubKey":"BWhrXe7FyPqIy5wv/kvmiPPi2NCkjC+WMSvKvWfLg+BD","privKey":"cDrqLkAMuS0pdiU5mXV7U5Yh80VlVFGOc8xE6AbgaVU="},"lastRemoteEphemeralKey":"BY/3R1F/1Z4lQyDaWPVbwyjjMLkeuh8VvMoeGQzZkSEC","previousCounter":0,"rootKey":"zdxiNboo4QbYqQ3lDM6KvRaxRGOEgKd0REpDiWngOvY="},"indexInfo":{"baseKey":"Bbu0CEOoK+yApHn6Ns5Mkzy5hVJPtdCIxWOKzoN4IL9T","baseKeyType":1,"closed":-1,"used":1730471862548,"created":1730471862548,"remoteIdentityKey":"BYi/Ch01cvhOCy09DXFVYIhGAEeK/24LcppGOCdzL3o6"},"_chains":{"BWhrXe7FyPqIy5wv/kvmiPPi2NCkjC+WMSvKvWfLg+BD":{"chainKey":{"counter":0,"key":"fCOPhgKwcnaiA8sZy67gZawtC1GwR0udrJPNW/6gvJo="},"chainType":1,"messageKeys":{}}},"pendingPreKey":{"signedKeyId":4,"baseKey":"Bbu0CEOoK+yApHn6Ns5Mkzy5hVJPtdCIxWOKzoN4IL9T","preKeyId":11228195}}},"version":"v1"}