{"_sessions":{"BRSmvsuLwmA4kK5KFYfOdetXjpuNjEdoBDoLD+P89J0/":{"registrationId":1723596281,"currentRatchet":{"ephemeralKeyPair":{"pubKey":"BS5wiOoz7wzIO/n1zH9AeDxujA+7ehD97ZnJHV4ZDL43","privKey":"4CYgj9iXxzepV5APG32SbcOJwdKhnJaV3aY4bLl3xl0="},"lastRemoteEphemeralKey":"BUKi4qUmAhIOKvESfmae6Po+Os3W7BZS2ZmWQHlN9X1X","previousCounter":0,"rootKey":"V577scpsxXAl2GR6Gzve1t0t9Dj0wUwJWK7GODe7/bs="},"indexInfo":{"baseKey":"BRSmvsuLwmA4kK5KFYfOdetXjpuNjEdoBDoLD+P89J0/","baseKeyType":1,"closed":-1,"used":1730472084856,"created":1730472084856,"remoteIdentityKey":"BaP/yKL0PZDhKnw9L0xgfp0KcJTnOl2VuCMPRK1ZaKI4"},"_chains":{"BS5wiOoz7wzIO/n1zH9AeDxujA+7ehD97ZnJHV4ZDL43":{"chainKey":{"counter":16,"key":"EWT1CNvlOjlnWQysypPk8fvTzUU6JdFYK/Eq7hG0p+M="},"chainType":1,"messageKeys":{}}},"pendingPreKey":{"signedKeyId":20,"baseKey":"BRSmvsuLwmA4kK5KFYfOdetXjpuNjEdoBDoLD+P89J0/","preKeyId":14797436}}},"version":"v1"}