{"_sessions":{"BcTda0PhX/e6kLdOUen3KzK2q9sqUwVvComz9VxKt05H":{"registrationId":1317680868,"currentRatchet":{"ephemeralKeyPair":{"pubKey":"BVgk2x+OFSJqEAJR7uDNmCskUShkFrMPEWjuKGqHJshI","privKey":"KMtDTq9tIejWQg3YePWA21rifklzafEr0AIly6fGTmQ="},"lastRemoteEphemeralKey":"BZ8bNmbncp+qiUr6V4lcJoVmnbMieFobBqV0nRaCg0xz","previousCounter":0,"rootKey":"6l2zZZbeDC8LPaX4ke8fsW2+jjrA/OVOikk00D8Za8w="},"indexInfo":{"baseKey":"BcTda0PhX/e6kLdOUen3KzK2q9sqUwVvComz9VxKt05H","baseKeyType":1,"closed":-1,"used":1730472083988,"created":1730472083988,"remoteIdentityKey":"BRAamLCivd8zO7ojo4YkbVQYsEaXrdvqXknluEqHjRMQ"},"_chains":{"BVgk2x+OFSJqEAJR7uDNmCskUShkFrMPEWjuKGqHJshI":{"chainKey":{"counter":16,"key":"s3HhGN4QsTAA0WrY+c0WmO/5wDcg9kf4sKw/r8bzb7M="},"chainType":1,"messageKeys":{}}},"pendingPreKey":{"signedKeyId":3,"baseKey":"BcTda0PhX/e6kLdOUen3KzK2q9sqUwVvComz9VxKt05H","preKeyId":13941623}}},"version":"v1"}