{"_sessions":{"BZHLwktTn7O+zJfM+hYCSh4b5k4bMTqzw6VBirCqEi0F":{"registrationId":799202411,"currentRatchet":{"ephemeralKeyPair":{"pubKey":"BSsh19ABDMtFpOevuROsuvmZ0/HpnKMZEkGQ9qC4JpJw","privKey":"kFNIKt4OCWgqQDwTtUhVLkEhkYrPoIoPjd80L7kFv0A="},"lastRemoteEphemeralKey":"Bd/RHfvI7CxEPvV2Z/NOWy4noJDv6/xwgBtu2bKKhgIo","previousCounter":0,"rootKey":"44EJt0CIP48+TZOR7urWQB+SKsB780DoC4PWzK+K9fU="},"indexInfo":{"baseKey":"BZHLwktTn7O+zJfM+hYCSh4b5k4bMTqzw6VBirCqEi0F","baseKeyType":1,"closed":-1,"used":1730471986173,"created":1730471986173,"remoteIdentityKey":"Baj0iLz3nUQM194hwaZk426iJJDp40ELU7Suk5SudI4g"},"_chains":{"BSsh19ABDMtFpOevuROsuvmZ0/HpnKMZEkGQ9qC4JpJw":{"chainKey":{"counter":0,"key":"qwHJE9TAaqgDpqOWGA/BbSBygddq4Ttsp8XNP+GLocQ="},"chainType":1,"messageKeys":{}}},"pendingPreKey":{"signedKeyId":11,"baseKey":"BZHLwktTn7O+zJfM+hYCSh4b5k4bMTqzw6VBirCqEi0F","preKeyId":8287}}},"version":"v1"}