{"_sessions":{"BYiS0uGzECabFTWxfk2dALI/lOhuMJ9txoqu7ap0ASx/":{"registrationId":601092094,"currentRatchet":{"ephemeralKeyPair":{"pubKey":"BTtd0aoh4MHn2pQFjhaZfZOu1LUPbdVciB95SfKMkAla","privKey":"qNs6Lq0M8IsapfgsWbI/DuuFKHxiMHwx+LurYBHtpk0="},"lastRemoteEphemeralKey":"BWvdxyTVwyiyj6JvgUpjE1rhYBDrn40vdtGwWHskTggN","previousCounter":0,"rootKey":"V0x2u8W+GMx9JcnbkNPme7qrUHtFoIVhd8/Omlo2N7M="},"indexInfo":{"baseKey":"BYiS0uGzECabFTWxfk2dALI/lOhuMJ9txoqu7ap0ASx/","baseKeyType":1,"closed":-1,"used":1730471862618,"created":1730471862618,"remoteIdentityKey":"BYCBGe7kMJbXw6zvh9fY6/WN17qALGzkDUMMU3Jv91lx"},"_chains":{"BTtd0aoh4MHn2pQFjhaZfZOu1LUPbdVciB95SfKMkAla":{"chainKey":{"counter":0,"key":"UAmP0oq26mGYCwIhFlBbt4MUjsQdfNdtqpVgnL3ZHQU="},"chainType":1,"messageKeys":{}}},"pendingPreKey":{"signedKeyId":4,"baseKey":"BYiS0uGzECabFTWxfk2dALI/lOhuMJ9txoqu7ap0ASx/","preKeyId":8932347}}},"version":"v1"}