{"_sessions":{"BeR3b5tK1/RGmuru2VgG4hJ03z5ibmEj7DEKo/5mqO4g":{"registrationId":1214860560,"currentRatchet":{"ephemeralKeyPair":{"pubKey":"BffxstMj0J6sdCkfPvzowgcHuesp/YIHWdpB5beTXTc7","privKey":"ACdv4KcqjgcxJ5lg/KIcUXU5n/0Ef9OUWNxSnMIpsGI="},"lastRemoteEphemeralKey":"BV/eUlR8+b5mrZKxHHLHPLZTo6Z6+6Dc016VIeSXGuty","previousCounter":0,"rootKey":"beH2ZnVLZ4kmgQlK7GjAKrYjhXZ6PIhpQkEw6I6HvY4="},"indexInfo":{"baseKey":"BeR3b5tK1/RGmuru2VgG4hJ03z5ibmEj7DEKo/5mqO4g","baseKeyType":1,"closed":-1,"used":1730471862666,"created":1730471862666,"remoteIdentityKey":"BUsOGab68iQTgnvOOCgNP8hjMY+UUt8mGt2t42+7rDU1"},"_chains":{"BffxstMj0J6sdCkfPvzowgcHuesp/YIHWdpB5beTXTc7":{"chainKey":{"counter":0,"key":"mUkHCy8A8XUw7TX4LTyvELFiyrGBNMum6x1haTMshtc="},"chainType":1,"messageKeys":{}}},"pendingPreKey":{"signedKeyId":2,"baseKey":"BeR3b5tK1/RGmuru2VgG4hJ03z5ibmEj7DEKo/5mqO4g","preKeyId":12478724}}},"version":"v1"}