{"_sessions":{"BT0CpqV8RfaGgK9niCl2fdM3Bt9abR2AEktXq75BA1B7":{"registrationId":995677175,"currentRatchet":{"ephemeralKeyPair":{"pubKey":"BY4PrVsy0pNf06MzxJXiehDiGhQo4iDZsA93Pp4UFfVk","privKey":"QCjmkY7nOTqFjh3jxI56DOrMBewava8cL3GHc3CVTWM="},"lastRemoteEphemeralKey":"BRT4KhMYpZZkC0unQ6K5hKF0A5SSE1flg1eg3CrXNLly","previousCounter":0,"rootKey":"eZwd2uOTstqiQK/zPNpj76yUxU6VabCNxueEtWV1ex8="},"indexInfo":{"baseKey":"BT0CpqV8RfaGgK9niCl2fdM3Bt9abR2AEktXq75BA1B7","baseKeyType":1,"closed":-1,"used":1730472084196,"created":1730472084196,"remoteIdentityKey":"BWlpi/E8w3MpMNsPv2JSv2cirgAeXTah3vYVoV+I0asM"},"_chains":{"BY4PrVsy0pNf06MzxJXiehDiGhQo4iDZsA93Pp4UFfVk":{"chainKey":{"counter":16,"key":"40/f2YQhIOy26Rpwql8xezIo/2aYv2Dzi1yyDtBqJfM="},"chainType":1,"messageKeys":{}}},"pendingPreKey":{"signedKeyId":3,"baseKey":"BT0CpqV8RfaGgK9niCl2fdM3Bt9abR2AEktXq75BA1B7","preKeyId":12463080}}},"version":"v1"}