{"_sessions":{"BQzXLUZiWvItHMsTZOwtBFHmWs1dDadlmWtwZy0Py/pB":{"registrationId":2121289493,"currentRatchet":{"ephemeralKeyPair":{"pubKey":"BbztgdL+sOX00GGzFgp+qBgK3b/tiZpkQ7xZnv5/FDMT","privKey":"SEGt3Q/CfR5ZrL4vlm1B+NyEwMz4wEQ9kT6e2I084nw="},"lastRemoteEphemeralKey":"BRz6tYeVcbLUNRf0ACzZc3y4e3BFnR8Yn1U2n0kSI3wr","previousCounter":0,"rootKey":"80BDfjqgn8iyYbs5nyOJoBNixQiew/R9jKW/ppeM/9I="},"indexInfo":{"baseKey":"BQzXLUZiWvItHMsTZOwtBFHmWs1dDadlmWtwZy0Py/pB","baseKeyType":1,"closed":-1,"used":1730474058633,"created":1730474058633,"remoteIdentityKey":"BWf//HQTY5gU7BpIqohTmad2AF2JfiQtL6JtlAWgQelv"},"_chains":{"BbztgdL+sOX00GGzFgp+qBgK3b/tiZpkQ7xZnv5/FDMT":{"chainKey":{"counter":0,"key":"ZCvUWTWzXL/NPh9LehoWLsu6y+RfvCMPccjKuzJ5Krs="},"chainType":1,"messageKeys":{}}},"pendingPreKey":{"signedKeyId":6,"baseKey":"BQzXLUZiWvItHMsTZOwtBFHmWs1dDadlmWtwZy0Py/pB","preKeyId":5839395}}},"version":"v1"}