{"_sessions":{"BVgmQ4qtgITOWSKuLowi23b1qBGHolH0ZbuFwFb0Cl4J":{"registrationId":1957483108,"currentRatchet":{"ephemeralKeyPair":{"pubKey":"BRbbSl5TaymldORlxcCK/44cnynjy5y3cX0axwY7q6tB","privKey":"kF/PD1ViDm1ehgCpQ5X9oqidmBibqUeH8EWrWUI9tXs="},"lastRemoteEphemeralKey":"BZUpe6Z1rgkYaX8MFx3gjSaeLWDzlWuzIr59ehF+tiZR","previousCounter":0,"rootKey":"zVQWeCvfhrHuYn68n4ntoS4Cckit0PaCSVmKA7/+BHk="},"indexInfo":{"baseKey":"BVgmQ4qtgITOWSKuLowi23b1qBGHolH0ZbuFwFb0Cl4J","baseKeyType":1,"closed":1730474777489,"used":1730474776426,"created":1730474776426,"remoteIdentityKey":"BdAx47MWkRkdB52ijcFZYbAjmBRK7mOy/XmNyJpxQ9ND"},"_chains":{"BRbbSl5TaymldORlxcCK/44cnynjy5y3cX0axwY7q6tB":{"chainKey":{"counter":-1,"key":"nRGZJ2TArHO+u1Daa43E2DLPc7iPcRuqxwn6Oa4ZEoU="},"chainType":1,"messageKeys":{}}},"pendingPreKey":{"signedKeyId":1,"baseKey":"BVgmQ4qtgITOWSKuLowi23b1qBGHolH0ZbuFwFb0Cl4J","preKeyId":23}},"BTSdsXOjEaPjGxaMBXG9ihy5Gq0qMRukI9f4THEqTLsZ":{"registrationId":1957483108,"currentRatchet":{"ephemeralKeyPair":{"pubKey":"BWw7INO07pkYsPx7VdzrtnQuW2rJl8h2WR0SI8YYhDkF","privKey":"YD5i4uBJjoKTLC60dvOBhT5RxUUr9k1v2GUusHMxoGg="},"lastRemoteEphemeralKey":"BZUpe6Z1rgkYaX8MFx3gjSaeLWDzlWuzIr59ehF+tiZR","previousCounter":0,"rootKey":"BWgFVaulOaN0ygwxqcmB+nxLUxCgru1ft4IFJRzfai8="},"indexInfo":{"baseKey":"BTSdsXOjEaPjGxaMBXG9ihy5Gq0qMRukI9f4THEqTLsZ","baseKeyType":1,"closed":1730474841438,"used":1730474777484,"created":1730474777484,"remoteIdentityKey":"BdAx47MWkRkdB52ijcFZYbAjmBRK7mOy/XmNyJpxQ9ND"},"_chains":{"BWw7INO07pkYsPx7VdzrtnQuW2rJl8h2WR0SI8YYhDkF":{"chainKey":{"counter":-1,"key":"MeYrcTRQNxS5ikp32KYxHG6psQYeg8h5fPeyGCZHO7E="},"chainType":1,"messageKeys":{}}},"pendingPreKey":{"signedKeyId":1,"baseKey":"BTSdsXOjEaPjGxaMBXG9ihy5Gq0qMRukI9f4THEqTLsZ","preKeyId":42}},"BQbvgSu9DPOlwjIJ2ZOqLEgJT8NG4ctwGBiL9sFJxbwJ":{"registrationId":1957483108,"currentRatchet":{"ephemeralKeyPair":{"pubKey":"BcKEkHFQFXXOiF6YHiIDYhpv5PN6dT66Nw6NONtx5el2","privKey":"sFEBq+DeGpPW2IMPIB5yiFf7ktNbKMB5xn6IGl17glQ="},"lastRemoteEphemeralKey":"BZUpe6Z1rgkYaX8MFx3gjSaeLWDzlWuzIr59ehF+tiZR","previousCounter":0,"rootKey":"Sa+Af3xihuyWh3T2/Q8qAs3JqWb3locnKJSoUAr1Ezs="},"indexInfo":{"baseKey":"BQbvgSu9DPOlwjIJ2ZOqLEgJT8NG4ctwGBiL9sFJxbwJ","baseKeyType":1,"closed":-1,"used":1730474841428,"created":1730474841428,"remoteIdentityKey":"BdAx47MWkRkdB52ijcFZYbAjmBRK7mOy/XmNyJpxQ9ND"},"_chains":{"BcKEkHFQFXXOiF6YHiIDYhpv5PN6dT66Nw6NONtx5el2":{"chainKey":{"counter":-1,"key":"Oj8xY8lk88sWIChC/0mVzHShxvl8ujhPIyGPqMerZw0="},"chainType":1,"messageKeys":{}}},"pendingPreKey":{"signedKeyId":1,"baseKey":"BQbvgSu9DPOlwjIJ2ZOqLEgJT8NG4ctwGBiL9sFJxbwJ","preKeyId":8}}},"version":"v1"}