{"_sessions":{"BX/AWHIj8iywunc15YTH41PYk6MJ2dKlLVVWIFRjlKVb":{"registrationId":10350,"currentRatchet":{"ephemeralKeyPair":{"pubKey":"BXfHuEc/O5w4UWedVaAe/K4YpJfPREN9hpTohLqrjxZ3","privKey":"YALmjdV+wREM76Fa2CIOCqJqj4HJm68JnSiV9ge1inA="},"lastRemoteEphemeralKey":"BfcyxvJpwrnJuNngPv49+oOuQqHJ0B+sje6ADxm5XTRZ","previousCounter":0,"rootKey":"Ne9Iv3SWxVfY8p/0+HpCBojkKc89FHFAtlxrvMZ1gEk="},"indexInfo":{"baseKey":"BX/AWHIj8iywunc15YTH41PYk6MJ2dKlLVVWIFRjlKVb","baseKeyType":1,"closed":-1,"used":1730471862502,"created":1730471862502,"remoteIdentityKey":"BSJL6VJdCHLwltbRH4+mTJa/sdrmOPKoIC+KSAz0qdMU"},"_chains":{"BXfHuEc/O5w4UWedVaAe/K4YpJfPREN9hpTohLqrjxZ3":{"chainKey":{"counter":0,"key":"Es9plwF3oNeHFcIjelQ4YnixlAO73xMbAyZBgi+ruuQ="},"chainType":1,"messageKeys":{}}},"pendingPreKey":{"signedKeyId":2,"baseKey":"BX/AWHIj8iywunc15YTH41PYk6MJ2dKlLVVWIFRjlKVb","preKeyId":2191}}},"version":"v1"}