{"_sessions":{"BXiWESYbhHFu7JBxWwEOPntGboFT6Q3bctkTzH+zJ9c9":{"registrationId":9975,"currentRatchet":{"ephemeralKeyPair":{"pubKey":"BWbQF8YBVfXnIjHGfsokOvgFA13ys+LoF5yUcLlZaVhv","privKey":"MIFdOitJwisFgV/cDW32+ZARNYiiTuxnAEkIM5EMlmQ="},"lastRemoteEphemeralKey":"BSqsIreNPguCUvPes5w+uzHNPBDjTDiD8dqAsuL3HkUd","previousCounter":0,"rootKey":"YD4W3wJEhGr5Jqeal99G+un0k7LeYzCLwYv9iklapDA="},"indexInfo":{"baseKey":"BXiWESYbhHFu7JBxWwEOPntGboFT6Q3bctkTzH+zJ9c9","baseKeyType":1,"closed":-1,"used":1730472083838,"created":1730472083838,"remoteIdentityKey":"BWH73+6c4RIj9QCa4vH6s9zNQd/TmWJol2KqnLiqBnIL"},"_chains":{"BWbQF8YBVfXnIjHGfsokOvgFA13ys+LoF5yUcLlZaVhv":{"chainKey":{"counter":16,"key":"b/DUiZwYz5E1nc8MJ7C3Gv2uByAQMEBkepiIMH4nf5c="},"chainType":1,"messageKeys":{}}},"pendingPreKey":{"signedKeyId":1,"baseKey":"BXiWESYbhHFu7JBxWwEOPntGboFT6Q3bctkTzH+zJ9c9"}}},"version":"v1"}