{"_sessions":{"BcK0nfUyPvu5ZBr0eR36BRmVnF16qyIFV2VPSY1oFCkP":{"registrationId":737896091,"currentRatchet":{"ephemeralKeyPair":{"pubKey":"BZ+JOVzAKBa8DRs9ginBY1IYndpGhRBu4EFetCtBfL4S","privKey":"IH8fp/Wz0TSJNCBsHt/VteWUz3IUaHOg+fdwND18F3E="},"lastRemoteEphemeralKey":"BY7SPqovp/6RzrrMANTmL9V6+JqkWTUldHpqThnz3Hkt","previousCounter":0,"rootKey":"P39A22in6AFEYzQhl/+OHw2yTZike3UPm7KKMfuxjcc="},"indexInfo":{"baseKey":"BcK0nfUyPvu5ZBr0eR36BRmVnF16qyIFV2VPSY1oFCkP","baseKeyType":1,"closed":-1,"used":1730473267083,"created":1730473267083,"remoteIdentityKey":"BTXTDOWpi0oFetSKjlSmxanG+wLfdzsbazYsE5hTZUBm"},"_chains":{"BZ+JOVzAKBa8DRs9ginBY1IYndpGhRBu4EFetCtBfL4S":{"chainKey":{"counter":0,"key":"D2m0S+6gXmvSr90uJ+BAdvqViTCfGE7qhfNiQowD2rw="},"chainType":1,"messageKeys":{}}},"pendingPreKey":{"signedKeyId":3,"baseKey":"BcK0nfUyPvu5ZBr0eR36BRmVnF16qyIFV2VPSY1oFCkP","preKeyId":3546702}}},"version":"v1"}