{"_sessions":{"BauBgE7iVwoPS2ipTLf3/Pt15k+2z7LFS13sc7KKC9oe":{"registrationId":78796344,"currentRatchet":{"ephemeralKeyPair":{"pubKey":"BaAEMH7oob17Uc00xJqVAi1gMHoOjC4qJhLs9C+oh2g/","privKey":"8DqFrdpf61rfMmShxq5IFLfiJSZcFkVOWskXRtxT2Eg="},"lastRemoteEphemeralKey":"BW8wR28XwJYWmi/VuFibJFbPEtYh0aTRsb9WvHsl+gJj","previousCounter":0,"rootKey":"4fSLdrLCgNC1Bq9SncLl/n6QCjZQ963ZNkG0EZoWeLs="},"indexInfo":{"baseKey":"BauBgE7iVwoPS2ipTLf3/Pt15k+2z7LFS13sc7KKC9oe","baseKeyType":1,"closed":-1,"used":1730471986230,"created":1730471986230,"remoteIdentityKey":"BX730x8bu4ozl10OHBUp6sGwGPFSlyYArI//AwhyaeJ6"},"_chains":{"BaAEMH7oob17Uc00xJqVAi1gMHoOjC4qJhLs9C+oh2g/":{"chainKey":{"counter":0,"key":"UexIOUMxMQPwHXC79woV3rJkS/zc4rVFj6+KusQxk4g="},"chainType":1,"messageKeys":{}}},"pendingPreKey":{"signedKeyId":9279226,"baseKey":"BauBgE7iVwoPS2ipTLf3/Pt15k+2z7LFS13sc7KKC9oe","preKeyId":5650}}},"version":"v1"}