{"_sessions":{"BdNE3JAtWLY9EPkDrUpLH88G9Bm1lU1E1VV5Ql3eeYAD":{"registrationId":1057286673,"currentRatchet":{"ephemeralKeyPair":{"pubKey":"BUMVbg/R3XTR86tlJ1cNPvYz+i4CL0M7YQYT7lY2W2YQ","privKey":"oM258NaCaOYdQh5q3Qt/fCiKoNu2f7SLkAOV/lnGx2U="},"lastRemoteEphemeralKey":"BXsgFCM7aUQ+UVsnL7ckTkysPI2/ng+ebCDTPyPgXx1a","previousCounter":0,"rootKey":"oVBj26P6ayeBff3Bwn5MWx2wlum+AnfwBw9tiLkqJ3I="},"indexInfo":{"baseKey":"BdNE3JAtWLY9EPkDrUpLH88G9Bm1lU1E1VV5Ql3eeYAD","baseKeyType":1,"closed":-1,"used":1730471862758,"created":1730471862758,"remoteIdentityKey":"BV9Gu1ndMjz9hJwiBz/t/NhdwBQ7WvOhOsw/MHlJtkVf"},"_chains":{"BUMVbg/R3XTR86tlJ1cNPvYz+i4CL0M7YQYT7lY2W2YQ":{"chainKey":{"counter":0,"key":"UPBCHntUbPEHjSdd5DphWe/xLabXnAQu53S4i0Orb3s="},"chainType":1,"messageKeys":{}}},"pendingPreKey":{"signedKeyId":3,"baseKey":"BdNE3JAtWLY9EPkDrUpLH88G9Bm1lU1E1VV5Ql3eeYAD","preKeyId":1944747}}},"version":"v1"}