{"_sessions":{"BT8brtUoq5e2ILzGMDlfhmmRBVORp7sfTmFF35otqoUE":{"registrationId":72,"currentRatchet":{"ephemeralKeyPair":{"pubKey":"BSnyM5GM5WWzaaPeYIwHIp1wlEC7pPjYqSDwjHwxeOlU","privKey":"mIIDH7QpHM09IhSIfv5pNk3Y7KNE0uF2FfIxsPLVaGQ="},"lastRemoteEphemeralKey":"BYmKBfKe6Jicc5BqCOlORjvsQ7XpgjjCW+rCVqCYTSZY","previousCounter":0,"rootKey":"roJqoq+5d7RwUXIVZ9kBMgAb/Q3l379Xb19S++fXgF0="},"indexInfo":{"baseKey":"BT8brtUoq5e2ILzGMDlfhmmRBVORp7sfTmFF35otqoUE","baseKeyType":1,"closed":-1,"used":1730472083906,"created":1730472083906,"remoteIdentityKey":"BSX5AjhdcBYKPPXnMXMrq3j0aiwRQwjAvdknU6saYyQM"},"_chains":{"BSnyM5GM5WWzaaPeYIwHIp1wlEC7pPjYqSDwjHwxeOlU":{"chainKey":{"counter":16,"key":"zQMMYfcnIvxGvz0R8LPkz14lE4QuFHm01vh6gF4c8z8="},"chainType":1,"messageKeys":{}}},"pendingPreKey":{"signedKeyId":1,"baseKey":"BT8brtUoq5e2ILzGMDlfhmmRBVORp7sfTmFF35otqoUE"}}},"version":"v1"}