{"_sessions":{"BQWnFBBhUn7jSFb3BxJ1Z3dW2YpbLUxWRJyv3pC2Gipa":{"registrationId":1846770358,"currentRatchet":{"ephemeralKeyPair":{"pubKey":"BdpkXEnOEVn9eO4FL2zxkAnVM2VtmisMoLT9lv0Fvq5W","privKey":"kGVcaSf1NlSQwhYnIcbkbPXyVKdW7rMbfn799p2Z93A="},"lastRemoteEphemeralKey":"BcRXvMf3PSHZeI1xnHp95yVnvesDkp0yRLNAmAFexJlQ","previousCounter":0,"rootKey":"Nzf7Gh9ZH54b6bfA51DBj5+1qhVPWXXosrpjeAAbSiw="},"indexInfo":{"baseKey":"BQWnFBBhUn7jSFb3BxJ1Z3dW2YpbLUxWRJyv3pC2Gipa","baseKeyType":1,"closed":-1,"used":1730472084059,"created":1730472084059,"remoteIdentityKey":"BUuhnuLXayrF+kMp86AOpxx2ythR5AEsD1dgIuCw7ttT"},"_chains":{"BdpkXEnOEVn9eO4FL2zxkAnVM2VtmisMoLT9lv0Fvq5W":{"chainKey":{"counter":16,"key":"BOiimSKAsy0ajCeAHNDWyG4mH92iwWnrVCPdVWkBfXg="},"chainType":1,"messageKeys":{}}},"pendingPreKey":{"signedKeyId":0,"baseKey":"BQWnFBBhUn7jSFb3BxJ1Z3dW2YpbLUxWRJyv3pC2Gipa"}}},"version":"v1"}