{"_sessions":{"BXZ0a2vvzvgPf7oD+wMTADPYpovwtUEUfALx3Xyy4q5D":{"registrationId":442019049,"currentRatchet":{"ephemeralKeyPair":{"pubKey":"BYpqT62gBWO+cczjjDSEAJ0tFbedwJoKBmFElmWipEZ1","privKey":"0F8/846F0rgmbiET0b9u9+JU95hcp0lFFnOcFzXn5WA="},"lastRemoteEphemeralKey":"BcM9pXk3asbniC5e3PaAOG+5V9P7QjGVW3qkm3+vTx9C","previousCounter":0,"rootKey":"6qe9C0bGCJnLlsIA4XKoXAHWE448eL00EUlCdBC5bpg="},"indexInfo":{"baseKey":"BXZ0a2vvzvgPf7oD+wMTADPYpovwtUEUfALx3Xyy4q5D","baseKeyType":1,"closed":-1,"used":1730471862777,"created":1730471862777,"remoteIdentityKey":"Bd3mBTE+cyOF78JXryNFS/A5mwD2o4jt53F5TdrDsqMu"},"_chains":{"BYpqT62gBWO+cczjjDSEAJ0tFbedwJoKBmFElmWipEZ1":{"chainKey":{"counter":0,"key":"am5Ph74NQMOzW1MyWu73+JZe/k46CdyAQ40ecdMZHEw="},"chainType":1,"messageKeys":{}}},"pendingPreKey":{"signedKeyId":2,"baseKey":"BXZ0a2vvzvgPf7oD+wMTADPYpovwtUEUfALx3Xyy4q5D"}}},"version":"v1"}