{"_sessions":{"Bbxsy4PxhojMmPEWzhl34PK462mksOEh6jbjV1fzF89p":{"registrationId":999406127,"currentRatchet":{"ephemeralKeyPair":{"pubKey":"BQPFep/OlpI6zP0wW/ikPpv9X+CEJ19Zx34Kgv8i1Zsh","privKey":"gD+guRy7VGeRAU3LYSqGfa7DaM28bi1BDuY/a6rullM="},"lastRemoteEphemeralKey":"Ba7TFZy7a6DLjnM1e+52PvDKX8wYvZA2Fw020s5Q0cV0","previousCounter":0,"rootKey":"aHckyRVlOI227dc1fl3P79OCDYRHQZPTCXrDIP9xKig="},"indexInfo":{"baseKey":"Bbxsy4PxhojMmPEWzhl34PK462mksOEh6jbjV1fzF89p","baseKeyType":1,"closed":-1,"used":1730471986297,"created":1730471986297,"remoteIdentityKey":"BVUazz6yD/bNfE2vR7HURsfLnxiAWSReF8aUXhSJM7hq"},"_chains":{"BQPFep/OlpI6zP0wW/ikPpv9X+CEJ19Zx34Kgv8i1Zsh":{"chainKey":{"counter":0,"key":"6JAfFg9TlmBTrnRY+gfOcv0aFqRclSFwX7W4svANya0="},"chainType":1,"messageKeys":{}}},"pendingPreKey":{"signedKeyId":8,"baseKey":"Bbxsy4PxhojMmPEWzhl34PK462mksOEh6jbjV1fzF89p","preKeyId":7397026}}},"version":"v1"}