{"_sessions":{"BcoGQHJAkfiovNCv90jiNKzxrJ2IUW6zTy+qOeI8UyUS":{"registrationId":221,"currentRatchet":{"ephemeralKeyPair":{"pubKey":"BRv2r4hS4BaPQH7/lrO3jfMFcZr5XfW/yQ+yAJlaCKQm","privKey":"gFHST9N+Fhx1C7bd4+01yb/9hh8HNVz34IezDF0fNUs="},"lastRemoteEphemeralKey":"BQDI0FMasHYunIuGsVfXV+umJFSfKo5/FBR2trkNQV9O","previousCounter":0,"rootKey":"eiqrCecfLf26t7dThvYp/W+W4PcTZM0wxsqhkej8Xgk="},"indexInfo":{"baseKey":"BcoGQHJAkfiovNCv90jiNKzxrJ2IUW6zTy+qOeI8UyUS","baseKeyType":1,"closed":-1,"used":1730472083870,"created":1730472083870,"remoteIdentityKey":"BcCgLEBV47QgVjOhOwmVMOuxuE43i5Q6iTxdafEjoVcS"},"_chains":{"BRv2r4hS4BaPQH7/lrO3jfMFcZr5XfW/yQ+yAJlaCKQm":{"chainKey":{"counter":16,"key":"oI51JibJsZtGuopxXX9QVfgdUbHAkRtMYGQO50vwkTQ="},"chainType":1,"messageKeys":{}}},"pendingPreKey":{"signedKeyId":1,"baseKey":"BcoGQHJAkfiovNCv90jiNKzxrJ2IUW6zTy+qOeI8UyUS"}}},"version":"v1"}