{"_sessions":{"BfTwBnImA6L3BaSJ0tn4ZLuLj9NFrdLHJ8cEN0cMQuoy":{"registrationId":195938230,"currentRatchet":{"ephemeralKeyPair":{"pubKey":"BRVYIPIhz4J2LM2KIZvVtz5oJ+7AbN7KjZrBtDybvBRS","privKey":"0KCwB7Crc460oDPWH+AMA8+HTCCqhmeh1EyMNu7R/EQ="},"lastRemoteEphemeralKey":"BY0hvfne1tYLoaI2lOOvYmoOpxXlxdPttdf36Nb+liQt","previousCounter":0,"rootKey":"Zf0fRIPXTc6kQzRKW7DRhtQtDPz3OZIq1ae2lNlKynQ="},"indexInfo":{"baseKey":"BfTwBnImA6L3BaSJ0tn4ZLuLj9NFrdLHJ8cEN0cMQuoy","baseKeyType":1,"closed":-1,"used":1730472084108,"created":1730472084108,"remoteIdentityKey":"BbT7YWEQ0xOfCPJP39Co2/N2A7+Kfj1RmS4OIOu/oOwF"},"_chains":{"BRVYIPIhz4J2LM2KIZvVtz5oJ+7AbN7KjZrBtDybvBRS":{"chainKey":{"counter":16,"key":"ftrlBUN0+6g73WKQnr85QPQd/cXZeNB7uGrmWRtTw1E="},"chainType":1,"messageKeys":{}}},"pendingPreKey":{"signedKeyId":3,"baseKey":"BfTwBnImA6L3BaSJ0tn4ZLuLj9NFrdLHJ8cEN0cMQuoy"}}},"version":"v1"}