{"_sessions":{"BRdWb5AnOXwzljfYsLD0XB9HQkpFpGCo4ZCcSDccr10m":{"registrationId":138340445,"currentRatchet":{"ephemeralKeyPair":{"pubKey":"BcrgrfBvP9lmmI+v+j/p4Sxj+ezl7QKSM4i8F7KYoJtC","privKey":"KLb9n7m4umCFbYhh0oHPFTlIJ0+AozBJcmpiYPuduVI="},"lastRemoteEphemeralKey":"BcnXD4t2P4T6WQFei6di6i8HeSqVgIaAzUhe6CMD9BJu","previousCounter":0,"rootKey":"+3g8CM/KkXPN2QbqBRUwYrLu5v2jab+OvjAZR0djRE4="},"indexInfo":{"baseKey":"BRdWb5AnOXwzljfYsLD0XB9HQkpFpGCo4ZCcSDccr10m","baseKeyType":1,"closed":-1,"used":1730472084086,"created":1730472084086,"remoteIdentityKey":"BdWOfGQKjTJzoMlULzGCFgoYKjeHsbActSh2Hj2voakl"},"_chains":{"BcrgrfBvP9lmmI+v+j/p4Sxj+ezl7QKSM4i8F7KYoJtC":{"chainKey":{"counter":16,"key":"K6kzm4uA1G4jqp3soJos+dXhuZD3sMEE3YE8YDOxtdQ="},"chainType":1,"messageKeys":{}}},"pendingPreKey":{"signedKeyId":0,"baseKey":"BRdWb5AnOXwzljfYsLD0XB9HQkpFpGCo4ZCcSDccr10m","preKeyId":7520713}}},"version":"v1"}