{"_sessions":{"BYpScoDEMWeknQCJzsAeDg44atR5kbqG2yfxKxTHyJo6":{"registrationId":36,"currentRatchet":{"ephemeralKeyPair":{"pubKey":"BargJ87JvEHmjI0bWbsVLxYGh5yV2FS+pn26Mqmtm8AM","privKey":"ILMk2RTdxjZjZjoJ2RXlipH+JXgQ5Wo++mP+D1F4108="},"lastRemoteEphemeralKey":"BY/0da9MXIn93yZUs9fPX88CspbjA5yLBqlXiJQIrXsf","previousCounter":0,"rootKey":"tflYdah1RbLb9YixdFl/tye7wLi0mbKB3enrwvDiKgw="},"indexInfo":{"baseKey":"BYpScoDEMWeknQCJzsAeDg44atR5kbqG2yfxKxTHyJo6","baseKeyType":1,"closed":-1,"used":1730472083855,"created":1730472083855,"remoteIdentityKey":"Bf4/5ND4XB01vbZGwEiIHhQd/Nz4Fjr8MnOTvEVjKhNY"},"_chains":{"BargJ87JvEHmjI0bWbsVLxYGh5yV2FS+pn26Mqmtm8AM":{"chainKey":{"counter":16,"key":"wG25N8edxfgs5vGylqQD8rJCi0N4cgq7hwe1SgK1FZ4="},"chainType":1,"messageKeys":{}}},"pendingPreKey":{"signedKeyId":1,"baseKey":"BYpScoDEMWeknQCJzsAeDg44atR5kbqG2yfxKxTHyJo6"}}},"version":"v1"}