{"_sessions":{"BcKwVhxFci6Fz4BuAzSLxAC520GTq60Kdrd2IeMgCJxU":{"registrationId":239,"currentRatchet":{"ephemeralKeyPair":{"pubKey":"Bfct2a/c2Jq1exi0GtWhyLbl5J5jTv14/bSoJCb5G0Yc","privKey":"wON7YzVZBrJm+dbHSxwCniOkp0keM8xp/UW0P1msDEg="},"lastRemoteEphemeralKey":"BR+LzsjBIJvJA2xKuGg2U75yeHztCRCJ1PCnpde5y58v","previousCounter":0,"rootKey":"HVbmJRVG3nWP7r9YmqI81/dkEAuzmShIJ65/n8sjyZY="},"indexInfo":{"baseKey":"BcKwVhxFci6Fz4BuAzSLxAC520GTq60Kdrd2IeMgCJxU","baseKeyType":1,"closed":-1,"used":1730472083903,"created":1730472083903,"remoteIdentityKey":"BQtS7z8iR2MVH5Pa0ogbQY/Rr3+Bv8GWMEOuk0fX3OEq"},"_chains":{"Bfct2a/c2Jq1exi0GtWhyLbl5J5jTv14/bSoJCb5G0Yc":{"chainKey":{"counter":16,"key":"h2MyL8Jyd0XVp+NaWY6DN3QuQziNLLKH7lsQHQGQSrA="},"chainType":1,"messageKeys":{}}},"pendingPreKey":{"signedKeyId":1,"baseKey":"BcKwVhxFci6Fz4BuAzSLxAC520GTq60Kdrd2IeMgCJxU"}}},"version":"v1"}