{"_sessions":{"BR1Ve1bpZGFGz4fs8B2esoJBrl2uP9Ea+/PB8/PiUw5a":{"registrationId":250471198,"currentRatchet":{"ephemeralKeyPair":{"pubKey":"BUc8LE1N8pchsWWIW66XfpxwXEXT6fqXpX8iHuTLLqs3","privKey":"eHg5GdqDDOJBrvK8Z/LIk6dbZN8y7gbGPzFb8YOZj3Q="},"lastRemoteEphemeralKey":"BT2QYdCDI3kqDuiTQx6+KTsGt2mYbTVyt3j+jKA2UrYd","previousCounter":0,"rootKey":"vV0MIf2SzBitdOddWXfcPqs2ktBPAfnQVjUwHIkg1xs="},"indexInfo":{"baseKey":"BR1Ve1bpZGFGz4fs8B2esoJBrl2uP9Ea+/PB8/PiUw5a","baseKeyType":1,"closed":-1,"used":1730471862674,"created":1730471862674,"remoteIdentityKey":"BQ2hIEcAm/zL23TK6N4wvGIsqnHtc4+OHS2mdoyb16cg"},"_chains":{"BUc8LE1N8pchsWWIW66XfpxwXEXT6fqXpX8iHuTLLqs3":{"chainKey":{"counter":0,"key":"DoT6S6vXZEkiNT1/9nauLRbOTNwNpqfrO6Dfav0xt7s="},"chainType":1,"messageKeys":{}}},"pendingPreKey":{"signedKeyId":3,"baseKey":"BR1Ve1bpZGFGz4fs8B2esoJBrl2uP9Ea+/PB8/PiUw5a","preKeyId":16286089}}},"version":"v1"}