{"_sessions":{"Bfq7hwKtXEpw5e4qV3MxAj35zqECaprX4R37BvnlWOpt":{"registrationId":550916045,"currentRatchet":{"ephemeralKeyPair":{"pubKey":"BRnW3i5JAjqmBYXAsSVtuFHmYxR9e9eciW8jaudLaN0X","privKey":"aMMxS5dkSdK6XysooWfGtbAce4Xoe2HUKzkIpU+jtFk="},"lastRemoteEphemeralKey":"BfF0SpIS0NSS99I4bR/Sr7Hcr9B7XaHxJkqVpwXvxvdq","previousCounter":0,"rootKey":"Ig+9OQjL7RfYW8R8Vaijo+q8sXQHXy+dJUbbF32ddXY="},"indexInfo":{"baseKey":"Bfq7hwKtXEpw5e4qV3MxAj35zqECaprX4R37BvnlWOpt","baseKeyType":1,"closed":-1,"used":1730471862735,"created":1730471862735,"remoteIdentityKey":"BWTT2TZkLL+Z2Cd5JBQGMmP2V2sqXj5jdoktuCuW4oU0"},"_chains":{"BRnW3i5JAjqmBYXAsSVtuFHmYxR9e9eciW8jaudLaN0X":{"chainKey":{"counter":0,"key":"BqUJHBaVW6Ol5bXAgeQlWNQlVZLDSLMFAFCd/JvwWCE="},"chainType":1,"messageKeys":{}}},"pendingPreKey":{"signedKeyId":10,"baseKey":"Bfq7hwKtXEpw5e4qV3MxAj35zqECaprX4R37BvnlWOpt","preKeyId":14724360}}},"version":"v1"}