{"_sessions":{"BaStgJihbDUUVyNixkQXNDY8w2aobgYDzxlTVshE2fR0":{"registrationId":4,"currentRatchet":{"ephemeralKeyPair":{"pubKey":"BUWn6eUSWrhcyVQDicp8bsNuNiufXGb4DhLS6XeaHgcC","privKey":"OMeTV24tjTdOeEtqM2hrWH+aJ7sVdQCNb+rpZBIgdVM="},"lastRemoteEphemeralKey":"BVejfwtF2DAeR6UqaRCv61Xx2/plNcgZjdIwSGqg9mRN","previousCounter":0,"rootKey":"mmiwUgnmAAWul3++QAG9MNcWQBHSwdDGRfitpMmCXYA="},"indexInfo":{"baseKey":"BaStgJihbDUUVyNixkQXNDY8w2aobgYDzxlTVshE2fR0","baseKeyType":1,"closed":-1,"used":1730472083896,"created":1730472083896,"remoteIdentityKey":"BbQWVW7QxSVRTrs2JZNy0cKpDc1gkiOH8bLyQ+R2aAVW"},"_chains":{"BUWn6eUSWrhcyVQDicp8bsNuNiufXGb4DhLS6XeaHgcC":{"chainKey":{"counter":16,"key":"eO49Zhzk7UhsgkpNREyju6zHsoE3QhuXPMf3lq7LZLI="},"chainType":1,"messageKeys":{}}},"pendingPreKey":{"signedKeyId":1,"baseKey":"BaStgJihbDUUVyNixkQXNDY8w2aobgYDzxlTVshE2fR0"}}},"version":"v1"}