{"_sessions":{"BT4d783yIgf7LltF7NTJvK5sveCtziszBYRAXhNeR6Fo":{"registrationId":407721291,"currentRatchet":{"ephemeralKeyPair":{"pubKey":"Bdz21Z/WlO0Fq7T6KNdbb2B1xkVXdr2MKmN8HHxTYEUx","privKey":"iON00Ctcd5IquXL0WRDIXFQBEeiEpFf/aBxq7Yd5qHA="},"lastRemoteEphemeralKey":"BbhG3KjAQ3spJ4AaE3odWvtbG00jH5tWrMLbUok0Sld7","previousCounter":0,"rootKey":"sxW42QkJnhfw9QDpM6mie1/x+t2S/e9l2s1pQ+NF2vE="},"indexInfo":{"baseKey":"BT4d783yIgf7LltF7NTJvK5sveCtziszBYRAXhNeR6Fo","baseKeyType":1,"closed":-1,"used":1730471862731,"created":1730471862731,"remoteIdentityKey":"BXfR7hrPAyzfnhNyCZrTXcLZbxacyDyDbL2nIRXNcUka"},"_chains":{"Bdz21Z/WlO0Fq7T6KNdbb2B1xkVXdr2MKmN8HHxTYEUx":{"chainKey":{"counter":0,"key":"+VZea5enl6B6e+97gorLOrfMq39mVVmWCmDsFtTl9Es="},"chainType":1,"messageKeys":{}}},"pendingPreKey":{"signedKeyId":0,"baseKey":"BT4d783yIgf7LltF7NTJvK5sveCtziszBYRAXhNeR6Fo"}}},"version":"v1"}