{"_sessions":{"BcTqQJnjcVwkFKr0/w9BsHTXQg4eM1EHvynoUV3PvJJA":{"registrationId":1268888225,"currentRatchet":{"ephemeralKeyPair":{"pubKey":"BXlKr47mr9XrsxcAcxdKx3n2wiFTDYrnL/NFL82cu195","privKey":"2OQJZHEgNV/YdMYplrtgFqbTs0l2+Zk/splsF1sb0Ew="},"lastRemoteEphemeralKey":"BdGNz71QwwpMSL4GJgSPMroJg5a9vHgsamHmeSaBbO9G","previousCounter":0,"rootKey":"xjq6Hxne4GXley1snd1FxO3IvJ33l0G5XYVB1vKIAxw="},"indexInfo":{"baseKey":"BcTqQJnjcVwkFKr0/w9BsHTXQg4eM1EHvynoUV3PvJJA","baseKeyType":1,"closed":-1,"used":1730472084839,"created":1730472084839,"remoteIdentityKey":"BSgFLlZINRNnhG4I0UP8RLVWQFgB4uauny2a1ANFF/5z"},"_chains":{"BXlKr47mr9XrsxcAcxdKx3n2wiFTDYrnL/NFL82cu195":{"chainKey":{"counter":16,"key":"ZHLosGJG/w5UBEDC4va5q65OxswANKqHthYMTWO39Co="},"chainType":1,"messageKeys":{}}},"pendingPreKey":{"signedKeyId":1,"baseKey":"BcTqQJnjcVwkFKr0/w9BsHTXQg4eM1EHvynoUV3PvJJA","preKeyId":10748694}}},"version":"v1"}