{"_sessions":{"BbOS9St6Ll0s+0C+edgvteiBSn7mertc2f3yXPAhJbpw":{"registrationId":1610789786,"currentRatchet":{"ephemeralKeyPair":{"pubKey":"BWkEQwei1vqaMH+qQ+5+0nuATFdXgvBxpIsdqePTsStz","privKey":"aJg7luP8oj9yw2gFaJsxzuWMiyTF+za8pmK++Y7Hx24="},"lastRemoteEphemeralKey":"BY6kLUXelGlLdfdVvo/AYyKi4DiCBpUVh14YG6+j3jlm","previousCounter":0,"rootKey":"GlUBSC57Pm0K1Kh63lwaVoK7gBT17ed3BBvMuNplKOc="},"indexInfo":{"baseKey":"BbOS9St6Ll0s+0C+edgvteiBSn7mertc2f3yXPAhJbpw","baseKeyType":1,"closed":-1,"used":1730472083994,"created":1730472083994,"remoteIdentityKey":"BT4DVevUYk3E4NzAxMaVLdWrJ+J/owc6DhjC3+dDqSFM"},"_chains":{"BWkEQwei1vqaMH+qQ+5+0nuATFdXgvBxpIsdqePTsStz":{"chainKey":{"counter":16,"key":"5vrOE2ZosojpoIPOKF3I33kInZXOzV1SMtEBmqt7tXc="},"chainType":1,"messageKeys":{}}},"pendingPreKey":{"signedKeyId":18,"baseKey":"BbOS9St6Ll0s+0C+edgvteiBSn7mertc2f3yXPAhJbpw","preKeyId":7976781}}},"version":"v1"}