{"_sessions":{"BXtGvHvkqf7U1CFP8yniKFMNfFbWNmdoVYz4z6SdQqhC":{"registrationId":1836905778,"currentRatchet":{"ephemeralKeyPair":{"pubKey":"BdzvvIi7QQwyu/Zq88IvnqiMvDEjPjQ75Ug/BuniytAh","privKey":"8O5i19Z0S+z8edh5LEMPtrP1Lx4bAaG2qcRcJtQJRmM="},"lastRemoteEphemeralKey":"BbORscKJMD33yxqOui71GS4joCHuzJ8Qi3HK7dL1lDtx","previousCounter":0,"rootKey":"Etlvuhayri6lzpSG7RIHZUiq9pHMqoTQERUFvNQFHc8="},"indexInfo":{"baseKey":"BXtGvHvkqf7U1CFP8yniKFMNfFbWNmdoVYz4z6SdQqhC","baseKeyType":1,"closed":-1,"used":1730471862577,"created":1730471862577,"remoteIdentityKey":"BWU9y3kPcbd5GRa1Pk4lN3aHxOWomcH2YT5l6Yns1C18"},"_chains":{"BdzvvIi7QQwyu/Zq88IvnqiMvDEjPjQ75Ug/BuniytAh":{"chainKey":{"counter":0,"key":"suV6/9m3LuL5R5EEF4AZrvArrd54Xk5Ggy4GEGgBUMU="},"chainType":1,"messageKeys":{}}},"pendingPreKey":{"signedKeyId":6,"baseKey":"BXtGvHvkqf7U1CFP8yniKFMNfFbWNmdoVYz4z6SdQqhC","preKeyId":14463221}}},"version":"v1"}