{"_sessions":{"BQFWqeWcOmluLCVjAeyzbTsqSTpeeVOhpUzuvQu5Qegg":{"registrationId":806288468,"currentRatchet":{"ephemeralKeyPair":{"pubKey":"BaEPRgI/XJzgI6dvokMj9kBpBuN82aocIBftRAHZKBVL","privKey":"IJnUJrBwVzB68OozKCai7nyCi6HuK0J1wgQ/iT848GI="},"lastRemoteEphemeralKey":"BfLicR4eKUqukPo+9TtCrhmDbPYHJIqz7YnzCVryHqst","previousCounter":0,"rootKey":"JwxQoLKAA0guOqnvHeGx5Y2oIeWJZFduSazvALjX0D0="},"indexInfo":{"baseKey":"BQFWqeWcOmluLCVjAeyzbTsqSTpeeVOhpUzuvQu5Qegg","baseKeyType":1,"closed":-1,"used":1730472084205,"created":1730472084205,"remoteIdentityKey":"BTLcrMkomaGks5oe0PNl1X08WAhLqmYxBhTRF69tJpYh"},"_chains":{"BaEPRgI/XJzgI6dvokMj9kBpBuN82aocIBftRAHZKBVL":{"chainKey":{"counter":16,"key":"zoxnDg2mV5kkp+OIpvtph7k1GU6kwcOJwn1veVo9QGs="},"chainType":1,"messageKeys":{}}},"pendingPreKey":{"signedKeyId":13,"baseKey":"BQFWqeWcOmluLCVjAeyzbTsqSTpeeVOhpUzuvQu5Qegg","preKeyId":8612629}}},"version":"v1"}