{"_sessions":{"BUUUbZlT82otzpEdb6yUK3iZGJI8wDFcDb7W2IT7kFAA":{"registrationId":1413408833,"currentRatchet":{"ephemeralKeyPair":{"pubKey":"BX1CVuQXjQSKwzK4xVOfjI+XUsl9iTExQLPH6u9LC0kc","privKey":"GFQlm2THoW0uDfEQJwgCWIggBtecYQb6Mns1EMfYRFQ="},"lastRemoteEphemeralKey":"Bd9k/CaVnOXNRLi761pUJr8A9X/f5M0CJKckucdCepFJ","previousCounter":0,"rootKey":"r9SMIoz/uoeqbv01DgMjjy6dgoCQPUg01NVJpIHj0NM="},"indexInfo":{"baseKey":"BUUUbZlT82otzpEdb6yUK3iZGJI8wDFcDb7W2IT7kFAA","baseKeyType":1,"closed":-1,"used":1730472084141,"created":1730472084141,"remoteIdentityKey":"BS4189X6SGYdpN9R4tNZsJPjztNIXaj7LExPVRP/wJhe"},"_chains":{"BX1CVuQXjQSKwzK4xVOfjI+XUsl9iTExQLPH6u9LC0kc":{"chainKey":{"counter":16,"key":"RZyPKAeW0zkl7xPW8+5GyBwPGoNPoCpXVBDxVeGcjJo="},"chainType":1,"messageKeys":{}}},"pendingPreKey":{"signedKeyId":0,"baseKey":"BUUUbZlT82otzpEdb6yUK3iZGJI8wDFcDb7W2IT7kFAA","preKeyId":3323025}}},"version":"v1"}