{"_sessions":{"BXsmSenb4uD7+aG/PEQS/AnjJ69upsLvyUgaPrKxp74R":{"registrationId":1454578476,"currentRatchet":{"ephemeralKeyPair":{"pubKey":"BUs5HPRXA/VvZkuvcX8v+aTf+OHSh5qvaIwmjjsBrRUj","privKey":"UFgmnX/g3B8XOAxHT7I5nzhlN1P6Oo2KcuXnXkGfbUE="},"lastRemoteEphemeralKey":"BfvVcMzt+8quimnd2yj10EKpc7gQiPqq3Bq3mKYOvZE8","previousCounter":0,"rootKey":"bu7WF0hn4Vo+IWVxlYyo46s+nqhgFMCBVLDNihEpNLs="},"indexInfo":{"baseKey":"BXsmSenb4uD7+aG/PEQS/AnjJ69upsLvyUgaPrKxp74R","baseKeyType":1,"closed":-1,"used":1730472084757,"created":1730472084757,"remoteIdentityKey":"BflpzJgfsebu1fflniQ+lj2fowmMjEn/I/ifDJRBFA0z"},"_chains":{"BUs5HPRXA/VvZkuvcX8v+aTf+OHSh5qvaIwmjjsBrRUj":{"chainKey":{"counter":16,"key":"WUH6Xu6luo1Hh20DvkHoo30EuF4TjNbu1OAa3ZpC+Xo="},"chainType":1,"messageKeys":{}}},"pendingPreKey":{"signedKeyId":0,"baseKey":"BXsmSenb4uD7+aG/PEQS/AnjJ69upsLvyUgaPrKxp74R","preKeyId":12419114}}},"version":"v1"}