{"_sessions":{"Bb0EO1gpKlc6s1MOBKeB5/zTn0UVIOkDsCgHwSoExb9+":{"registrationId":1795758420,"currentRatchet":{"ephemeralKeyPair":{"pubKey":"Bc/8m+7tAWYzzTp1gDw7epxYnFG90VkwJvkOcCp5z99d","privKey":"SJGHzb+xik52L/PjMULUAFiIJ98ull1qJ0ki30B4xko="},"lastRemoteEphemeralKey":"Bf3gP+Xbf6ykdEHxnBSDhl0n4vo1kbdY3ogk5FuplSkX","previousCounter":0,"rootKey":"fKRU6FMo89n0OR+W1O/Ei3n4a8M1WfHIEOZ/lfOyr2Y="},"indexInfo":{"baseKey":"Bb0EO1gpKlc6s1MOBKeB5/zTn0UVIOkDsCgHwSoExb9+","baseKeyType":1,"closed":-1,"used":1730472083937,"created":1730472083937,"remoteIdentityKey":"BcI0RoH7nVyl9Ro1X4DcT5L0hyoVnA4M9VdR5hkdXPky"},"_chains":{"Bc/8m+7tAWYzzTp1gDw7epxYnFG90VkwJvkOcCp5z99d":{"chainKey":{"counter":16,"key":"MKrz6XS1UEAdfoiNCPFeKjIyET8qn3zJOKIkZ7JWdUY="},"chainType":1,"messageKeys":{}}},"pendingPreKey":{"signedKeyId":1,"baseKey":"Bb0EO1gpKlc6s1MOBKeB5/zTn0UVIOkDsCgHwSoExb9+","preKeyId":10525571}}},"version":"v1"}