{"_sessions":{"BUK6YjtE3uik9oB99h2Ta/eolQhj5qtRLobvhlaRFIsB":{"registrationId":54,"currentRatchet":{"ephemeralKeyPair":{"pubKey":"BdelRm0lAk0P7X4chONMgTTTnoHtJ0t37M6hYAeP7DV9","privKey":"UOI12CflBWS7zhEyO8+X9N6TI8Ir38dXwHLFcjmsBFI="},"lastRemoteEphemeralKey":"BRy+jvtv5CNZZbqTHEFmordXO/gb4fZC1f3SmZ+uGa0h","previousCounter":0,"rootKey":"kMwd7yrnXgNEzl9OYDtXy0i743n7Atw5qrxmOw5xCBM="},"indexInfo":{"baseKey":"BUK6YjtE3uik9oB99h2Ta/eolQhj5qtRLobvhlaRFIsB","baseKeyType":1,"closed":-1,"used":1730471862511,"created":1730471862511,"remoteIdentityKey":"BVJ0oS6A6zGyr6ED9UpOvbWhYfxbd2SWybNkGcpeNyMQ"},"_chains":{"BdelRm0lAk0P7X4chONMgTTTnoHtJ0t37M6hYAeP7DV9":{"chainKey":{"counter":0,"key":"ZQebqFWR40Rr0QvZF0bJdhqQoeScsruvHJYoRK1dnEk="},"chainType":1,"messageKeys":{}}},"pendingPreKey":{"signedKeyId":1,"baseKey":"BUK6YjtE3uik9oB99h2Ta/eolQhj5qtRLobvhlaRFIsB","preKeyId":1377}}},"version":"v1"}