{"_sessions":{"BWofkTDsEbwnqXAi3rRyscLZJmWOxIHCDgIhuCEwceAx":{"registrationId":1806678489,"currentRatchet":{"ephemeralKeyPair":{"pubKey":"BYbIYnsyCY+wIfBOgr2JR1hg2KSW+nMmoIgH0wbhIJsL","privKey":"8OfuHba9VUJeCJiiDG5HWWn2d0zr5vpTITzifg2VNmE="},"lastRemoteEphemeralKey":"BTV1RFBMDrIDZYQL1Wp6vE0NNRHWuJp5jfysanduq8dq","previousCounter":0,"rootKey":"75BrIc1PyNriZT9a/Y/2y3RY+07O1EyMrWQT5q9bsb8="},"indexInfo":{"baseKey":"BWofkTDsEbwnqXAi3rRyscLZJmWOxIHCDgIhuCEwceAx","baseKeyType":1,"closed":-1,"used":1730472884396,"created":1730471862739,"remoteIdentityKey":"BbS7NNoclQwVwCIvbztAqz3GU3v8valbQhoO2mYMTxlS"},"_chains":{"BTV1RFBMDrIDZYQL1Wp6vE0NNRHWuJp5jfysanduq8dq":{"chainKey":{"counter":0,"key":"JWkD1GKsGktdmGWBAK9KkBmQo8g7wPAvw/hoGMcpx8U="},"chainType":2,"messageKeys":{}},"BYbIYnsyCY+wIfBOgr2JR1hg2KSW+nMmoIgH0wbhIJsL":{"chainKey":{"counter":-1,"key":"xKerPgArPJ0eEDrw5ZbSNQ2rihc4PgQNdT5gLhV2iVA="},"chainType":1,"messageKeys":{}}}}},"version":"v1"}