{"_sessions":{"BdANKGuqjoWUDf4naE7tRdtEC3b9S8xWOmKROPOYgl10":{"registrationId":2014575088,"currentRatchet":{"ephemeralKeyPair":{"pubKey":"BVN3tMAujEUjJf3wSclZtOYrLTcyIaKhEBDcqTkA2rkn","privKey":"kKaRdvEFTqUBlwVrE72XKvgjybKS1iGOud5EBZx9JWc="},"lastRemoteEphemeralKey":"BaTelnBvcoKu6uS4j1QP/sN0Uoy1hYUOBGAGqsUhh3AY","previousCounter":0,"rootKey":"gdwuY+kCFjGLuMJ860BnT3kvkuWcnSCgcCwVaRZYDf8="},"indexInfo":{"baseKey":"BdANKGuqjoWUDf4naE7tRdtEC3b9S8xWOmKROPOYgl10","baseKeyType":1,"closed":-1,"used":1730471986516,"created":1730471986516,"remoteIdentityKey":"Bck/LmG044XTHlzDoltS1nZDZmT+L8M7Z+bRTkQc5BsL"},"_chains":{"BVN3tMAujEUjJf3wSclZtOYrLTcyIaKhEBDcqTkA2rkn":{"chainKey":{"counter":0,"key":"N+M+gWsVsvIHCCyjGtcYO/SzNT0eE1bwFLb6DbOvVnI="},"chainType":1,"messageKeys":{}}},"pendingPreKey":{"signedKeyId":31,"baseKey":"BdANKGuqjoWUDf4naE7tRdtEC3b9S8xWOmKROPOYgl10","preKeyId":1214270}}},"version":"v1"}