{"_sessions":{"Bd6sFfsL2487OfBZIUX9aMJTNJgsjbyymgPZON621oU7":{"registrationId":47964396,"currentRatchet":{"ephemeralKeyPair":{"pubKey":"BW8PFBONMAO9emfVZIIwevi6w60RUyKTFjScRGFgemct","privKey":"4H5mgtUzpW0rWJCLUBZfBFaMsRR4uiLH/60CoqantnI="},"lastRemoteEphemeralKey":"BTF85T8nDkAglEeeMjYFGYsyBwZP73kLz83dhGZ0UP0x","previousCounter":0,"rootKey":"LzZ9nXEXE2CZ/jRW0f8uERHHzPlTcvdUSmFEFW6jpds="},"indexInfo":{"baseKey":"Bd6sFfsL2487OfBZIUX9aMJTNJgsjbyymgPZON621oU7","baseKeyType":1,"closed":-1,"used":1730471862692,"created":1730471862692,"remoteIdentityKey":"BW4c7B9fhDP0SdeZoF4cuSFpbtAbyiD333IhKDMiCf9D"},"_chains":{"BW8PFBONMAO9emfVZIIwevi6w60RUyKTFjScRGFgemct":{"chainKey":{"counter":3,"key":"9VYxn2QYP2Qa6pr8xawCrHosUoTEsxA4P2hKjs1qFRw="},"chainType":1,"messageKeys":{}}},"pendingPreKey":{"signedKeyId":4,"baseKey":"Bd6sFfsL2487OfBZIUX9aMJTNJgsjbyymgPZON621oU7","preKeyId":15273058}}},"version":"v1"}