{"_sessions":{"Ba64cAk9mAbvvs5rTq2El7NRg6pvhJ77RfLZlMBM/f1N":{"registrationId":1672519743,"currentRatchet":{"ephemeralKeyPair":{"pubKey":"BQPh8T5wGN8ZEhoQiFwwXrUlxU6ocNNqEmxN1TfsijUS","privKey":"YBZ2qxwjkKqpc79qmMvEHAPYGVzabj2fZtBXxtZULEc="},"lastRemoteEphemeralKey":"BT4Qq5tO9shQrhD+aI7e6MwPui1gfXLtxSIc6W19uXM7","previousCounter":0,"rootKey":"EhxsNg8bOQmJ8BiYlTELdr3g68PrA2l4uiD4eIMFZ7M="},"indexInfo":{"baseKey":"Ba64cAk9mAbvvs5rTq2El7NRg6pvhJ77RfLZlMBM/f1N","baseKeyType":1,"closed":-1,"used":1730472083970,"created":1730472083970,"remoteIdentityKey":"BRmej30moc1x1YDaDKpnHRDUweiW0iVI+GgWFQTYtsNv"},"_chains":{"BQPh8T5wGN8ZEhoQiFwwXrUlxU6ocNNqEmxN1TfsijUS":{"chainKey":{"counter":16,"key":"7RTVrNEL80s/jcP4uvhOn5xFkk5Isw2mOKN5HChxq8w="},"chainType":1,"messageKeys":{}}},"pendingPreKey":{"signedKeyId":1,"baseKey":"Ba64cAk9mAbvvs5rTq2El7NRg6pvhJ77RfLZlMBM/f1N","preKeyId":12487160}}},"version":"v1"}