{"_sessions":{"BcNFttxDBsv7LzmlKMeSxfgoLT2TDXH2fM9prbCKFPtJ":{"registrationId":974693993,"currentRatchet":{"ephemeralKeyPair":{"pubKey":"BSo7WWo4/p3XyhFn9pc2X536HOyMdPXSiiLVo2UR6CVH","privKey":"6B20I5Tgi3ookc5bNCcVirVaH7ZDKKXDw3aRTswr+lY="},"lastRemoteEphemeralKey":"BXtXMuqR8vh+Q/bZMTXeCNVJJKH5krCnDNvKP1H1TBIk","previousCounter":0,"rootKey":"kzWEWvEEgwrFQ7KmlJP+SaLP2fk6BFJskARxOtG+jAA="},"indexInfo":{"baseKey":"BcNFttxDBsv7LzmlKMeSxfgoLT2TDXH2fM9prbCKFPtJ","baseKeyType":1,"closed":-1,"used":1730472084112,"created":1730472084112,"remoteIdentityKey":"BTudk2b9nPLKZsFyvB1JX/rjOcDGS1yJriM1uurz9Z0k"},"_chains":{"BSo7WWo4/p3XyhFn9pc2X536HOyMdPXSiiLVo2UR6CVH":{"chainKey":{"counter":16,"key":"hOHQhAXB1NvvQAXzYyVrjBwIOdEoovxnMYQi9tMJrPQ="},"chainType":1,"messageKeys":{}}},"pendingPreKey":{"signedKeyId":1,"baseKey":"BcNFttxDBsv7LzmlKMeSxfgoLT2TDXH2fM9prbCKFPtJ","preKeyId":6219103}}},"version":"v1"}