{"_sessions":{"BfeVCv52TgbwQbQhaUqWWzaOW11V+lLxCQn9kaUjHaJI":{"registrationId":961658633,"currentRatchet":{"ephemeralKeyPair":{"pubKey":"BU/f/+DV4sYciS9KWh8sq3Y+V44aHl9FhEI/FbDHgkgB","privKey":"CJLLqr65vp4MR3xrf05UKxC+3Rv7zz5FN6yiuIAlR3A="},"lastRemoteEphemeralKey":"BZbOUZuUU3/BD0mQsaVcqXzu8LKrXq5pUb+NbfcsgfA0","previousCounter":0,"rootKey":"4JcFrHRayagILHds5ufOK3TRV14g8RlqWW5t3+lKNIo="},"indexInfo":{"baseKey":"BfeVCv52TgbwQbQhaUqWWzaOW11V+lLxCQn9kaUjHaJI","baseKeyType":1,"closed":-1,"used":1730472084794,"created":1730472084794,"remoteIdentityKey":"BQ30+MZqG1GHdpvu9KKCMQnxqt52lUXaaFd+hLyoCwUZ"},"_chains":{"BU/f/+DV4sYciS9KWh8sq3Y+V44aHl9FhEI/FbDHgkgB":{"chainKey":{"counter":16,"key":"8Jm4dCd92O5W0X1BIdI9vU0Hi1xhQH8Sxj54qPBoemw="},"chainType":1,"messageKeys":{}}},"pendingPreKey":{"signedKeyId":1,"baseKey":"BfeVCv52TgbwQbQhaUqWWzaOW11V+lLxCQn9kaUjHaJI","preKeyId":5211863}}},"version":"v1"}