{"_sessions":{"BR4LCPtGWv6J0uyXcV5XAnaGOmgoQA0l4mNMDPfK9MB+":{"registrationId":2105829875,"currentRatchet":{"ephemeralKeyPair":{"pubKey":"BT+Kqsts49K3hp3lokTSYhr765ajAFCGgzpitOgdU9FH","privKey":"4NYTCiFAkQzbqjxWK3naYXbA/7Z9zBkUu+s7aao/FnE="},"lastRemoteEphemeralKey":"BdMtm/YCo/3QberrcfW1utnnlqs8kBVWzcJEuG6yqTUR","previousCounter":0,"rootKey":"mRlzSyTyu6YLsbM/VCeE4UlOdWA7v2iafAXuaFeTDGQ="},"indexInfo":{"baseKey":"BR4LCPtGWv6J0uyXcV5XAnaGOmgoQA0l4mNMDPfK9MB+","baseKeyType":1,"closed":-1,"used":1730471862780,"created":1730471862780,"remoteIdentityKey":"BUXfbLK/DPYwXy/r/cNi9bThsFzhnFC/2G1vlHWHuFNa"},"_chains":{"BT+Kqsts49K3hp3lokTSYhr765ajAFCGgzpitOgdU9FH":{"chainKey":{"counter":0,"key":"A+CVlZPcDzKQ82sDnm6kx2bhaNHP8lSwHrTnbdWvk5s="},"chainType":1,"messageKeys":{}}},"pendingPreKey":{"signedKeyId":9,"baseKey":"BR4LCPtGWv6J0uyXcV5XAnaGOmgoQA0l4mNMDPfK9MB+"}}},"version":"v1"}