{"_sessions":{"BTbLMPAcT99txgD/JARjVvdv/zHduFgtOjtrhsgaTEx5":{"registrationId":970533136,"currentRatchet":{"ephemeralKeyPair":{"pubKey":"BbBFdB9CQ6YUfyqzKqNPl0Uo//DcvrzoCiuYc2BI3Whj","privKey":"eEtj0TTumbrGZyoytmVmgGD9+CqKrKu2U2E1cTpc5kA="},"lastRemoteEphemeralKey":"BdpawUMX/cYsm2I4SGX79ZRNUVZi2F9K2BbcHnFHxLAR","previousCounter":0,"rootKey":"uyAh8hDUiA27IcrVzbYicUfNAM1AfsNZJz3p41TMNpQ="},"indexInfo":{"baseKey":"BTbLMPAcT99txgD/JARjVvdv/zHduFgtOjtrhsgaTEx5","baseKeyType":1,"closed":-1,"used":1730472084038,"created":1730472084038,"remoteIdentityKey":"BYaG7i6VMWV1qbSkyQlL0z69jCpb7WiStZmKEB0W5JBz"},"_chains":{"BbBFdB9CQ6YUfyqzKqNPl0Uo//DcvrzoCiuYc2BI3Whj":{"chainKey":{"counter":16,"key":"uVTt7j3gyPku8rzBPS0v/d25WbNmB8rhaTQAQfGk63w="},"chainType":1,"messageKeys":{}}},"pendingPreKey":{"signedKeyId":0,"baseKey":"BTbLMPAcT99txgD/JARjVvdv/zHduFgtOjtrhsgaTEx5","preKeyId":2590053}}},"version":"v1"}