{"_sessions":{"BZShR4iVfDJ6CR7iEyGmNSaxBqwNpaDPs78ACvxELw4g":{"registrationId":2088987569,"currentRatchet":{"ephemeralKeyPair":{"pubKey":"BRCzRSqOJldvafNefJAQYWJCEAYf28FUuivBONKuHht4","privKey":"MKoGV9Pnh2zr/RYI2qPxc6tzyX9Y7//PP3/Ueyk+D3g="},"lastRemoteEphemeralKey":"BTyUxZSwgyjO5EkNPrF42su+Nc1akYLpVso2R6DMJ8gc","previousCounter":0,"rootKey":"+OGZym1JHUfZO4h81hiBeTl+x/r2C14kTLGw3t15QzI="},"indexInfo":{"baseKey":"BZShR4iVfDJ6CR7iEyGmNSaxBqwNpaDPs78ACvxELw4g","baseKeyType":1,"closed":-1,"used":1730471862701,"created":1730471862701,"remoteIdentityKey":"BZ+hk4NiiQX1T9CuPJLD4XcxID3h9czFNE/bKtmKnjpc"},"_chains":{"BRCzRSqOJldvafNefJAQYWJCEAYf28FUuivBONKuHht4":{"chainKey":{"counter":0,"key":"J4KfWQ5QgyjcMc2qmvZ+X3IP6W/LYzFs/Vl3JAUnnSk="},"chainType":1,"messageKeys":{}}},"pendingPreKey":{"signedKeyId":2,"baseKey":"BZShR4iVfDJ6CR7iEyGmNSaxBqwNpaDPs78ACvxELw4g","preKeyId":15104699}}},"version":"v1"}