{"_sessions":{"BbzA/zAuBLCdLVj9Ob6PYvG3pMEZsa06MjnBKNpdSG5o":{"registrationId":746663568,"currentRatchet":{"ephemeralKeyPair":{"pubKey":"BRGXg7C1lRFpTGt624mr8XcY/amieTp9+Po2lrPk2G5o","privKey":"2CcijNnttPSgo89SxlcKn3i3OeM7mBwfnHsYaELuV0Y="},"lastRemoteEphemeralKey":"BR7CS+6mnPeYk5IDOYnuFB2A0Z0L16p3dbLJwWJdMrsz","previousCounter":0,"rootKey":"dVofaF8BzFLdoQ3FFUkHjv+JDY2kmr8IbcOFkzU6uQ0="},"indexInfo":{"baseKey":"BbzA/zAuBLCdLVj9Ob6PYvG3pMEZsa06MjnBKNpdSG5o","baseKeyType":1,"closed":-1,"used":1730472084033,"created":1730472084033,"remoteIdentityKey":"BR5Rm1aEH6PoIwGUAU21boberxAnl8Tp9rtd6SVMVe1P"},"_chains":{"BRGXg7C1lRFpTGt624mr8XcY/amieTp9+Po2lrPk2G5o":{"chainKey":{"counter":16,"key":"6mT65GXtu1m14p59kpKU0jYiDd5/vswUWPMkFZGeky0="},"chainType":1,"messageKeys":{}}},"pendingPreKey":{"signedKeyId":0,"baseKey":"BbzA/zAuBLCdLVj9Ob6PYvG3pMEZsa06MjnBKNpdSG5o","preKeyId":4865313}}},"version":"v1"}