{"_sessions":{"BZbdAHmuU/NM0ocVyIidBnqz8U4spN1tNtOrZIoQ+/YB":{"registrationId":362667022,"currentRatchet":{"ephemeralKeyPair":{"pubKey":"BUg0uPrVXKRFKV/YTKODI4RAd0PT6uzn3tHnC9fr75UL","privKey":"sL0ByFsEQ6Tg/R1/4rynFDVgk6+j/ZIQWnimdTFPvG4="},"lastRemoteEphemeralKey":"BVAc+9jRJ1YeW/mZQdeN5jGWbdQREcwgtDB8ugaGnmJw","previousCounter":0,"rootKey":"93UbyYMl+CUrLEsKN8Rdrm++QvVLCVSTHUNzqRecTfI="},"indexInfo":{"baseKey":"BZbdAHmuU/NM0ocVyIidBnqz8U4spN1tNtOrZIoQ+/YB","baseKeyType":1,"closed":-1,"used":1730472084210,"created":1730472084210,"remoteIdentityKey":"BYgN4X9AyG19Ay3/sTvmC2ni5pE3gUM+FzEz5xnHFdgr"},"_chains":{"BUg0uPrVXKRFKV/YTKODI4RAd0PT6uzn3tHnC9fr75UL":{"chainKey":{"counter":16,"key":"KHrcCo3pFHNWAdd8O/IR7sRyX8sLD/wizTqRf08McJ4="},"chainType":1,"messageKeys":{}}},"pendingPreKey":{"signedKeyId":1,"baseKey":"BZbdAHmuU/NM0ocVyIidBnqz8U4spN1tNtOrZIoQ+/YB","preKeyId":7359568}}},"version":"v1"}