{"_sessions":{"BbGl4yAeRxTck07D7+tWq0BtJfxakDZRomi5dHDdyJ82":{"registrationId":1960433365,"currentRatchet":{"ephemeralKeyPair":{"pubKey":"BZ/3x4225B3nSvVp1J2Sl7s/0dcejoguTfDswtEokmM1","privKey":"iK3tCYjUm245rb8eLAGN1/19Qy0wBN9G/y+c0x4bkUQ="},"lastRemoteEphemeralKey":"BfNeFU8Bg0z6FO8MacfxGGOeQ/5MHXWQsyx/MOLR20wv","previousCounter":0,"rootKey":"rHrGtw3UZv9Z0Lc4Z1kqlaD+tiqOyzGHKZB6oEhUzPA="},"indexInfo":{"baseKey":"BbGl4yAeRxTck07D7+tWq0BtJfxakDZRomi5dHDdyJ82","baseKeyType":1,"closed":-1,"used":1730472368984,"created":1730472368984,"remoteIdentityKey":"BQufQGdwBLa34OLceoBSdU3SK48Lb5YpX37/RQyScHR2"},"_chains":{"BZ/3x4225B3nSvVp1J2Sl7s/0dcejoguTfDswtEokmM1":{"chainKey":{"counter":0,"key":"+jecnvMNpdET9BCMi7/DQH8b9yi17pZ7U4RVMpjQIg0="},"chainType":1,"messageKeys":{}}},"pendingPreKey":{"signedKeyId":5,"baseKey":"BbGl4yAeRxTck07D7+tWq0BtJfxakDZRomi5dHDdyJ82","preKeyId":10575026}}},"version":"v1"}