{"_sessions":{"BSo56O4HOG7cjS+6iba5ktDl671UcjIMp9bJmdoiPHIm":{"registrationId":172509552,"currentRatchet":{"ephemeralKeyPair":{"pubKey":"Be0R/pfeeFkWA/zR6AbV5ruqtboz4GZGzRCn5DAYTuks","privKey":"8D/CRkbqZRYr9cV5JdqU0rYMd+JFrtquo6s7VS3gRHI="},"lastRemoteEphemeralKey":"Bf4KNOkyro7O0dK9FtL8MlDN3FFbTBvVgGBmY1rigdkH","previousCounter":0,"rootKey":"DCBgcD7FU7+nPPCuwoubms8O5L4SEawaEv99AXfOmIk="},"indexInfo":{"baseKey":"BSo56O4HOG7cjS+6iba5ktDl671UcjIMp9bJmdoiPHIm","baseKeyType":1,"closed":-1,"used":1730471862539,"created":1730471862539,"remoteIdentityKey":"Bc4Kdo6M7Isv3IOC3pBDFb0qBAyr/l7+ykJlP7+pElA5"},"_chains":{"Be0R/pfeeFkWA/zR6AbV5ruqtboz4GZGzRCn5DAYTuks":{"chainKey":{"counter":0,"key":"XU9cz78lSasWaMYvgVzc0TETLVbtOWLkNMvgeSDE9cA="},"chainType":1,"messageKeys":{}}},"pendingPreKey":{"signedKeyId":12,"baseKey":"BSo56O4HOG7cjS+6iba5ktDl671UcjIMp9bJmdoiPHIm","preKeyId":5842202}}},"version":"v1"}