{"_sessions":{"BUTLTaFou7d5AJA3CpLzapOusvbBbUUn3Pm0tnuXwxcW":{"registrationId":1799552195,"currentRatchet":{"ephemeralKeyPair":{"pubKey":"BScaL3WGEDiRCS0f1sfEpWsLvwdfybwJta8CxK+kBpsP","privKey":"2EhYw+AMc121C5PM8nhLNEEJSjdnKOfnRn/4oaQKZW4="},"lastRemoteEphemeralKey":"BbVr6tSH0fKyG2CB6jggmuINPqd4vwdMGUdgjcJWKnBu","previousCounter":0,"rootKey":"P7XLIrgmK/wlmh3vF+WOUVg1dOowkg1Po5kxfEVgkzI="},"indexInfo":{"baseKey":"BUTLTaFou7d5AJA3CpLzapOusvbBbUUn3Pm0tnuXwxcW","baseKeyType":1,"closed":-1,"used":1730471986099,"created":1730471986099,"remoteIdentityKey":"BRHlGgmZ2GOjgNCbsQ3av3gGZ4TMlZHm9Z0++X44hWAf"},"_chains":{"BScaL3WGEDiRCS0f1sfEpWsLvwdfybwJta8CxK+kBpsP":{"chainKey":{"counter":0,"key":"X88mOSzK6LqW+oHZzYPEyN46o6Kbu3x/iBHCJWundKE="},"chainType":1,"messageKeys":{}}},"pendingPreKey":{"signedKeyId":1,"baseKey":"BUTLTaFou7d5AJA3CpLzapOusvbBbUUn3Pm0tnuXwxcW","preKeyId":1197}}},"version":"v1"}