{"_sessions":{"BW8oBOvvPqG2mDHOd/jvKdZo8mnqYTBTSa2s1uRRAIdv":{"registrationId":369322628,"currentRatchet":{"ephemeralKeyPair":{"pubKey":"BSF8oGP71RdI1u6/F8/+MdnQ+NDR2vGF92lq22KRTlk+","privKey":"wOqQl189ZXhB2dNQWGOTs+27Sh17PlvKJvaY03oA11c="},"lastRemoteEphemeralKey":"Bfr29S+JjZcf5d/rsXf5Gs0DEwBxxHbNDq8kQjVTRyld","previousCounter":0,"rootKey":"rLWfiIb2j5hjmYxHUlWYbMlVgcW2SeQdPTqZIjk+wd8="},"indexInfo":{"baseKey":"BW8oBOvvPqG2mDHOd/jvKdZo8mnqYTBTSa2s1uRRAIdv","baseKeyType":1,"closed":-1,"used":1730471862679,"created":1730471862679,"remoteIdentityKey":"BRSxRKm6279GT15PWBIlraCBkfu83uBTwQSs9i36miUQ"},"_chains":{"BSF8oGP71RdI1u6/F8/+MdnQ+NDR2vGF92lq22KRTlk+":{"chainKey":{"counter":0,"key":"MaSxdKALi1q6qzH8PCEZIT+h+aoZ5gRfRhRHt8vU/zk="},"chainType":1,"messageKeys":{}}},"pendingPreKey":{"signedKeyId":6,"baseKey":"BW8oBOvvPqG2mDHOd/jvKdZo8mnqYTBTSa2s1uRRAIdv","preKeyId":7389523}}},"version":"v1"}