{"_sessions":{"BcNUGDYBBx6gkMDT2OxPJkwmi3O7if4h5HSGML6bNqBE":{"registrationId":1791,"currentRatchet":{"ephemeralKeyPair":{"pubKey":"BainoM32L72BV1GllUYA49sZ70bN41iYd4FRQM3dHacv","privKey":"kKVxb6LVOyoYQsBUySO/NY356D9rspvbZy/j1P9Qo2I="},"lastRemoteEphemeralKey":"BUQZKLroHAALwoMHkZ2IM5A9Q6WsBwz93UWWVegDaVgT","previousCounter":0,"rootKey":"k+3Og60bC27iyd06LXw4+eZFY1v+CulC9wrEG7kcCY8="},"indexInfo":{"baseKey":"BcNUGDYBBx6gkMDT2OxPJkwmi3O7if4h5HSGML6bNqBE","baseKeyType":1,"closed":-1,"used":1730471862493,"created":1730471862493,"remoteIdentityKey":"BfiFIzD+ukwCWbgqNBgcGO5bv0cs0Y/09gUqfUMYcQVl"},"_chains":{"BainoM32L72BV1GllUYA49sZ70bN41iYd4FRQM3dHacv":{"chainKey":{"counter":0,"key":"PPgnLV9rHmh/BZwilDeG9hm5eEbDzmzgCwsoOsN0LvY="},"chainType":1,"messageKeys":{}}},"pendingPreKey":{"signedKeyId":1,"baseKey":"BcNUGDYBBx6gkMDT2OxPJkwmi3O7if4h5HSGML6bNqBE"}}},"version":"v1"}