{"_sessions":{"BTCT5zyylMQReWWxayH+NXoM+5HXPb4+byJHlIjJqrYy":{"registrationId":80637152,"currentRatchet":{"ephemeralKeyPair":{"pubKey":"BaEfNepWNZ42tB9aZn5TXc+mj6u45HJl8N0ibNt3NpcB","privKey":"qNbpqkTRUtnDFQaLQg9ONSP3iIpIY1kW9MEbcf5d3m0="},"lastRemoteEphemeralKey":"Bb/gVtUTCvrUSu4YmUHepgUxv2MedbNbqk3fKAHtOO9+","previousCounter":0,"rootKey":"oEcVuZPVphFjIwcvOESuOSWZgmrnVj0WJsUCyJJlRdg="},"indexInfo":{"baseKey":"BTCT5zyylMQReWWxayH+NXoM+5HXPb4+byJHlIjJqrYy","baseKeyType":1,"closed":-1,"used":1730474823066,"created":1730471986454,"remoteIdentityKey":"Bb1ttAYpe6WnY12inI+xaX3Bl1Lb3m0rBp26NhAaYFB2"},"_chains":{"Bb/gVtUTCvrUSu4YmUHepgUxv2MedbNbqk3fKAHtOO9+":{"chainKey":{"counter":0,"key":"Z+opnPuDBo0Wx4wB8UreIgmlPvt+GXf09hvpUVXLzYM="},"chainType":2,"messageKeys":{}},"BaEfNepWNZ42tB9aZn5TXc+mj6u45HJl8N0ibNt3NpcB":{"chainKey":{"counter":-1,"key":"KDZwWNGjl6KrUwCQewiELsJXnmxyGz6B5OAjKOP9G5I="},"chainType":1,"messageKeys":{}}}}},"version":"v1"}