{"_sessions":{"BY66fsy/df4EeytBSbcgHpn7Q+5toBTfhh3G5O80VFUi":{"registrationId":1439602815,"currentRatchet":{"ephemeralKeyPair":{"pubKey":"BfrEFkyxB5651p1xZBJIvM8QDrguuNUEfaAJbdY0cTZW","privKey":"UBFSt7zAbhfLFLlVGtpIVjsfmZsyN7qrHk1VBig0d2E="},"lastRemoteEphemeralKey":"BTl5jWt1k4OWLRbhIgzJsdbgWx519rsz20DOtmzs/o8X","previousCounter":0,"rootKey":"oPjrK1OxdX80upkN6OUT3MliEvApDvhuhPZJyJAB+zw="},"indexInfo":{"baseKey":"BY66fsy/df4EeytBSbcgHpn7Q+5toBTfhh3G5O80VFUi","baseKeyType":1,"closed":-1,"used":1730472084798,"created":1730472084798,"remoteIdentityKey":"Bb88Fu0NYK9YSg5K4pIRKCqV3LnYE7qNmmeuYb8rvJdn"},"_chains":{"BfrEFkyxB5651p1xZBJIvM8QDrguuNUEfaAJbdY0cTZW":{"chainKey":{"counter":16,"key":"0BZpIyPAxhSLb47MblU8jmN8XW6odnnosBewT25QOUQ="},"chainType":1,"messageKeys":{}}},"pendingPreKey":{"signedKeyId":2,"baseKey":"BY66fsy/df4EeytBSbcgHpn7Q+5toBTfhh3G5O80VFUi","preKeyId":6036428}}},"version":"v1"}