{"_sessions":{"Ba+7AyqUbG/vGw/8R1r2F49zxn+4PAoMtG9UbElc5flc":{"registrationId":1127961460,"currentRatchet":{"ephemeralKeyPair":{"pubKey":"BfreG3bLPkBPLgk0Wda3WUsyT4AsDcUIukrfoiLmoUpR","privKey":"cO1aEUcbk3+IguDppZKYenNgPuQZsuk7EA/EliAABHg="},"lastRemoteEphemeralKey":"BVIkDZULF0d3Tou8lv6ztmy70j8kzKrT1pSkm43wnecI","previousCounter":0,"rootKey":"WJV58fJW3JHtHu3Hy76cS+/Rw9JJeMz6kjIDsV6rkY8="},"indexInfo":{"baseKey":"Ba+7AyqUbG/vGw/8R1r2F49zxn+4PAoMtG9UbElc5flc","baseKeyType":1,"closed":-1,"used":1730471986428,"created":1730471986428,"remoteIdentityKey":"BWdka+jU1LzsKEIrL7Xmnd4V+Rvh7K47BJkJGNizwMcu"},"_chains":{"BfreG3bLPkBPLgk0Wda3WUsyT4AsDcUIukrfoiLmoUpR":{"chainKey":{"counter":0,"key":"HpGJMaf2TzhAvyIOcw1mTvsuX3YZUVBGE4GUiJje0ho="},"chainType":1,"messageKeys":{}}},"pendingPreKey":{"signedKeyId":11,"baseKey":"Ba+7AyqUbG/vGw/8R1r2F49zxn+4PAoMtG9UbElc5flc","preKeyId":4363094}}},"version":"v1"}