{"_sessions":{"Ba8ZEKd8dGeYEEBc2WpCJ+p5L/n8k3rNh0Qi55OzNWA8":{"registrationId":41444631,"currentRatchet":{"ephemeralKeyPair":{"pubKey":"BXDiULtoApnGWwiP0AE7TJ7NWYkc8GxNFnkRGM+KRBID","privKey":"6GzIad+PbA5PWTQs/0xjzyDqntE8S0fmBQ/F0FHm30E="},"lastRemoteEphemeralKey":"BV40YvF+V8YgMHamG2+zAzNzMa8bEhKLX4sd8lQfPYMf","previousCounter":0,"rootKey":"Vttikiu80G4o5fMTtF0XcA5g/jQfJqxUWslizgJxnc0="},"indexInfo":{"baseKey":"Ba8ZEKd8dGeYEEBc2WpCJ+p5L/n8k3rNh0Qi55OzNWA8","baseKeyType":1,"closed":-1,"used":1730471862716,"created":1730471862716,"remoteIdentityKey":"BRl2SU5/PpycdwTZ/BY5+1OckChpz4LGr2/4dz1iggNM"},"_chains":{"BXDiULtoApnGWwiP0AE7TJ7NWYkc8GxNFnkRGM+KRBID":{"chainKey":{"counter":0,"key":"KNAVmUeqGXcrC6BhMNMm70eVkVobQTUxGb/BuwXBeTQ="},"chainType":1,"messageKeys":{}}},"pendingPreKey":{"signedKeyId":2,"baseKey":"Ba8ZEKd8dGeYEEBc2WpCJ+p5L/n8k3rNh0Qi55OzNWA8","preKeyId":7030463}}},"version":"v1"}