{"_sessions":{"BclZLOS1j8w8Xr1g8qCeiWgUtibf4ITTANT5r/VqmQQU":{"registrationId":1663565273,"currentRatchet":{"ephemeralKeyPair":{"pubKey":"Bb3zEwrqIQjVvXtFm/tJ9A/tGHUH/LwixkN012t8j5Mt","privKey":"UBnp6oGspgf9cFkfiiMEdfZNrJT/7v3IMSSU1/zJ7V0="},"lastRemoteEphemeralKey":"BVx8vMbax6VKf4ctwqV/935gPuP+NBBgygx4FM8j9lRf","previousCounter":0,"rootKey":"UzMmy/6oAQqCfNV5cHWIpHnJ8HeNyGSrrl6R3mEafSo="},"indexInfo":{"baseKey":"BclZLOS1j8w8Xr1g8qCeiWgUtibf4ITTANT5r/VqmQQU","baseKeyType":1,"closed":-1,"used":1730472084812,"created":1730472084812,"remoteIdentityKey":"BY225qS2NiL2c/yE0h7LbofBE3xe+uqkXIxCf9cPhEZY"},"_chains":{"Bb3zEwrqIQjVvXtFm/tJ9A/tGHUH/LwixkN012t8j5Mt":{"chainKey":{"counter":16,"key":"63MrCUzVYgNNRiI1bpTAJr4qBGTvxry/NvX9fWGqIC0="},"chainType":1,"messageKeys":{}}},"pendingPreKey":{"signedKeyId":2,"baseKey":"BclZLOS1j8w8Xr1g8qCeiWgUtibf4ITTANT5r/VqmQQU","preKeyId":14536616}}},"version":"v1"}