{"_sessions":{"BeumJ0WV9BwfYystUajY3e9K1L+3sxOeOruimfruSmMl":{"registrationId":1975878446,"currentRatchet":{"ephemeralKeyPair":{"pubKey":"Bey5sqKn4bE+pCIXrseeNW6y8YsSipO6WS88hkz/JvAh","privKey":"YCg5udL47jT8gIr0Lvh8BC0urc1jEPbAVdCKAOYj3Vw="},"lastRemoteEphemeralKey":"BSDVGlGFzxBpGICrWQs1vuEEMmt/ltPNaxLb96OEb5sv","previousCounter":0,"rootKey":"RGZx43lJdNDZQRYfjoz0mTY6umoW4ATHmj78jsMpKx4="},"indexInfo":{"baseKey":"BeumJ0WV9BwfYystUajY3e9K1L+3sxOeOruimfruSmMl","baseKeyType":1,"closed":-1,"used":1730472083862,"created":1730472083862,"remoteIdentityKey":"BfxGpCYLj8LtHnLOAo1CPuZ1Lma2TJ790tsbRqvCWqwK"},"_chains":{"Bey5sqKn4bE+pCIXrseeNW6y8YsSipO6WS88hkz/JvAh":{"chainKey":{"counter":16,"key":"WUFNn55eYsBR4fYxDQu9YQTq98ZwwiwzxxEMLdveL2s="},"chainType":1,"messageKeys":{}}},"pendingPreKey":{"signedKeyId":1,"baseKey":"BeumJ0WV9BwfYystUajY3e9K1L+3sxOeOruimfruSmMl","preKeyId":2126}}},"version":"v1"}