{"_sessions":{"BS7JbWwSQwzJYfjAXvpcH5C9eHbFMd0Jofw9R78vguc+":{"registrationId":219380809,"currentRatchet":{"ephemeralKeyPair":{"pubKey":"BZ8fYTC6Xb2Mcf3sfPGz4rCFtkxGTc9AojsFnwK4/Dga","privKey":"0HraGNA4u7U955w4Q0lcqbr42ctDO/VtvdSIFwRiYXY="},"lastRemoteEphemeralKey":"BXHtFMEAZpV/c2HxZI9DPSBibxfodInQ8xrqKsTrNWQF","previousCounter":0,"rootKey":"G0Jr3kBaJeRzeZAvJq5RC+2b2NlDXYARL23Bhs4sqvs="},"indexInfo":{"baseKey":"BS7JbWwSQwzJYfjAXvpcH5C9eHbFMd0Jofw9R78vguc+","baseKeyType":1,"closed":-1,"used":1730471986272,"created":1730471986272,"remoteIdentityKey":"BcpCqp0U3N7pjA8uIEaiI1QkE3TSGaKYLrEIXug9dRAz"},"_chains":{"BZ8fYTC6Xb2Mcf3sfPGz4rCFtkxGTc9AojsFnwK4/Dga":{"chainKey":{"counter":0,"key":"EnfICCgKxK/sya6BX4rga7Y7SLx3qnc3G6LuAlkJPLc="},"chainType":1,"messageKeys":{}}},"pendingPreKey":{"signedKeyId":31,"baseKey":"BS7JbWwSQwzJYfjAXvpcH5C9eHbFMd0Jofw9R78vguc+","preKeyId":6118193}}},"version":"v1"}