{"_sessions":{"BRiSHzZdVLmTmosSjal2aveItb8YF5+lINiIHH5l999A":{"registrationId":815356673,"currentRatchet":{"ephemeralKeyPair":{"pubKey":"BcTwfIcWtEK5orMJUtg8gyYPOuEDb56FlekNhQMuE21o","privKey":"UPjsCMc1+4LdxZF/pL2IIhYE73PBNXfjEo8yXC5Sc3g="},"lastRemoteEphemeralKey":"Bc9SupwjCT5KRRmeG4w3yMpfQ23V9+yXWiK28c3Nv0p3","previousCounter":0,"rootKey":"y7f9Y1RyjlEVLD4QDjf5taIZ1Zjz2aDC9zFGlsg0gII="},"indexInfo":{"baseKey":"BRiSHzZdVLmTmosSjal2aveItb8YF5+lINiIHH5l999A","baseKeyType":1,"closed":-1,"used":1730472084831,"created":1730472084831,"remoteIdentityKey":"BXQcR6iJg4OKhYZpsUW59fK9kZk3ZtuJDlu+K4fuy2AD"},"_chains":{"BcTwfIcWtEK5orMJUtg8gyYPOuEDb56FlekNhQMuE21o":{"chainKey":{"counter":16,"key":"41ni3LLs2SqTB5bjxqm/OqBCLqTlQ+1P0HOgY5KhCns="},"chainType":1,"messageKeys":{}}},"pendingPreKey":{"signedKeyId":3,"baseKey":"BRiSHzZdVLmTmosSjal2aveItb8YF5+lINiIHH5l999A","preKeyId":16333406}}},"version":"v1"}