{"_sessions":{"BXXqpdkqSqUNLMyOdM5ovWA6zvCy6H/KSvw8HYrXszMw":{"registrationId":2023445697,"currentRatchet":{"ephemeralKeyPair":{"pubKey":"BUjKSG/aWayWYEM/iybSFB/L0vQk2Y1VCKwr2yflehEY","privKey":"yPQOLLei9VGOlcSPWxUbNsJ5m9L4MlXNhMXBNfIGUEA="},"lastRemoteEphemeralKey":"BT+2aVK6jsV/EHnxQLgM8BNFGkGI7M4C/HuyLX+Gnjxp","previousCounter":0,"rootKey":"WxGg3ZNKRspUGy/JoXr9wxpYvNJLFwshKgKspxcyANo="},"indexInfo":{"baseKey":"BXXqpdkqSqUNLMyOdM5ovWA6zvCy6H/KSvw8HYrXszMw","baseKeyType":1,"closed":-1,"used":1730475951534,"created":1730474058642,"remoteIdentityKey":"BYZmYAylaMCC8fgW+n7gs0QB2bGGduuxhtLDL2AZFdoz"},"_chains":{"BT+2aVK6jsV/EHnxQLgM8BNFGkGI7M4C/HuyLX+Gnjxp":{"chainKey":{"counter":1,"key":"e7XyNTCQ28dzk0HDHo+3RkCUe3L8YEYPnGvhBRYpsDk="},"chainType":2,"messageKeys":{}},"BUjKSG/aWayWYEM/iybSFB/L0vQk2Y1VCKwr2yflehEY":{"chainKey":{"counter":-1,"key":"F4ZVrN89bKqWwKoWy7UodzEpxKx7e53ZZ7K4GJqSSyc="},"chainType":1,"messageKeys":{}}}}},"version":"v1"}