{"_sessions":{"BUnUK68DtG81343ebVdyRJLCCorgzEK5MyJc7Y3rFgYL":{"registrationId":1821653752,"currentRatchet":{"ephemeralKeyPair":{"pubKey":"BWcRu43YkYMhKNBi5O3p1DZLXx9aSp3TaO6xR3UKIBks","privKey":"WE+bLSH1uWPkML1XbcUOgSCJWP9mY20bK/Iw+AX8KXo="},"lastRemoteEphemeralKey":"BVSEQTTYxcr/x4vvx7TdAsTs7HgyR9xZYFkeWrrTOnMB","previousCounter":0,"rootKey":"LqqspXTksD2nd80WRhuPLwRMU0XBSKNfk5QSKjAoE6o="},"indexInfo":{"baseKey":"BUnUK68DtG81343ebVdyRJLCCorgzEK5MyJc7Y3rFgYL","baseKeyType":1,"closed":-1,"used":1730472084104,"created":1730472084104,"remoteIdentityKey":"BS19SLcOjyhYJAdR3nKLiLxDqCT8kh1SpdqtQqwVpCRi"},"_chains":{"BWcRu43YkYMhKNBi5O3p1DZLXx9aSp3TaO6xR3UKIBks":{"chainKey":{"counter":16,"key":"k2ZrXPPiImoHzu8uzfRAiBJwBBOCcXfukQp+QwScaXE="},"chainType":1,"messageKeys":{}}},"pendingPreKey":{"signedKeyId":3,"baseKey":"BUnUK68DtG81343ebVdyRJLCCorgzEK5MyJc7Y3rFgYL","preKeyId":3639311}}},"version":"v1"}