{"_sessions":{"BX/LousYoRD9UZMNBYRuzjrMbyrVCFFLQUKRvwy9LZBx":{"registrationId":1299575402,"currentRatchet":{"ephemeralKeyPair":{"pubKey":"BVvkba4OSqN3651dVAvxf2ZBGNZD+DuphOEQJGYRi+YU","privKey":"+EAk78mEQiyaNFWSmsmCT8SXe6UXCqTjFtVn+PaNWXU="},"lastRemoteEphemeralKey":"BbZklb63Hol7f1LCBoGGAFZ/Ywazp+aZllh5mWH8c2EF","previousCounter":0,"rootKey":"6yFoy50ooHgGwnKPHn4YNdN19xlEWKUjpSWf3bSauZA="},"indexInfo":{"baseKey":"BX/LousYoRD9UZMNBYRuzjrMbyrVCFFLQUKRvwy9LZBx","baseKeyType":1,"closed":-1,"used":1730472084889,"created":1730472084889,"remoteIdentityKey":"BcjSgzhk6Ff3nC5PszQ7PsUiaTO26mIf7JnDBOI6pGkI"},"_chains":{"BVvkba4OSqN3651dVAvxf2ZBGNZD+DuphOEQJGYRi+YU":{"chainKey":{"counter":16,"key":"PPFLM3Je/9tkbJtDOKEh6wz0EPBYgiiAwTvDXONGauM="},"chainType":1,"messageKeys":{}}},"pendingPreKey":{"signedKeyId":0,"baseKey":"BX/LousYoRD9UZMNBYRuzjrMbyrVCFFLQUKRvwy9LZBx","preKeyId":5110538}}},"version":"v1"}