{"_sessions":{"BXsW8b7sbfRfrTErxQInmQleOiFnQUnmXhWlsK7WD3Jw":{"registrationId":41596657,"currentRatchet":{"ephemeralKeyPair":{"pubKey":"Bdf4Qg9q0H1kGdnDdVaZ6+kjV/jbBENvjXulT9V8YboU","privKey":"KLEBPJ1GDIEEjWpnBfr5IPk/3qoKTJYu71vRXSitg1g="},"lastRemoteEphemeralKey":"BSUak8cL2lKyT9M+66xbabyeXGa5X//ziHoJV/+iILFK","previousCounter":0,"rootKey":"pOj3nEeZ7NLzevKcQzeGaJWyI3GA6+HoXFmKsm0osDI="},"indexInfo":{"baseKey":"BXsW8b7sbfRfrTErxQInmQleOiFnQUnmXhWlsK7WD3Jw","baseKeyType":1,"closed":-1,"used":1730471862712,"created":1730471862712,"remoteIdentityKey":"BaKciFqNY59uaZulVsnWomt8jrVqHprVqZ1IIJ8Jo+p5"},"_chains":{"Bdf4Qg9q0H1kGdnDdVaZ6+kjV/jbBENvjXulT9V8YboU":{"chainKey":{"counter":0,"key":"pmMVjOB7pdfEB8A1KfG0eXBgVCfu0GPxv1cYBRDiG3c="},"chainType":1,"messageKeys":{}}},"pendingPreKey":{"signedKeyId":15546129,"baseKey":"BXsW8b7sbfRfrTErxQInmQleOiFnQUnmXhWlsK7WD3Jw","preKeyId":4934}}},"version":"v1"}