{"_sessions":{"BdXHCCjur7Fo6ptGA7joe+5scAfbWaPIEkLF0yVn2Adc":{"registrationId":1565411875,"currentRatchet":{"ephemeralKeyPair":{"pubKey":"BXYxLujrScFzUHj2m8VImWV6rjLqy6aqIhTR/Fsv2zMF","privKey":"MBptEODoOpyTVlSVFhIvZ86nRC/YzdYy5M1AY4UIvEs="},"lastRemoteEphemeralKey":"BYbNtvOvVwF7dCNggt+M33P01o7NXELlONbHtFjPEnxQ","previousCounter":0,"rootKey":"fdpoQABsDlG8JDT1w8zmm3EKD/s5+sr+K2f4YY3/87s="},"indexInfo":{"baseKey":"BdXHCCjur7Fo6ptGA7joe+5scAfbWaPIEkLF0yVn2Adc","baseKeyType":1,"closed":-1,"used":1730472084121,"created":1730472084121,"remoteIdentityKey":"BV25ehGWw+nSErM29LzgxDUnI01JTOg8tmJevxfH+CwQ"},"_chains":{"BXYxLujrScFzUHj2m8VImWV6rjLqy6aqIhTR/Fsv2zMF":{"chainKey":{"counter":16,"key":"EI4zvmb6RZKAYpGFpkP4kJC+UpLaEaS1wWj1a4hsggM="},"chainType":1,"messageKeys":{}}},"pendingPreKey":{"signedKeyId":0,"baseKey":"BdXHCCjur7Fo6ptGA7joe+5scAfbWaPIEkLF0yVn2Adc","preKeyId":12310939}}},"version":"v1"}