{"_sessions":{"BVcJyDqOIdSqoC5cwUKZIXT9BMNzZco5UgYsliR5r7sS":{"registrationId":2017068517,"currentRatchet":{"ephemeralKeyPair":{"pubKey":"BbsmwFe8qsEPx7BDccid9XDrWqaFP/qk6mAa3bkW8YJJ","privKey":"WNja8bYc/vX13SnvO/bTluF+VzpzPcOUcw/CbcziWlU="},"lastRemoteEphemeralKey":"BS7n4isJWIYuuzhMZ5PEadHueBzhhx6MvMAOVMWOdT43","previousCounter":0,"rootKey":"SZyVfmeMLkpYa8HVJuOfrwkpG/hCerNJ661aP/URG8I="},"indexInfo":{"baseKey":"BVcJyDqOIdSqoC5cwUKZIXT9BMNzZco5UgYsliR5r7sS","baseKeyType":1,"closed":-1,"used":1730472084885,"created":1730472084885,"remoteIdentityKey":"BR0cDyujDpCtCSjvvwYYKoX91jKgzKGQ8TrhPItwx4Ve"},"_chains":{"BbsmwFe8qsEPx7BDccid9XDrWqaFP/qk6mAa3bkW8YJJ":{"chainKey":{"counter":16,"key":"bk628ORh3OT0M5JySM3Zc8CgUWS8Gp3wtZYP3y06R6Y="},"chainType":1,"messageKeys":{}}},"pendingPreKey":{"signedKeyId":2,"baseKey":"BVcJyDqOIdSqoC5cwUKZIXT9BMNzZco5UgYsliR5r7sS","preKeyId":16422879}}},"version":"v1"}