{"_sessions":{"BT6BtLduiJbiMzJsCxPsqsjTTnwC6EDDOPDkvPi/Nlt8":{"registrationId":773028087,"currentRatchet":{"ephemeralKeyPair":{"pubKey":"BRr7pfDv6neY7tsiN7gxvxKkADrdCdlc/SpT1pG5zPJQ","privKey":"IMU4KDuLlKHI1T4fFNxo90Lc566kRQpIPukTLy0/IG0="},"lastRemoteEphemeralKey":"BUhA4fpDyGRE9oP8TZxqEXpuQxpAiicp65jOaYvxT4ly","previousCounter":0,"rootKey":"106JkLpjmI/t3aZVYkddNvEeIfQQOZefLWgHobdQaBw="},"indexInfo":{"baseKey":"BT6BtLduiJbiMzJsCxPsqsjTTnwC6EDDOPDkvPi/Nlt8","baseKeyType":1,"closed":-1,"used":1730472083858,"created":1730472083858,"remoteIdentityKey":"BRm8dbtHPPTNfMMg5KKPd2xR5EAnyK+vAzM509PslsZ8"},"_chains":{"BRr7pfDv6neY7tsiN7gxvxKkADrdCdlc/SpT1pG5zPJQ":{"chainKey":{"counter":16,"key":"2LYPv0a7heTeFJVGBqk3EUCzOvcVTvUrTmyRDJkbKmo="},"chainType":1,"messageKeys":{}}},"pendingPreKey":{"signedKeyId":1,"baseKey":"BT6BtLduiJbiMzJsCxPsqsjTTnwC6EDDOPDkvPi/Nlt8"}}},"version":"v1"}