{"_sessions":{"BXvty16XyOur+TBYZ02yC5gVvEfsHuCMkndJmkXeeq4e":{"registrationId":1263124769,"currentRatchet":{"ephemeralKeyPair":{"pubKey":"BW6WqpdreBR+V1ES37HjTAvS/QS2LlM/LZq8u0IjUfVe","privKey":"yNKMzWh5v+hWNkDBcX8dR5dQ2TVIma/fe9oQwv8GfWY="},"lastRemoteEphemeralKey":"BY3mcO94bO7cG0vviU0JfScNyDv+d35RdLdxzwZn6jpf","previousCounter":0,"rootKey":"osTYuWICc4Dyw1fvm66DIkYT+P17DF036dDvOktJKAo="},"indexInfo":{"baseKey":"BXvty16XyOur+TBYZ02yC5gVvEfsHuCMkndJmkXeeq4e","baseKeyType":1,"closed":-1,"used":1730471862483,"created":1730471862483,"remoteIdentityKey":"BWKma9Wsy7RbNdz/CPfNrOtYzyt2snwlLnD/KT8eo2tD"},"_chains":{"BW6WqpdreBR+V1ES37HjTAvS/QS2LlM/LZq8u0IjUfVe":{"chainKey":{"counter":18,"key":"NU3P+YeQ3HDGYNJAgnY5HGjYC6MIV/t9mq0nelbdOlA="},"chainType":1,"messageKeys":{}}},"pendingPreKey":{"signedKeyId":1,"baseKey":"BXvty16XyOur+TBYZ02yC5gVvEfsHuCMkndJmkXeeq4e"}}},"version":"v1"}