{"_sessions":{"Bbt8wRr8xy62ZU6lfUhxC+x8NrujkuFhtq3RVALpOFVW":{"registrationId":1149644926,"currentRatchet":{"ephemeralKeyPair":{"pubKey":"Bc9KzOwmuS/jgO1L271ltfyKNwbhkczpLcPfwSgBpZIo","privKey":"MNH2wjMRZhbHqsidowygLgFLFi1U1BsQ+71SY5dZdFw="},"lastRemoteEphemeralKey":"BVE7LMhq2PC6TGeVGVBCMSNmT0aCFh3qGv8TN99ih00k","previousCounter":0,"rootKey":"nKEniMa9wrkUKzNXudKNcfWLjLRf5Sie8Eez0xhP2T4="},"indexInfo":{"baseKey":"Bbt8wRr8xy62ZU6lfUhxC+x8NrujkuFhtq3RVALpOFVW","baseKeyType":1,"closed":-1,"used":1730471862696,"created":1730471862696,"remoteIdentityKey":"BaN1S5dhF7fLu3gyUPczYwrHiuJCXtlh4I7CVHf6o+VR"},"_chains":{"Bc9KzOwmuS/jgO1L271ltfyKNwbhkczpLcPfwSgBpZIo":{"chainKey":{"counter":0,"key":"qrSHiCKHbpvv+iaGc/1ShECLHveTVufWVK9CGZfnSsc="},"chainType":1,"messageKeys":{}}},"pendingPreKey":{"signedKeyId":8,"baseKey":"Bbt8wRr8xy62ZU6lfUhxC+x8NrujkuFhtq3RVALpOFVW","preKeyId":3388277}}},"version":"v1"}