{"_sessions":{"BcbwJGZvwMHerxX29Yi1y8eSk7Hcygb1aiW5Vj7c0rh5":{"registrationId":1818109045,"currentRatchet":{"ephemeralKeyPair":{"pubKey":"BVupLvaZDR7T5KkLGwXoBGiMgVN+D3gF9Ocn4tHaTPwU","privKey":"kLfTZFaTZj6o72rKR7CCNSVJwhYWoY7aTOsAgwoRnWU="},"lastRemoteEphemeralKey":"BaqFBxCn8bDQw+AFzhxCQXZHz5Chd9u+PYOONObEFyQu","previousCounter":0,"rootKey":"KzcHloByoyz5ZJ7nZq5ex/++nQ6tyvNyLOXtOXUS3oQ="},"indexInfo":{"baseKey":"BcbwJGZvwMHerxX29Yi1y8eSk7Hcygb1aiW5Vj7c0rh5","baseKeyType":1,"closed":-1,"used":1730475536802,"created":1730474058655,"remoteIdentityKey":"BWkV9HBTnjVL7XvIeUy07YyxLglp36LkRW4JNd/JTDw3"},"_chains":{"BaqFBxCn8bDQw+AFzhxCQXZHz5Chd9u+PYOONObEFyQu":{"chainKey":{"counter":0,"key":"8cyl2m6vImzpL9oY13hfgpZQYANMpY9wC3mdMdc6jqs="},"chainType":2,"messageKeys":{}},"BVupLvaZDR7T5KkLGwXoBGiMgVN+D3gF9Ocn4tHaTPwU":{"chainKey":{"counter":-1,"key":"ECm6K3TyGzK2mYd0cf66oQLExJfOI1qfGoXFtwXTSus="},"chainType":1,"messageKeys":{}}}}},"version":"v1"}