{"_sessions":{"BRPN8kcUp0kO9dq6O85JvQaH9Is40uT/uzDDLgi2jY5C":{"registrationId":1595844286,"currentRatchet":{"ephemeralKeyPair":{"pubKey":"BfYi+ykUl4C4bHUMQ15oWga8U271T+BpLRIfX7wIgcpD","privKey":"qMcNDNBlWCkvLJ75jh2xVeM5P8RkCNYSca3BVw5w9mI="},"lastRemoteEphemeralKey":"BZyhz934Zyt6oEQLc78t+JyT9zMVhWO43kEvlNR/GuhY","previousCounter":0,"rootKey":"CJ71gJ5cA3VQ9SybssCxW4SlQ8KdHwqvcuzcBBqXwKM="},"indexInfo":{"baseKey":"BRPN8kcUp0kO9dq6O85JvQaH9Is40uT/uzDDLgi2jY5C","baseKeyType":1,"closed":-1,"used":1730471862761,"created":1730471862761,"remoteIdentityKey":"Bet7bTWxMCr1qJ3/SKeEXYlSTlMyyAbpIUyYRECuNql/"},"_chains":{"BfYi+ykUl4C4bHUMQ15oWga8U271T+BpLRIfX7wIgcpD":{"chainKey":{"counter":0,"key":"yl3GuCbFIyJls2jaGfCltxzIlwUjKswQWkhCFjVvtcc="},"chainType":1,"messageKeys":{}}},"pendingPreKey":{"signedKeyId":0,"baseKey":"BRPN8kcUp0kO9dq6O85JvQaH9Is40uT/uzDDLgi2jY5C"}}},"version":"v1"}