{"_sessions":{"BXwAyq1Xc5fugQJjjoNw7Gygp+IgHQhNIfVSkq8Huwwm":{"registrationId":1350853517,"currentRatchet":{"ephemeralKeyPair":{"pubKey":"BcS4V/urc9YIa6Av1+uj916/9f5iIMJQBuPeBi3OyjBZ","privKey":"+KopXKXmzJoNGsX0wUKG7gnzkDRQbMx/5mumf9dBGl4="},"lastRemoteEphemeralKey":"BfMcDZaLMcDgo7xrUpOq18lUneub42BxjJUnhHWyjuU3","previousCounter":0,"rootKey":"Ly6alGwWed1uaexkCxXavU25YETybek8jI0zsxgiYdM="},"indexInfo":{"baseKey":"BXwAyq1Xc5fugQJjjoNw7Gygp+IgHQhNIfVSkq8Huwwm","baseKeyType":1,"closed":-1,"used":1730471862774,"created":1730471862774,"remoteIdentityKey":"BYrydGPePH8mKbi/4wwIh5ax66veVFCg+U5YehX3B2Yd"},"_chains":{"BcS4V/urc9YIa6Av1+uj916/9f5iIMJQBuPeBi3OyjBZ":{"chainKey":{"counter":0,"key":"4QqnLmi+ZbcsWB0tlzjD8jW0CbP0HiJM3INDoU5eUTI="},"chainType":1,"messageKeys":{}}},"pendingPreKey":{"signedKeyId":4,"baseKey":"BXwAyq1Xc5fugQJjjoNw7Gygp+IgHQhNIfVSkq8Huwwm","preKeyId":2838928}}},"version":"v1"}