{"_sessions":{"BaO3PT6e2rsWLO8vH5LgSOFqSEBFOPp5M025q8I7360h":{"registrationId":58280308,"currentRatchet":{"ephemeralKeyPair":{"pubKey":"Be3f7QK6CLrluJ4Nlei205anXZp1gMY3mtE9Pe2ZC2gq","privKey":"aK3rkGNLEtLwpqOHpDg9WWhgPEgEJqF70cx+g3MLlGQ="},"lastRemoteEphemeralKey":"BYS2tehJY8vLWXYhL4YCxeewaR4KDjfyvVKZqGDb09I8","previousCounter":0,"rootKey":"8Vs9xzgTzcAyma3QhI/XzT80h9auptW/9jhq0/cXU+g="},"indexInfo":{"baseKey":"BaO3PT6e2rsWLO8vH5LgSOFqSEBFOPp5M025q8I7360h","baseKeyType":1,"closed":-1,"used":1730472084819,"created":1730472084819,"remoteIdentityKey":"BdG6bSRUQxB5qgxAsmnXJQI07NleWFXR7Up+t2VbiHwe"},"_chains":{"Be3f7QK6CLrluJ4Nlei205anXZp1gMY3mtE9Pe2ZC2gq":{"chainKey":{"counter":16,"key":"W1qejlWFYXnqLC/SeKCNzNewKOtgnvG6gulEmCl698Y="},"chainType":1,"messageKeys":{}}},"pendingPreKey":{"signedKeyId":1,"baseKey":"BaO3PT6e2rsWLO8vH5LgSOFqSEBFOPp5M025q8I7360h"}}},"version":"v1"}