{"_sessions":{"BfGLbq9UHHdPZ+X5sLfeKRP4x8ax8IQrdS5mZTJB1EgG":{"registrationId":1801760099,"currentRatchet":{"ephemeralKeyPair":{"pubKey":"BR9p+Snq+2OPoSc+uuQMSe1ZzFa50FnBe7aY1TyN2SMQ","privKey":"EIhMSDg98I1wyONTcOtmpXG3Ci4rHPFW+si7175w9XM="},"lastRemoteEphemeralKey":"BWAh4hTAfilfyvhynuMphqG9LGaqhkuwnhxJ0g+4GTx+","previousCounter":0,"rootKey":"M2xXaU61iugENsfIeiADbCLFERwpdjhcmXft9hF6wFc="},"indexInfo":{"baseKey":"BfGLbq9UHHdPZ+X5sLfeKRP4x8ax8IQrdS5mZTJB1EgG","baseKeyType":1,"closed":-1,"used":1730471862728,"created":1730471862728,"remoteIdentityKey":"BeueRCzyeFDrF2yqKbP/xNrHW77MZV11pvBGOZmOr/VB"},"_chains":{"BR9p+Snq+2OPoSc+uuQMSe1ZzFa50FnBe7aY1TyN2SMQ":{"chainKey":{"counter":0,"key":"2HwhQwzGhsDghW598CTBLZseiUcCzz6LIcQG+6LYGtw="},"chainType":1,"messageKeys":{}}},"pendingPreKey":{"signedKeyId":4,"baseKey":"BfGLbq9UHHdPZ+X5sLfeKRP4x8ax8IQrdS5mZTJB1EgG","preKeyId":12390240}}},"version":"v1"}