{"_sessions":{"BSfyt1IN3D+XPZ+LEAkaLvBT8vW9MBitIfNA3TjW1Dla":{"registrationId":950955678,"currentRatchet":{"ephemeralKeyPair":{"pubKey":"BcSoCldOUlX6cn0dhz9qFqZJsJHmwUoqL0L4SyX9QmRs","privKey":"EA9RhQhmx8eVaJbgeFHoeG+VwU83DyeqfSQT6gPi4GA="},"lastRemoteEphemeralKey":"BTDzUmcfrrKZd7VNZziqKvpIha1W1pY5tyapAZ9K6bQj","previousCounter":0,"rootKey":"tSpQCx8Q5kSeQZBqHv98IAxz0qZ8OjY52T13GIzP27E="},"indexInfo":{"baseKey":"BSfyt1IN3D+XPZ+LEAkaLvBT8vW9MBitIfNA3TjW1Dla","baseKeyType":1,"closed":-1,"used":1730471862516,"created":1730471862516,"remoteIdentityKey":"BUJ9lYQT29gnFvBoLBf+KJPYPCT1PNGe1Urq3+ybYGM9"},"_chains":{"BcSoCldOUlX6cn0dhz9qFqZJsJHmwUoqL0L4SyX9QmRs":{"chainKey":{"counter":0,"key":"HW388tvnIOXyPohYlPoqMArQjOfHmcHZ+oFUqT0Ox6E="},"chainType":1,"messageKeys":{}}},"pendingPreKey":{"signedKeyId":0,"baseKey":"BSfyt1IN3D+XPZ+LEAkaLvBT8vW9MBitIfNA3TjW1Dla","preKeyId":94931}}},"version":"v1"}