{"_sessions":{"BZhvQz+2WBDAHv4c8izQxvKikbrMbS2c/JDIZgA20iJw":{"registrationId":1260825025,"currentRatchet":{"ephemeralKeyPair":{"pubKey":"BcQSsxcPTg3hHVZHYXLotzA5dHGlNCI5iIL58V5q9i9A","privKey":"sEqcqD+Ri2yM3q/FoMBHAd4pt538G8QrRNlhDwFmVWY="},"lastRemoteEphemeralKey":"BfEcX66xEPumR7oBs97ShbT/43Uuihak5BHssyEz9Qdx","previousCounter":0,"rootKey":"eMl3Qa66Zpe3f2ka3xs6Hit2v6yVMBZcsFqELpx6sLk="},"indexInfo":{"baseKey":"BZhvQz+2WBDAHv4c8izQxvKikbrMbS2c/JDIZgA20iJw","baseKeyType":1,"closed":-1,"used":1730471862560,"created":1730471862560,"remoteIdentityKey":"BThc4H4CsZOEA2Sshyz9ipCghOrQ5JYGtTJUJh7Cv19Z"},"_chains":{"BcQSsxcPTg3hHVZHYXLotzA5dHGlNCI5iIL58V5q9i9A":{"chainKey":{"counter":0,"key":"3hADVTJysS64pnDNQ7ZzFVXcqDEODxzJa2OfzOrCrOI="},"chainType":1,"messageKeys":{}}},"pendingPreKey":{"signedKeyId":3,"baseKey":"BZhvQz+2WBDAHv4c8izQxvKikbrMbS2c/JDIZgA20iJw","preKeyId":10328795}}},"version":"v1"}