{"_sessions":{"BWwn4iGrYF+UmPSo7+PW8Jy2gIG2UaLi0Xdzi2GzjVgg":{"registrationId":599004392,"currentRatchet":{"ephemeralKeyPair":{"pubKey":"BXrAtWsDW0S/LCmFdCbdwcvtQ/LJ4xj/L27JkdSQbWdj","privKey":"SGzqfgRSt4SnrdRxRbEBwNV1hjyMUbrxdXDrVXcl8E0="},"lastRemoteEphemeralKey":"BS8SwALgIifIzDbP6CP43HEzV4qn2ZDjo6hXj4t0i7QV","previousCounter":0,"rootKey":"zwDYujTabRMHNEn1+k1HPZHQV6yUhTbup05Glm9eQy8="},"indexInfo":{"baseKey":"BWwn4iGrYF+UmPSo7+PW8Jy2gIG2UaLi0Xdzi2GzjVgg","baseKeyType":1,"closed":-1,"used":1730474642979,"created":1730471986407,"remoteIdentityKey":"BbGP1WDwGM72lTwPx/RLQ8ooKnARHPaFm89LjJKwVpQT"},"_chains":{"BS8SwALgIifIzDbP6CP43HEzV4qn2ZDjo6hXj4t0i7QV":{"chainKey":{"counter":0,"key":"ZOD75cRBMyC2aOt6ULerW3lbAtku+QyuR7Kz7V30nfc="},"chainType":2,"messageKeys":{}},"BXrAtWsDW0S/LCmFdCbdwcvtQ/LJ4xj/L27JkdSQbWdj":{"chainKey":{"counter":-1,"key":"hH8ovzCbPg/y2xI24fuh18E9NzmM4J2WvibOJo3S5HU="},"chainType":1,"messageKeys":{}}}}},"version":"v1"}