{"_sessions":{"Bd48wx0CfA+/g7kNvg8skm14RHavm4CHKZfafYy57cxw":{"registrationId":196715735,"currentRatchet":{"ephemeralKeyPair":{"pubKey":"BelXCZ1abuBRyZnNgl9Ry9hZquUeeVwT6R/faI6diOwa","privKey":"ENHoMKJswL2czdDsxfdhnBSkZPo/yEcjwbdlsRXuDVI="},"lastRemoteEphemeralKey":"BQeqFKEPHEGLfe9emXh8p099mgljVXFpD1mb7WtVnGoK","previousCounter":0,"rootKey":"dJmbLRS0zFzMNqKgOpT+hxXTcqRbaYkiSqGRLe8SXWA="},"indexInfo":{"baseKey":"Bd48wx0CfA+/g7kNvg8skm14RHavm4CHKZfafYy57cxw","baseKeyType":1,"closed":-1,"used":1730471986424,"created":1730471986424,"remoteIdentityKey":"BfiUmS3+ciVzGtyDoE3+tVm/RMCVbil47soxzBd5uUIM"},"_chains":{"BelXCZ1abuBRyZnNgl9Ry9hZquUeeVwT6R/faI6diOwa":{"chainKey":{"counter":0,"key":"dhiEMETvTQ9RZP91GdkbD7UJ677m0MbBJLx6G0ucIp8="},"chainType":1,"messageKeys":{}}},"pendingPreKey":{"signedKeyId":16,"baseKey":"Bd48wx0CfA+/g7kNvg8skm14RHavm4CHKZfafYy57cxw","preKeyId":9734797}}},"version":"v1"}