{"_sessions":{"BW/cg4KJoF2bGzjBAcqLg87cOXoyEBOaLdF+6tyth/lp":{"registrationId":109848160,"currentRatchet":{"ephemeralKeyPair":{"pubKey":"BaeGJkp+QXcKOd1dCuJjhP9x+ugobqcZPehAU+aMaT4J","privKey":"0A9ajeyFqnvQdgL40NG0PbvQRa1EnTMCqDw640dUjmM="},"lastRemoteEphemeralKey":"BZ13oGg5UYdhPo9O2bLTxmH1vx6/08gfF3teNVV3j5Mm","previousCounter":0,"rootKey":"MO3FP92i4BH6idp+3FEXVqTu+na4JJTWhWwJesqFxY0="},"indexInfo":{"baseKey":"BW/cg4KJoF2bGzjBAcqLg87cOXoyEBOaLdF+6tyth/lp","baseKeyType":1,"closed":-1,"used":1730472083979,"created":1730472083979,"remoteIdentityKey":"BduR2vbKuBT41edyQqWCHkllm0uEw/BFAsd7UaJBXXF8"},"_chains":{"BaeGJkp+QXcKOd1dCuJjhP9x+ugobqcZPehAU+aMaT4J":{"chainKey":{"counter":16,"key":"q8LzjCRCjZPgb5Nq3eraZClvRqHDw78Jimgc6/md61g="},"chainType":1,"messageKeys":{}}},"pendingPreKey":{"signedKeyId":1,"baseKey":"BW/cg4KJoF2bGzjBAcqLg87cOXoyEBOaLdF+6tyth/lp","preKeyId":10793556}}},"version":"v1"}