{"_sessions":{"Bd0qVlCz8os/qKzSHX8/XnM1Bb6xxbFejr2BQopeYw9w":{"registrationId":9381166,"currentRatchet":{"ephemeralKeyPair":{"pubKey":"BaLHMIoCSNc/BysJUcdV0N3Qf9kmoHuINcu7gvlEGqF3","privKey":"eAzH9j9V7yGy8wz1mSZy2997IZa+v2Nj+4S32SNmdkY="},"lastRemoteEphemeralKey":"Bb9V7U+FFVHlLxhUinsgnKdI6WjaUnHXYUPEcA4pZmsD","previousCounter":0,"rootKey":"EmaS46PACEHe/dNy0UGOUou5QSG/LB1useD/SeYYPQ0="},"indexInfo":{"baseKey":"Bd0qVlCz8os/qKzSHX8/XnM1Bb6xxbFejr2BQopeYw9w","baseKeyType":1,"closed":-1,"used":1730471986343,"created":1730471986343,"remoteIdentityKey":"BRsMm+P0DNf/cuNeMpkxv13JV3rXJW9MnjUM3gz3vOFS"},"_chains":{"BaLHMIoCSNc/BysJUcdV0N3Qf9kmoHuINcu7gvlEGqF3":{"chainKey":{"counter":0,"key":"1b15Fz5mHvwqqImHGu40L6oeMbWO+W9HmWIlWQnFf9Q="},"chainType":1,"messageKeys":{}}},"pendingPreKey":{"signedKeyId":7,"baseKey":"Bd0qVlCz8os/qKzSHX8/XnM1Bb6xxbFejr2BQopeYw9w","preKeyId":13325431}}},"version":"v1"}