{"_sessions":{"Bch3IPwo1n+V5lKpiQ22AZ5g2ihSuIqbevRGvsd10Kc1":{"registrationId":122,"currentRatchet":{"ephemeralKeyPair":{"pubKey":"Ba4EDEtB7uYDNq1IMalf8UWnhZds3bSCpCUMsJuE7l5+","privKey":"4H+SqTbRACZ2+AT8Xvyu9xDzrBWA6AAFdVLXn4k7B2s="},"lastRemoteEphemeralKey":"BbPUmvYZ0jjJqi0ttdn6QhziTsxlussDyDB5E9qIBghr","previousCounter":0,"rootKey":"BbYqnWcSi7DdVi0ZpeVNV0v+xT+FN/OPHBLK/EfirI4="},"indexInfo":{"baseKey":"Bch3IPwo1n+V5lKpiQ22AZ5g2ihSuIqbevRGvsd10Kc1","baseKeyType":1,"closed":-1,"used":1730472083910,"created":1730472083910,"remoteIdentityKey":"BasGtZBL69LQtWlusKclou99oJdkGDrVbzziFu7TSuxr"},"_chains":{"Ba4EDEtB7uYDNq1IMalf8UWnhZds3bSCpCUMsJuE7l5+":{"chainKey":{"counter":16,"key":"WQ4ccIMRzr1wtv5g4prPtprk9M8sJimcTVvx0vFEBRU="},"chainType":1,"messageKeys":{}}},"pendingPreKey":{"signedKeyId":1,"baseKey":"Bch3IPwo1n+V5lKpiQ22AZ5g2ihSuIqbevRGvsd10Kc1"}}},"version":"v1"}