{"_sessions":{"BUDyvbbb68hnYx6vVOvxjtJtu62DfM14Qy1IKTRHUmIW":{"registrationId":494571406,"currentRatchet":{"ephemeralKeyPair":{"pubKey":"BSC3LJdPs3a7JQ20dS4UTRTL4IN9gQJG7M9YkEHkkP8/","privKey":"+PexzaXjg28u/PxNKz/Eoq+Lxtu0k21E9pBaAAo2clo="},"lastRemoteEphemeralKey":"BStDBC5OTfpIa+Zld861ol0kzQzHmIZWcOnpJPEfx3Vt","previousCounter":0,"rootKey":"aPeQ/ve8JKtAvmPTGhl5nQtzkrcAYBXrYDgC8aZzmIo="},"indexInfo":{"baseKey":"BUDyvbbb68hnYx6vVOvxjtJtu62DfM14Qy1IKTRHUmIW","baseKeyType":1,"closed":-1,"used":1730471862724,"created":1730471862724,"remoteIdentityKey":"Bd6A//Qi4vzTR1sZ2R8JIjL+rPDaYSyeUm1dyI9u2kJG"},"_chains":{"BSC3LJdPs3a7JQ20dS4UTRTL4IN9gQJG7M9YkEHkkP8/":{"chainKey":{"counter":0,"key":"YJ08PbIKwgOzBRDTuEYiKUxRRqV7VgVJ7dO8O16qcCw="},"chainType":1,"messageKeys":{}}},"pendingPreKey":{"signedKeyId":11,"baseKey":"BUDyvbbb68hnYx6vVOvxjtJtu62DfM14Qy1IKTRHUmIW","preKeyId":7891545}}},"version":"v1"}