{"_sessions":{"Be+STKbYUXxRsk+2zGZzSgSVoKNjb/4dY0oNgdOudu1V":{"registrationId":989740898,"currentRatchet":{"ephemeralKeyPair":{"pubKey":"BVWP6FnTHxKt3X83NYEn++VnRfXaq9rk+TUB/uNfNTdm","privKey":"SOG4sHYqiSrw9dz7EJsdsTehNQL1RFrRV0x1UCLOo1M="},"lastRemoteEphemeralKey":"BU98IX2j/e8fcFj4yENRCydOxRlxQ6X1RDjkQvNOiXhe","previousCounter":0,"rootKey":"e6se/2WwT8S61HhemgN/koOl3L7KKo5Y7ywTsDJOki0="},"indexInfo":{"baseKey":"Be+STKbYUXxRsk+2zGZzSgSVoKNjb/4dY0oNgdOudu1V","baseKeyType":1,"closed":-1,"used":1730474058638,"created":1730474058638,"remoteIdentityKey":"BR4dDLsQqi2YA3gyfdl3lx65N/+6978jF415e8N6i8QY"},"_chains":{"BVWP6FnTHxKt3X83NYEn++VnRfXaq9rk+TUB/uNfNTdm":{"chainKey":{"counter":0,"key":"5ADCXhMXk9LK3k0A12gXL8rycJHDxmFMKZgUPFwSxPM="},"chainType":1,"messageKeys":{}}},"pendingPreKey":{"signedKeyId":1,"baseKey":"Be+STKbYUXxRsk+2zGZzSgSVoKNjb/4dY0oNgdOudu1V","preKeyId":4897494}}},"version":"v1"}