{"_sessions":{"BWjvEoet8j3SP6PXRFtepKiyI8uELS6xoGKwcEBvJshj":{"registrationId":1923532472,"currentRatchet":{"ephemeralKeyPair":{"pubKey":"BSI+ZGdXIhW5e2G7MBbFeudGJhfO3Z9IEJdBhiNtKoEq","privKey":"2G2ve5N2hDp6jV7PwPq8vfASzwalQ+qnB9IrVe2RU1c="},"lastRemoteEphemeralKey":"BYnptfJ3VxaPiOoZ4yDJAy6OfhSCeOUX5yQhk+7FQ2AS","previousCounter":0,"rootKey":"pFz7G4WLiuNPlnHKTBuWnr5cfFYVHY+091yXW12ebnU="},"indexInfo":{"baseKey":"BWjvEoet8j3SP6PXRFtepKiyI8uELS6xoGKwcEBvJshj","baseKeyType":1,"closed":-1,"used":1730478618433,"created":1730471716170,"remoteIdentityKey":"BYeCQurW6nrpzFVif9eO0TEz2VGk5Adh/7rnLz+UymlM"},"_chains":{"BYlyS5YZ8r+Gp5j9BEkOFq4LUqqYUZiyJqX9+DKjkDdr":{"chainKey":{"counter":0},"chainType":2,"messageKeys":{}},"Be+4CVlimJ4RcfaVfEzZB3Pd5bJSBnwjt3BVKMVMVbJv":{"chainKey":{"counter":0},"chainType":2,"messageKeys":{}},"BZ7dL5pranaDHBng97PHG00yxVFdWgWYx72YQJUdnrM2":{"chainKey":{"counter":0},"chainType":2,"messageKeys":{}},"BdGlMk8qqwjtd+IuQXpir9MX+zLYugC3gnq8DnjWGqBc":{"chainKey":{"counter":0},"chainType":2,"messageKeys":{}},"Bef0zXKPSxxGNPZoW0CyfBUsTceJQz685fywfDq7mPoE":{"chainKey":{"counter":1},"chainType":2,"messageKeys":{"0":"167VjcWfcUeVuBMi1K73Erdo0TCStpxF04Ru4/trd5w="}},"BeWLtQ1gqxTIwbc8Ha/GoqMb6Wq3j7h7rZkkPS8OJ4Rs":{"chainKey":{"counter":1},"chainType":2,"messageKeys":{}},"BTSwDzm3GFQvYA7hUWI/fxq5tDO4VWeZx//BHhgwvNUJ":{"chainKey":{"counter":0},"chainType":2,"messageKeys":{}},"BeBhbEZqbmFEPdnCxqiR+nmGtH1o3AlaEBa6WGE5YaIT":{"chainKey":{"counter":1},"chainType":2,"messageKeys":{}},"BUEMJtWiFaBY3BbaQ/cljgDF6cOuo3vT+giNOnpzjCch":{"chainKey":{"counter":0},"chainType":2,"messageKeys":{}},"BYnptfJ3VxaPiOoZ4yDJAy6OfhSCeOUX5yQhk+7FQ2AS":{"chainKey":{"counter":0,"key":"ny0Qw5tkJkPs2sAdzxRGpANGbjEWdfKsSJmwNnLrxB0="},"chainType":2,"messageKeys":{}},"BSI+ZGdXIhW5e2G7MBbFeudGJhfO3Z9IEJdBhiNtKoEq":{"chainKey":{"counter":-1,"key":"6Ag37HyK7jubQXQAooHuR7b50Rezk4Bzr41cJd0HiEY="},"chainType":1,"messageKeys":{}}}}},"version":"v1"}