{"_sessions":{"BVSooJeeToNtfzAbRfCM1BYOrWE3ipZFSwBQO6PU7ost":{"registrationId":398676585,"currentRatchet":{"ephemeralKeyPair":{"pubKey":"BfALEx1cJvgx1c5qElYH8G6ncpj9W/lVp5NbHBVqkMkg","privKey":"0P2vDq+7D7SVE3ZEegsAK9Z04gSAMRdq9CUq9qjibWA="},"lastRemoteEphemeralKey":"BW9SYIur9V9iVbaEI7h5szUoZj+uYjesZvshbS7as5EA","previousCounter":0,"rootKey":"no6o1hwV+mweONh3x44eaLMdPbRBf6FEmuv8CNSAI5o="},"indexInfo":{"baseKey":"BVSooJeeToNtfzAbRfCM1BYOrWE3ipZFSwBQO6PU7ost","baseKeyType":1,"closed":-1,"used":1730472084179,"created":1730472084179,"remoteIdentityKey":"BQcvf0aFdM8BCEJtKclt3/qID6m5wjjkW3X6IzBDskIJ"},"_chains":{"BfALEx1cJvgx1c5qElYH8G6ncpj9W/lVp5NbHBVqkMkg":{"chainKey":{"counter":16,"key":"wLlNo0SWRimm0tR8b3GcvRkuZO1HK9P5tu9KY/Ls8zc="},"chainType":1,"messageKeys":{}}},"pendingPreKey":{"signedKeyId":1,"baseKey":"BVSooJeeToNtfzAbRfCM1BYOrWE3ipZFSwBQO6PU7ost","preKeyId":10585285}}},"version":"v1"}