{"_sessions":{"BZWP/bvE9lQcAzjN/J8g3WQRwbC/ISccpZnVMKaPw95J":{"registrationId":259876693,"currentRatchet":{"ephemeralKeyPair":{"pubKey":"BUSVgMP+kgNg1Xd9YfJBjFTUEmD0UOFFSPqoW0c1/sR2","privKey":"EPt/6ioaLsdUEg3w/aM0g7vgre74udjwY52WzmwGQUk="},"lastRemoteEphemeralKey":"BeCv6OWc0zZ0C9hEVCyklW69EcAhTf3Ls/1hxRi6pXk9","previousCounter":0,"rootKey":"NLwgGDXcKUsiHyGxFTeS9/y5gBur8kc83aWa5MFtubE="},"indexInfo":{"baseKey":"BZWP/bvE9lQcAzjN/J8g3WQRwbC/ISccpZnVMKaPw95J","baseKeyType":1,"closed":-1,"used":1730472083953,"created":1730472083953,"remoteIdentityKey":"BZ/upnpKkE3367jA6XG0jJ158xG4r1PkryevDvMpSQlv"},"_chains":{"BUSVgMP+kgNg1Xd9YfJBjFTUEmD0UOFFSPqoW0c1/sR2":{"chainKey":{"counter":16,"key":"/W0I2+G50aQRtI9wt6iMyFwbIBcpCoSIAQZfTZowTiE="},"chainType":1,"messageKeys":{}}},"pendingPreKey":{"signedKeyId":1,"baseKey":"BZWP/bvE9lQcAzjN/J8g3WQRwbC/ISccpZnVMKaPw95J","preKeyId":9241}}},"version":"v1"}