{"_sessions":{"BbBow4th1LM6ydjUCqKyEqk//JzGdEA/oRfA4/abWwFW":{"registrationId":1586654626,"currentRatchet":{"ephemeralKeyPair":{"pubKey":"BZ1Zziof7oEggVM+33CvNovBhf0Pa2zBYFfArLHp0A5w","privKey":"MHX3dGubefDbu6CZ/IeFc8/OWUuSrx/O/tCxRqNaPVo="},"lastRemoteEphemeralKey":"BcvfC6vnnciW35fZZGp9eAUJS8aUzI5vNROfFlSly+ha","previousCounter":0,"rootKey":"SNEoJ1gYrUC97oj1/TSOmhbdSBAEPgRr4eIk1k+l7/Q="},"indexInfo":{"baseKey":"BbBow4th1LM6ydjUCqKyEqk//JzGdEA/oRfA4/abWwFW","baseKeyType":1,"closed":-1,"used":1730471862769,"created":1730471862769,"remoteIdentityKey":"Bfl/ce8OJ/LJ0EIF3AVSwpbUHvOOtkDO155wrFskJKd2"},"_chains":{"BZ1Zziof7oEggVM+33CvNovBhf0Pa2zBYFfArLHp0A5w":{"chainKey":{"counter":0,"key":"xpDa+TR8OOfA0zDPMYDobWJZuN7t0GmgV9jHV7Cz7aQ="},"chainType":1,"messageKeys":{}}},"pendingPreKey":{"signedKeyId":6,"baseKey":"BbBow4th1LM6ydjUCqKyEqk//JzGdEA/oRfA4/abWwFW","preKeyId":12435813}}},"version":"v1"}