{"_sessions":{"BfLWxBlOfRsk0YGAkdJjhsx1ktd37NgHWTpFkNhP2VhY":{"registrationId":17514808,"currentRatchet":{"ephemeralKeyPair":{"pubKey":"BbQhtVCLZ7n+nFlYgDlI+pLGLqUd48D9mSCPqzmxpnUJ","privKey":"sO3qGb2al2N/h9l5OSbY9gmfxut8Ech9m2ZdkvRN1Hc="},"lastRemoteEphemeralKey":"BUrui9m0T1UGCB7HDmAprmqjDfCunT3obxt6Z6sr/9Vg","previousCounter":1,"rootKey":"m6Ph+hoTVxFWSKY8ppR1RvrBWlTcazYYjGvauI4WG4w="},"indexInfo":{"baseKey":"BfLWxBlOfRsk0YGAkdJjhsx1ktd37NgHWTpFkNhP2VhY","baseKeyType":1,"closed":-1,"used":1730473821004,"created":1730472084077,"remoteIdentityKey":"BaywrQxDd02efs3AL6354gSIPJVSyjEjE3kuSHP9WlAe"},"_chains":{"BUrui9m0T1UGCB7HDmAprmqjDfCunT3obxt6Z6sr/9Vg":{"chainKey":{"counter":0,"key":"OvbW+w+TbOHE3alR0DqS1wa/OX3+EdE/hyTkzF819Lk="},"chainType":2,"messageKeys":{}},"BbQhtVCLZ7n+nFlYgDlI+pLGLqUd48D9mSCPqzmxpnUJ":{"chainKey":{"counter":14,"key":"FP2nRC4y8FGVnGoBMW/0QYhloq9Q+4gWu/FdVoPpWKg="},"chainType":1,"messageKeys":{}}}}},"version":"v1"}