{"_sessions":{"BRfo8X1Z7gAJlzlbJF4PrkEhycvzZCbNcO1FUYueCYhq":{"registrationId":474235685,"currentRatchet":{"ephemeralKeyPair":{"pubKey":"BTF/yYNICcUZHXYVm0AW9KFUTtf23acIhkFShwzZWahf","privKey":"MGKvIeNmoGK/iDF8ejMalzIZdbjfmbB0zSmcuJC4WnQ="},"lastRemoteEphemeralKey":"BRu9+GtOJSQ5LAMbDhyiY8GxkPdxVkYDK7l2XOjb9qwL","previousCounter":0,"rootKey":"Z7uVgA4ooWIK90je7gEoJSUh+S8/0XqtrjPwiT4105g="},"indexInfo":{"baseKey":"BRfo8X1Z7gAJlzlbJF4PrkEhycvzZCbNcO1FUYueCYhq","baseKeyType":2,"closed":-1,"used":1730477367792,"created":1730474339491,"remoteIdentityKey":"Bb8J8yt079jj4UwVXXsgoGHGrEgUwyvxXMnebt/YflRb"},"_chains":{"BSgsiWyFICzOHaN6zrRwLudVn5257AMvfYzVnCUqMJAC":{"chainKey":{"counter":4},"chainType":2,"messageKeys":{}},"BRu9+GtOJSQ5LAMbDhyiY8GxkPdxVkYDK7l2XOjb9qwL":{"chainKey":{"counter":0,"key":"6+GUaJzmG81EgNNFJY71RjVDAOAkOTGo8CEfh3D3T0I="},"chainType":2,"messageKeys":{}},"BTF/yYNICcUZHXYVm0AW9KFUTtf23acIhkFShwzZWahf":{"chainKey":{"counter":-1,"key":"yseluR/9y0YXsJ/Vl2DmM/Nm3MDiWX+hekdC1GmCvOI="},"chainType":1,"messageKeys":{}}}}},"version":"v1"}