{"_sessions":{"BTS8yPSCrhh8R2av+C+Tl7temr1liRVuymIxcTN4wQpr":{"registrationId":1441568247,"currentRatchet":{"ephemeralKeyPair":{"pubKey":"BdLhPK9Te0i4hj79/SoU3TEw8crdyV7HHjQ0IV3i894c","privKey":"WJdLuDkyrWMuCOMt+YqJ0FYApaCqA/1JBy/s9Fnh9WY="},"lastRemoteEphemeralKey":"BYiFChrqXiDtWYchb9ZVG9gvL/077GC3ODpSrQyPMqdp","previousCounter":0,"rootKey":"vbpT7M0wUmJlTXbvPNltIZsdzsAcX2q36RSN1nnJ0/E="},"indexInfo":{"baseKey":"BTS8yPSCrhh8R2av+C+Tl7temr1liRVuymIxcTN4wQpr","baseKeyType":1,"closed":-1,"used":1730472083974,"created":1730472083974,"remoteIdentityKey":"BdMGfx5nsj2v5Kuh+CZilZBM9yNmaHVwP6yPD2r69Qlf"},"_chains":{"BdLhPK9Te0i4hj79/SoU3TEw8crdyV7HHjQ0IV3i894c":{"chainKey":{"counter":16,"key":"t0PdSv54J8DmB1Z/ByXi5no4kvjkG4UwLdxrIZQc7ns="},"chainType":1,"messageKeys":{}}},"pendingPreKey":{"signedKeyId":1,"baseKey":"BTS8yPSCrhh8R2av+C+Tl7temr1liRVuymIxcTN4wQpr","preKeyId":3646199}}},"version":"v1"}