{"_sessions":{"BYbl2ogvari6q7ZSkTKtdFHlQV4HAXz5XirPJlXFgi1K":{"registrationId":2093673135,"currentRatchet":{"ephemeralKeyPair":{"pubKey":"BXZYQO+Z2xzVD0+kkec7BX49+rmAIdEcQSnQ7PNQbYQC","privKey":"OFIcAIiXTUZGsvvfdHu8OT5njFQ66vUXq59OhqstRHY="},"lastRemoteEphemeralKey":"BQvtH+DD/PHtj8NHgI4lajtau4flGtHg4fMHPIr5Tu1h","previousCounter":0,"rootKey":"1658Dw6z16ll3BoWcC1iHDLMUPaB9KwEJmTBwbbYqzY="},"indexInfo":{"baseKey":"BYbl2ogvari6q7ZSkTKtdFHlQV4HAXz5XirPJlXFgi1K","baseKeyType":1,"closed":-1,"used":1730471862527,"created":1730471862527,"remoteIdentityKey":"Bd30NpF82CK2m4iBs6J2SA323g2VMsQ07UCCDOp1TSsB"},"_chains":{"BXZYQO+Z2xzVD0+kkec7BX49+rmAIdEcQSnQ7PNQbYQC":{"chainKey":{"counter":0,"key":"mome+ktyhi/iV6A8cAELl17vLb5z7XRAzjH0Ml/2IPs="},"chainType":1,"messageKeys":{}}},"pendingPreKey":{"signedKeyId":1,"baseKey":"BYbl2ogvari6q7ZSkTKtdFHlQV4HAXz5XirPJlXFgi1K","preKeyId":11215228}}},"version":"v1"}