{"_sessions":{"BSLoHFCPFiJjHtlG6UQ3gNBFt72mSZZLU6sZeDvK9QkG":{"registrationId":124,"currentRatchet":{"ephemeralKeyPair":{"pubKey":"BRbAl28fdS7so4wh43/Q8Hkvl3JOK+/2je6Bnlzzbt9K","privKey":"qFbBFFMpXdNNOFP13L4GctobGhMkMsIrmDADmLATpUs="},"lastRemoteEphemeralKey":"BZue4IMUiaf1Fby6gbv2qbmfvJZFP4ozUQNiYIAizjMM","previousCounter":0,"rootKey":"T42lZnPncWEgYG003xjxD0/PUswvAkpiO88Wm0OmNQc="},"indexInfo":{"baseKey":"BSLoHFCPFiJjHtlG6UQ3gNBFt72mSZZLU6sZeDvK9QkG","baseKeyType":1,"closed":-1,"used":1730471862523,"created":1730471862523,"remoteIdentityKey":"BV2QeX4z3oZYBkuBxVkGTZehwVSU1cb9FaBET5aXiGxE"},"_chains":{"BRbAl28fdS7so4wh43/Q8Hkvl3JOK+/2je6Bnlzzbt9K":{"chainKey":{"counter":0,"key":"66g7pbPG7731EjwbxxsWR+50Y+HShMTUBf4FrHs/+Yo="},"chainType":1,"messageKeys":{}}},"pendingPreKey":{"signedKeyId":1,"baseKey":"BSLoHFCPFiJjHtlG6UQ3gNBFt72mSZZLU6sZeDvK9QkG"}}},"version":"v1"}