{"_sessions":{"BRRD2/Xwrn3R89Vg6jcausHXVVeNPYdmOirv3H+pOecQ":{"registrationId":558226794,"currentRatchet":{"ephemeralKeyPair":{"pubKey":"BQ1cseR/j7xYtEAMCMb93lc0X45GuyTEPNIehyV5fPhW","privKey":"sFTyii6IeCiX5GsFTHAzxmRpM1yspTn7V/8H3MQE00s="},"lastRemoteEphemeralKey":"BVaOGj0NXYon6Gt2irP+aVqlrrzH5ni4YnW7u+/6q9E/","previousCounter":0,"rootKey":"rLgw/kZMwfKB+J1Zic9fS8REP6MqAy3PJOXgiRFZYiU="},"indexInfo":{"baseKey":"BRRD2/Xwrn3R89Vg6jcausHXVVeNPYdmOirv3H+pOecQ","baseKeyType":1,"closed":-1,"used":1730471986328,"created":1730471986328,"remoteIdentityKey":"BUCWw9pI+SKeiqkh2metm5raJPx92EeH+0QTbsffJNx7"},"_chains":{"BQ1cseR/j7xYtEAMCMb93lc0X45GuyTEPNIehyV5fPhW":{"chainKey":{"counter":0,"key":"iliLPu66QjknoLdDHye1p+aoPmquhOHAJPAhcwmSfk0="},"chainType":1,"messageKeys":{}}},"pendingPreKey":{"signedKeyId":9,"baseKey":"BRRD2/Xwrn3R89Vg6jcausHXVVeNPYdmOirv3H+pOecQ","preKeyId":7876099}}},"version":"v1"}