{"_sessions":{"BUYfAX6Iiivf+7zOPsrkGt7gI1pg/dYt17eZ71moA/g9":{"registrationId":1842585174,"currentRatchet":{"ephemeralKeyPair":{"pubKey":"Bb9ssPagc7kIxZzB9Q8xgR/E9OubRQ8aP+L1IqSivNsF","privKey":"OH7Sl8e7CTCaqh+UY8bBPfuwbBxd6luANwBpejogdlE="},"lastRemoteEphemeralKey":"BWwGfNQ+ECRiDx+FdugrZbYXSzadjo/YT0nE2uEbVWA6","previousCounter":0,"rootKey":"cBUbZ2kzWosQRd5kKZA63mnLC/nKrPPmjesCNcEz3DY="},"indexInfo":{"baseKey":"BUYfAX6Iiivf+7zOPsrkGt7gI1pg/dYt17eZ71moA/g9","baseKeyType":1,"closed":-1,"used":1730472084777,"created":1730472084777,"remoteIdentityKey":"BXqbbek+elar5hRrulz5WhoXMSgy2E61Arn9oPJVP7Jr"},"_chains":{"Bb9ssPagc7kIxZzB9Q8xgR/E9OubRQ8aP+L1IqSivNsF":{"chainKey":{"counter":16,"key":"wF7TrDAH5EobBSD9sn0ko8jB0lBcZJRTEUsyrRIHP7w="},"chainType":1,"messageKeys":{}}},"pendingPreKey":{"signedKeyId":1,"baseKey":"BUYfAX6Iiivf+7zOPsrkGt7gI1pg/dYt17eZ71moA/g9","preKeyId":13224960}}},"version":"v1"}