{"_sessions":{"BWLP80NokhaIClWIoeUM+My9JhK+sm7yv9SYUtK9iJ5i":{"registrationId":166450293,"currentRatchet":{"ephemeralKeyPair":{"pubKey":"BVjheRBCtdiyJdCfR7zlZXuyRuVvtHC42RjB7T8HcIVE","privKey":"UOLGihS7QFbssbU3NzDtFRz3LxKo9UH7FE8I/f4DjkE="},"lastRemoteEphemeralKey":"BURWdyac1Qoa6KOSddr36g5nHB7/14GeTikPNoYi2xYl","previousCounter":0,"rootKey":"k6Vdi6QRFwBVpLn4GvtFCdj04Bi+eNoJfkWzC5/Ttq4="},"indexInfo":{"baseKey":"BWLP80NokhaIClWIoeUM+My9JhK+sm7yv9SYUtK9iJ5i","baseKeyType":1,"closed":-1,"used":1730471862605,"created":1730471862605,"remoteIdentityKey":"BZxj869Y2NVuw3sDT+Zxvyw1jIfdMzotdtubmvzBI1Ie"},"_chains":{"BVjheRBCtdiyJdCfR7zlZXuyRuVvtHC42RjB7T8HcIVE":{"chainKey":{"counter":0,"key":"2ciAtem8GRZTS1cSSGZBtkycSzFdSvl9xE0zbQwUx5s="},"chainType":1,"messageKeys":{}}},"pendingPreKey":{"signedKeyId":11,"baseKey":"BWLP80NokhaIClWIoeUM+My9JhK+sm7yv9SYUtK9iJ5i","preKeyId":3827816}}},"version":"v1"}