{"_sessions":{"BfL6k7da2pjLGsqcu6cCFXkI9k2tzpUDgY4RC+4183JW":{"registrationId":1282946394,"currentRatchet":{"ephemeralKeyPair":{"pubKey":"BWFeWViPLGL01G5I0PXKfhO4JsFcVAZXdTOyvZJuZXIp","privKey":"SLrODySLxf3FkMms+3RxYNGCJe1ksyobb6oHMQRXoVg="},"lastRemoteEphemeralKey":"BbIkCabinrIx2vL7h9GDPw1m8n84OldNd0WIgQmE1c1N","previousCounter":0,"rootKey":"NEMWxN3NFc4VOcp4MYh3tz2GyZPpindBgAzeLILvRBo="},"indexInfo":{"baseKey":"BfL6k7da2pjLGsqcu6cCFXkI9k2tzpUDgY4RC+4183JW","baseKeyType":1,"closed":-1,"used":1730471862637,"created":1730471862637,"remoteIdentityKey":"BReDJ8Iv8dG8YIGutcUFZxpUyAs0uR17ahjOB88ELdYH"},"_chains":{"BWFeWViPLGL01G5I0PXKfhO4JsFcVAZXdTOyvZJuZXIp":{"chainKey":{"counter":0,"key":"MAyQm98FIUj0UOFIcCt4iZa4/UPCJSFu00CuJPkv9pg="},"chainType":1,"messageKeys":{}}},"pendingPreKey":{"signedKeyId":7,"baseKey":"BfL6k7da2pjLGsqcu6cCFXkI9k2tzpUDgY4RC+4183JW","preKeyId":14335276}}},"version":"v1"}