{"_sessions":{"BfwZvaNjq4V6/qJsGezRFrx6gGvvertptHLquxirV7Q5":{"registrationId":1559520757,"currentRatchet":{"ephemeralKeyPair":{"pubKey":"BQOu/F1JpVW0f8/48yQqPFtWIvZtqbhPPHPwGD3esb5a","privKey":"0Nm3Pt8TamoZ0wOujv4lDQHsk6vA7vjkbG/Zp781eH8="},"lastRemoteEphemeralKey":"BRxT9XpwMljyAzyYGwPNML2N1fpc0st0OcZM0vnQC/UL","previousCounter":16,"rootKey":"eDJkhWePsG2rzWH6EV1RoMEqehYfH7lcEveAqPTXFCs="},"indexInfo":{"baseKey":"BfwZvaNjq4V6/qJsGezRFrx6gGvvertptHLquxirV7Q5","baseKeyType":1,"closed":-1,"used":1730478547001,"created":1730471862531,"remoteIdentityKey":"BQ+0bFloA5qLyoi764wqMbT61whD698OOpYIEHacP6l0"},"_chains":{"BRxT9XpwMljyAzyYGwPNML2N1fpc0st0OcZM0vnQC/UL":{"chainKey":{"counter":0,"key":"MuRC+gWWxZG+RL4+e5pmYlWlpJbpFZz4IaM4LQGtsSc="},"chainType":2,"messageKeys":{}},"BQOu/F1JpVW0f8/48yQqPFtWIvZtqbhPPHPwGD3esb5a":{"chainKey":{"counter":1,"key":"TnTDmKnC9dZf3fu1yHUJxkEDSV4+eWVdznjpeDopEdg="},"chainType":1,"messageKeys":{}}}}},"version":"v1"}