{"_sessions":{"BWJ3/+uuA0Rtj1FRNDMH+DJGl2dwrjbG/xkRkpd8uIdo":{"registrationId":14423,"currentRatchet":{"ephemeralKeyPair":{"pubKey":"BTt8TWjyGvQynkxKvQJFjkkZbExSSiOvtbiZkspb1ew1","privKey":"eHCJn5FA/guKb0j883yrDAJri9+iJeiOblrzHn9BUXA="},"lastRemoteEphemeralKey":"BdZ39menrFYFiZgffucgs/CCVoJYD5YLtSzZrHMaUtY9","previousCounter":0,"rootKey":"k0t/79te+ygAkLaXho4K88URK1zrRtF2NiPkJQQ974E="},"indexInfo":{"baseKey":"BWJ3/+uuA0Rtj1FRNDMH+DJGl2dwrjbG/xkRkpd8uIdo","baseKeyType":1,"closed":-1,"used":1730472083774,"created":1730472083774,"remoteIdentityKey":"BTvbkzIL+rQusVqQ0nPrTu42Wo6SMhcY83BBCuaJJUU8"},"_chains":{"BTt8TWjyGvQynkxKvQJFjkkZbExSSiOvtbiZkspb1ew1":{"chainKey":{"counter":16,"key":"lQWYeKHC/h6LxKDltQv0qzpYCO8Bx/jY7H8ER8io9ps="},"chainType":1,"messageKeys":{}}},"pendingPreKey":{"signedKeyId":1,"baseKey":"BWJ3/+uuA0Rtj1FRNDMH+DJGl2dwrjbG/xkRkpd8uIdo"}}},"version":"v1"}