{"_sessions":{"BV2y/AA7u+n0aPtCz50prRRPw94SLAKkoLLlkZhPLH8o":{"registrationId":1201916675,"currentRatchet":{"ephemeralKeyPair":{"pubKey":"BTyLycjcLD/qVAChFZ0pkUmlt3n8dA7SieHPPs1RkHBV","privKey":"KOJ3tj05vYy56gyqlv+ZNLJLB2ARAIucatHrKX73VEs="},"lastRemoteEphemeralKey":"BZsxApT/hA9g1HFdatBv/Yv6vCd2oN1OSLPcSbaH9Cgd","previousCounter":0,"rootKey":"eh0IqiCWSo1UfvSFBI6O1O7gwtztCfctFuRd6HDOl1o="},"indexInfo":{"baseKey":"BV2y/AA7u+n0aPtCz50prRRPw94SLAKkoLLlkZhPLH8o","baseKeyType":1,"closed":-1,"used":1730472084847,"created":1730472084847,"remoteIdentityKey":"BdKzRy+nEveh+a10O0NZ/vQcQBOqbNszDTP/vQs3q4s+"},"_chains":{"BTyLycjcLD/qVAChFZ0pkUmlt3n8dA7SieHPPs1RkHBV":{"chainKey":{"counter":16,"key":"yt7KH2OoI51Dd1w8oAKEXCkvw0baQksOHvQlbK1BMCY="},"chainType":1,"messageKeys":{}}},"pendingPreKey":{"signedKeyId":4,"baseKey":"BV2y/AA7u+n0aPtCz50prRRPw94SLAKkoLLlkZhPLH8o","preKeyId":11958873}}},"version":"v1"}