{"_sessions":{"BUAOtrVzpfDU4RG17Np5HPca1IBvp2VE9dpmtVFt6bpN":{"registrationId":678698533,"currentRatchet":{"ephemeralKeyPair":{"pubKey":"BX8jY9pY1QZcVpxlb7ZxnbQ8dwxKU7IrhPL50Uf4VvVT","privKey":"SNHDS2PkQpE5NqiltPshgsp80iCWq1dVnocQSgKAy1Q="},"lastRemoteEphemeralKey":"BQGsIXkRc4vb64PXo+hQ6QGpTej1zNUh31ZiByG4TA4/","previousCounter":0,"rootKey":"WgHNqiN3yLdjqZoWo9C6AnGN11vITVQhF3IGI1LtSFg="},"indexInfo":{"baseKey":"BUAOtrVzpfDU4RG17Np5HPca1IBvp2VE9dpmtVFt6bpN","baseKeyType":1,"closed":-1,"used":1730471862750,"created":1730471862750,"remoteIdentityKey":"BYUA+qDsJhQY3Jr5oHg33Cle8Ej8cMg7coXerCHZLB57"},"_chains":{"BX8jY9pY1QZcVpxlb7ZxnbQ8dwxKU7IrhPL50Uf4VvVT":{"chainKey":{"counter":0,"key":"6dVk/7F4q0dxtgfqhVA7UPLJrLMuIbNEyyZXd1l16lU="},"chainType":1,"messageKeys":{}}},"pendingPreKey":{"signedKeyId":3,"baseKey":"BUAOtrVzpfDU4RG17Np5HPca1IBvp2VE9dpmtVFt6bpN","preKeyId":8898193}}},"version":"v1"}