{"_sessions":{"BVffB6JzR9tea6jQuarjcXP5ouerYEIZz289V9Dv/gp1":{"registrationId":1655622968,"currentRatchet":{"ephemeralKeyPair":{"pubKey":"BTp7fz+ksVn7eHaTREkPYtG9dSZndFJzZdtKsXGVdWxU","privKey":"gBwN0wmg7+575S/adZEvQom5Rz+Cl5C6hRblJPfr53c="},"lastRemoteEphemeralKey":"BZ7Uu/AOVSb0gMubpnmu+GLM7s1UTysNdHAHNPq4Jycs","previousCounter":0,"rootKey":"XJ2R8cYZoKcEnPP5Ui/uRHk4EyeNgVG4OqztLApj5IY="},"indexInfo":{"baseKey":"BVffB6JzR9tea6jQuarjcXP5ouerYEIZz289V9Dv/gp1","baseKeyType":1,"closed":-1,"used":1730471862470,"created":1730471862470,"remoteIdentityKey":"BedzJ8dcXGUuWDP1wrH5q2ylo1+pX/1XtehCwdmnP95U"},"_chains":{"BTp7fz+ksVn7eHaTREkPYtG9dSZndFJzZdtKsXGVdWxU":{"chainKey":{"counter":0,"key":"DcKz4CQBvD1+HDHS1IubC7TLO6lNEkAUxphfr9R+RAY="},"chainType":1,"messageKeys":{}}},"pendingPreKey":{"signedKeyId":1,"baseKey":"BVffB6JzR9tea6jQuarjcXP5ouerYEIZz289V9Dv/gp1","preKeyId":6142530}}},"version":"v1"}