{"_sessions":{"Bf/3YBp8r45ajGUTZq2fjygKUHrDAyAamYt8daUq/ipX":{"registrationId":529102765,"currentRatchet":{"ephemeralKeyPair":{"pubKey":"BRW2EW5ym45ztU1SpxgT5uRI8xN3E6YXH3d6o5Kv73IV","privKey":"qBlzIE0ZGgjhR9K9geHCPPtmw2ifES4EFY5NPxaDwnw="},"lastRemoteEphemeralKey":"BczNjgfoaDnUBPrQX/jmNH0ygJ1KAw8I49keyO7C/r5b","previousCounter":0,"rootKey":"G5Fb7XxS8DjTll+1+7VdkpzVdpvM6oZMl7AaoxfHkxc="},"indexInfo":{"baseKey":"Bf/3YBp8r45ajGUTZq2fjygKUHrDAyAamYt8daUq/ipX","baseKeyType":1,"closed":-1,"used":1730472084164,"created":1730472084164,"remoteIdentityKey":"BZ67zjqUFVa8gcoGmR1HUF2sdMfW6AeKUr4S5jkbmYRH"},"_chains":{"BRW2EW5ym45ztU1SpxgT5uRI8xN3E6YXH3d6o5Kv73IV":{"chainKey":{"counter":16,"key":"cAQFyhPomyrh/2MoYElYlcMym5mJxVNCz1+i8I+O9sQ="},"chainType":1,"messageKeys":{}}},"pendingPreKey":{"signedKeyId":4,"baseKey":"Bf/3YBp8r45ajGUTZq2fjygKUHrDAyAamYt8daUq/ipX","preKeyId":15339069}}},"version":"v1"}