{"_sessions":{"BZaJM9SrL11e/1RjLKc3TyrU/Edoi1Me5ZTRZPqZpRUo":{"registrationId":57,"currentRatchet":{"ephemeralKeyPair":{"pubKey":"BXTTP09c8RsAsHX/QPNcI9LaH8uoecjKSYodAYCLT0kB","privKey":"CI9xCMmRbp2tQYVMXSzI1dx71gSvux9SIyv1sKaFt1g="},"lastRemoteEphemeralKey":"BT03uLLhVd5JoGv6B8Jixge/HgVXsr5OMuefKam2O35T","previousCounter":0,"rootKey":"QN5Hs793xWOA/3jaDBMydbsileKYWFmAj5XgHnCQZf0="},"indexInfo":{"baseKey":"BZaJM9SrL11e/1RjLKc3TyrU/Edoi1Me5ZTRZPqZpRUo","baseKeyType":1,"closed":-1,"used":1730472083899,"created":1730472083899,"remoteIdentityKey":"BQbxiDnfirwoJk1RKGLcnwyruhZSG+dwbFlwsDH8+Dxh"},"_chains":{"BXTTP09c8RsAsHX/QPNcI9LaH8uoecjKSYodAYCLT0kB":{"chainKey":{"counter":16,"key":"3x6wzp6ztWaWS0ehHr5SY6X1+fKJ6sLf3ZJTu4pCZFo="},"chainType":1,"messageKeys":{}}},"pendingPreKey":{"signedKeyId":1,"baseKey":"BZaJM9SrL11e/1RjLKc3TyrU/Edoi1Me5ZTRZPqZpRUo"}}},"version":"v1"}