{"_sessions":{"BcahwTmXbe9INeRnBgSpDzi4Ac127tk5mec6KgnYnsIj":{"registrationId":4600,"currentRatchet":{"ephemeralKeyPair":{"pubKey":"BSt8tlFM081yoT9sCJO2ulHZPGxN5lq8VxtmyXbZ4Mg4","privKey":"iJ3s3jrrm4vOTpLCAzPOVt80Hmj0JVQsGJcjcgy7oGI="},"lastRemoteEphemeralKey":"BXEztyRGJYd5iwscOO9BiDzNFAySb170bkgR/UycctZY","previousCounter":0,"rootKey":"tHsdMvknccxFcM7Qa1l6JvsI3wUvAHJjmQAsHYztcVs="},"indexInfo":{"baseKey":"BcahwTmXbe9INeRnBgSpDzi4Ac127tk5mec6KgnYnsIj","baseKeyType":1,"closed":-1,"used":1730471986135,"created":1730471986135,"remoteIdentityKey":"BQRBxevfmRrfbXDFIO5DUt1am98UXwo9cmJ2NYmEh3oh"},"_chains":{"BSt8tlFM081yoT9sCJO2ulHZPGxN5lq8VxtmyXbZ4Mg4":{"chainKey":{"counter":0,"key":"UgVXbTf5zxI8lcqYZuQwJXQ8aYiia/yYZG2U6PKQdxA="},"chainType":1,"messageKeys":{}}},"pendingPreKey":{"signedKeyId":1,"baseKey":"BcahwTmXbe9INeRnBgSpDzi4Ac127tk5mec6KgnYnsIj","preKeyId":175}}},"version":"v1"}