{"_sessions":{"BdiRcAMahLQ8DhdCRiVf/UrJ/V+hnpPF8BSRbzBY7XBT":{"registrationId":170985483,"currentRatchet":{"ephemeralKeyPair":{"pubKey":"BS2WLH/JestQLDPADHpq2EnZf9/OuKEbSi4uxGLDgUxw","privKey":"2Igd3v2XSuYAwU2nJX/lQS1096YT6cdKqO8TPHXoXFc="},"lastRemoteEphemeralKey":"BTNQUaZdoWniC4XGjyL8CeTiusNc1UhTx/YpJSs6mNQc","previousCounter":0,"rootKey":"qUlXaBW4DQOJmS9LqcqjR8TtsUmBBoxnHFg6tXQnf/Y="},"indexInfo":{"baseKey":"BdiRcAMahLQ8DhdCRiVf/UrJ/V+hnpPF8BSRbzBY7XBT","baseKeyType":1,"closed":-1,"used":1730472084877,"created":1730472084877,"remoteIdentityKey":"BWo4mAjt6u3R6dm6diu/t8mzijSW+FI2+bZ8lzaPXQAb"},"_chains":{"BS2WLH/JestQLDPADHpq2EnZf9/OuKEbSi4uxGLDgUxw":{"chainKey":{"counter":16,"key":"da36TAlNjRZApRtoIF0iQZFGlR+CT9nazQcd+MZq2Uc="},"chainType":1,"messageKeys":{}}},"pendingPreKey":{"signedKeyId":3,"baseKey":"BdiRcAMahLQ8DhdCRiVf/UrJ/V+hnpPF8BSRbzBY7XBT","preKeyId":13322237}}},"version":"v1"}