{"_sessions":{"BeSpz7Amew0yXCaSK/5qFjezGjvs76LJRxbLAjaAvrEI":{"registrationId":1897245192,"currentRatchet":{"ephemeralKeyPair":{"pubKey":"BVzbbgxHplhlcVT7J5ufhdTBWG3mChz9nj4DoLGS/UEP","privKey":"0B0+T4QFgaq27gv23/djgMl9IISFPUrWgq492rpnMEg="},"lastRemoteEphemeralKey":"BSpL0JgKQgRWzoU6+OLV3XnGq6AVHE9esZD9udU7AL4E","previousCounter":0,"rootKey":"Ocn816Y+DBA82/lAz1JWA3tSIT+4N4W4FKkkNyM2l7o="},"indexInfo":{"baseKey":"BeSpz7Amew0yXCaSK/5qFjezGjvs76LJRxbLAjaAvrEI","baseKeyType":1,"closed":-1,"used":1730471862614,"created":1730471862614,"remoteIdentityKey":"BUD40qfwfXyi+rUvJH23ZDt7vChnCDznpkklJHegADZ/"},"_chains":{"BVzbbgxHplhlcVT7J5ufhdTBWG3mChz9nj4DoLGS/UEP":{"chainKey":{"counter":0,"key":"FNkjROma2SjZLXL7dx7m8G4mXgsUCSk+4bW+ckhntKw="},"chainType":1,"messageKeys":{}}},"pendingPreKey":{"signedKeyId":7,"baseKey":"BeSpz7Amew0yXCaSK/5qFjezGjvs76LJRxbLAjaAvrEI","preKeyId":6557592}}},"version":"v1"}