{"_sessions":{"BbnFMUiXQEAwStmQ1XWKLj5pZRHSb2K9TUEpToJLPhM2":{"registrationId":1541372155,"currentRatchet":{"ephemeralKeyPair":{"pubKey":"BXp5Jsb7e75714qRLK8Zn6JAYfE2a4nHhnP4sehy9coI","privKey":"aEo3UTkx17rWwyXzC0+eQH2ggJHVs8gH6uSZOO77pGU="},"lastRemoteEphemeralKey":"BaDqpj15osFHJsqmC0YHH1sufCOXmXf7rhqreA0nH4tY","previousCounter":0,"rootKey":"RdvwVtl0BxWAAYPcLpOYBWONJkt/TFhUXJqipFjRWmI="},"indexInfo":{"baseKey":"BbnFMUiXQEAwStmQ1XWKLj5pZRHSb2K9TUEpToJLPhM2","baseKeyType":1,"closed":-1,"used":1730471862743,"created":1730471862743,"remoteIdentityKey":"BZI590SNVm5F/yJ1+i7eq906H8YHnyMjfs+zXyzI2asf"},"_chains":{"BXp5Jsb7e75714qRLK8Zn6JAYfE2a4nHhnP4sehy9coI":{"chainKey":{"counter":0,"key":"LK0nOvtyZxXXrMvesJ1DF98S2jjb0NIHcF80WzEMrFU="},"chainType":1,"messageKeys":{}}},"pendingPreKey":{"signedKeyId":0,"baseKey":"BbnFMUiXQEAwStmQ1XWKLj5pZRHSb2K9TUEpToJLPhM2","preKeyId":2923138}}},"version":"v1"}