{"_sessions":{"BWGVEqmik7EcNMTf/oxRnCWYwXcS7OOtTo3qZBgXFc4o":{"registrationId":132,"currentRatchet":{"ephemeralKeyPair":{"pubKey":"BUH4nnEpLgTlTkU0i59wL1OnChyKBfXFdAg6UtMVX6Jq","privKey":"iBMyUQE+5mKGE0aIXSAiumXSxOS/+coBb6mp7jY62Ug="},"lastRemoteEphemeralKey":"BUq9wFQ6+Qxm4vRfJrR2CPrxw6d9pLEU4mlg6BQ7j19v","previousCounter":0,"rootKey":"1yAWphQoRI6iTUVjNiw0fuRYq+4yhm+BpxUzsU2bpYo="},"indexInfo":{"baseKey":"BWGVEqmik7EcNMTf/oxRnCWYwXcS7OOtTo3qZBgXFc4o","baseKeyType":1,"closed":-1,"used":1730472083880,"created":1730472083880,"remoteIdentityKey":"BdFLaH8m4rG+anuxcEolNIwGfBLnIwCCHmH3Wbhn2Ehi"},"_chains":{"BUH4nnEpLgTlTkU0i59wL1OnChyKBfXFdAg6UtMVX6Jq":{"chainKey":{"counter":16,"key":"3lUt9tFr+JP1rAffb4GN14bC2FMtfRsLGpvEGAyyBDE="},"chainType":1,"messageKeys":{}}},"pendingPreKey":{"signedKeyId":1,"baseKey":"BWGVEqmik7EcNMTf/oxRnCWYwXcS7OOtTo3qZBgXFc4o"}}},"version":"v1"}