{"_sessions":{"Bav3W9EPJreDMgqvqzkmsmMqq8eXdZORvDP5kbOgsqQ5":{"registrationId":15189,"currentRatchet":{"ephemeralKeyPair":{"pubKey":"BS1Ox/Ip4O8YdfKQT2ZopvnTy0rM1rUfg6nz1ESRMqhK","privKey":"MGT6hd1Wi80MD41KAjg84JlftGLsvUoZKipby7zfeFI="},"lastRemoteEphemeralKey":"BbRWZ1Bt/VBmmbd4dXXTTaZaNO0zpclXkUctsUeZ7XNy","previousCounter":0,"rootKey":"NQQl9JlGvzkiWtrfJvD1LVqC79WeA1EF+eK9JVX3XS0="},"indexInfo":{"baseKey":"Bav3W9EPJreDMgqvqzkmsmMqq8eXdZORvDP5kbOgsqQ5","baseKeyType":1,"closed":-1,"used":1730471986116,"created":1730471986116,"remoteIdentityKey":"BexPRAAcT2McthE5jbgKg+dBadIbsiCw75fRzl8T7BRi"},"_chains":{"BS1Ox/Ip4O8YdfKQT2ZopvnTy0rM1rUfg6nz1ESRMqhK":{"chainKey":{"counter":0,"key":"K+LM+5hZgziwSOanCEyqg1OtUBQOlsBfhwwmVBcOhz4="},"chainType":1,"messageKeys":{}}},"pendingPreKey":{"signedKeyId":1,"baseKey":"Bav3W9EPJreDMgqvqzkmsmMqq8eXdZORvDP5kbOgsqQ5","preKeyId":197}}},"version":"v1"}