{"_sessions":{"BdK+aV49DxSQjhHPwNupFNZCWPXTPXpQInBGFFkTbv1/":{"registrationId":1724789144,"currentRatchet":{"ephemeralKeyPair":{"pubKey":"BXshTSvCrX1tk3V9jTOUCw4C7Os4oq9Yvo7vTQHYZeNP","privKey":"SCxu8bmsCfNoADiNT2+K+sJVbl7UarFpe1MTL0VBzVU="},"lastRemoteEphemeralKey":"BYHgLhDlhBjzwXZIWIAYBD18YxJrWD2ajeMw8zZU1k1v","previousCounter":0,"rootKey":"EQHJ83wmb5GZOa8btQvZQq+Pik/wjYuwP/uqoYvoruo="},"indexInfo":{"baseKey":"BdK+aV49DxSQjhHPwNupFNZCWPXTPXpQInBGFFkTbv1/","baseKeyType":1,"closed":-1,"used":1730472084768,"created":1730472084768,"remoteIdentityKey":"BWH07siRmnCIblP7yKTKFnnlPl6ZJSVd/BpNJVs8RZw2"},"_chains":{"BXshTSvCrX1tk3V9jTOUCw4C7Os4oq9Yvo7vTQHYZeNP":{"chainKey":{"counter":16,"key":"d5nHPh9YFtJka2Hc5A5BTZIcRgY32ABTZuE01a9NfCk="},"chainType":1,"messageKeys":{}}},"pendingPreKey":{"signedKeyId":5,"baseKey":"BdK+aV49DxSQjhHPwNupFNZCWPXTPXpQInBGFFkTbv1/","preKeyId":13413475}}},"version":"v1"}