{"_sessions":{"BRIBKkSMsDAcHPTyACToAY4AtYuJUPpgfRPZoJAU3agz":{"registrationId":1863408672,"currentRatchet":{"ephemeralKeyPair":{"pubKey":"BY1XZ4fjp7OeqBidgIoRJjehdafW0rQtQXvxJGVhEOcP","privKey":"gLsv7yVmu5Q6w7oNuLwb0gR0ihzxgjA9I1HFl/y6Ukk="},"lastRemoteEphemeralKey":"BQK19Gv9/WK2vabDeym1LB0QX7a/U+pwPX2X33APltcC","previousCounter":0,"rootKey":"Wt5OsETzPZCX79lZzJ3KGN7ZvLxC8GmI6FQ8+zkpFUc="},"indexInfo":{"baseKey":"BRIBKkSMsDAcHPTyACToAY4AtYuJUPpgfRPZoJAU3agz","baseKeyType":1,"closed":-1,"used":1730471862657,"created":1730471862657,"remoteIdentityKey":"Bcr8Kkw8ZQn0oLOLs0EvEQzlYwkcFwJGmvL4K+rMMRts"},"_chains":{"BY1XZ4fjp7OeqBidgIoRJjehdafW0rQtQXvxJGVhEOcP":{"chainKey":{"counter":0,"key":"WDEIt7PzZN0Ggeoc5ALXaYaqDh+P1bzfmhSFEEXVTHE="},"chainType":1,"messageKeys":{}}},"pendingPreKey":{"signedKeyId":7,"baseKey":"BRIBKkSMsDAcHPTyACToAY4AtYuJUPpgfRPZoJAU3agz","preKeyId":15464593}}},"version":"v1"}