{"_sessions":{"BVE1a5jNLExGPmUCCtY0FBnv/5o5QozofTpi1Er4nK1f":{"registrationId":560077125,"currentRatchet":{"ephemeralKeyPair":{"pubKey":"Bche+vwqi6JoZhfZFszldq+np2Efv+dUXUzMZEfDd74n","privKey":"6NdG7a+7pqAsg4AMGbIaJEtaYZqT4csTZ2+KV5RenEk="},"lastRemoteEphemeralKey":"BaRg5dzsLdYeTuvcYs69FPeAzkrqiX4U1e976HEbCxoH","previousCounter":0,"rootKey":"fbnFDrWAvF8Qi+MCGjw3P+q3dt8gvD2PYrKYZjtUVw4="},"indexInfo":{"baseKey":"BVE1a5jNLExGPmUCCtY0FBnv/5o5QozofTpi1Er4nK1f","baseKeyType":1,"closed":-1,"used":1730471862707,"created":1730471862707,"remoteIdentityKey":"Baq+SE/0B+3aGlqmEQ+MMFKc+ii038GFXsu5QeznZHx1"},"_chains":{"Bche+vwqi6JoZhfZFszldq+np2Efv+dUXUzMZEfDd74n":{"chainKey":{"counter":0,"key":"bktg6XazmG9YyPmDwh9rMNUNvF0CgCsqU/J8UYO12Jw="},"chainType":1,"messageKeys":{}}},"pendingPreKey":{"signedKeyId":0,"baseKey":"BVE1a5jNLExGPmUCCtY0FBnv/5o5QozofTpi1Er4nK1f"}}},"version":"v1"}