{"_sessions":{"BcKF4dEpNsi4htMKAvDDf0fSi7z90Ftbghib+66HoCVd":{"registrationId":32,"currentRatchet":{"ephemeralKeyPair":{"pubKey":"BTaN+5RNXrap6tQt7DXC9lxGxk8hLAaoAV7Do60jGW5L","privKey":"eJkWMUopAVAQePwLp5YCJz4becs3kRlkBvNES5A+11o="},"lastRemoteEphemeralKey":"BcdPYz0iHPIyiGhnw2PfwpLR61dU1icVBoqoFiT20yok","previousCounter":0,"rootKey":"2xsoi1IHcnBJAn20i5qqcAPLFmt4Kbl1f2UbNu9yfd8="},"indexInfo":{"baseKey":"BcKF4dEpNsi4htMKAvDDf0fSi7z90Ftbghib+66HoCVd","baseKeyType":1,"closed":-1,"used":1730472083877,"created":1730472083877,"remoteIdentityKey":"BXSZph5HQWQlwYJE0QxJ5z9kfMxuOaR/28/IhleEC0Ur"},"_chains":{"BTaN+5RNXrap6tQt7DXC9lxGxk8hLAaoAV7Do60jGW5L":{"chainKey":{"counter":17,"key":"KyIXSZnF4z0vnRBfjOvo9zwCInfkNdgyMfSAnNXLFsQ="},"chainType":1,"messageKeys":{}}},"pendingPreKey":{"signedKeyId":1,"baseKey":"BcKF4dEpNsi4htMKAvDDf0fSi7z90Ftbghib+66HoCVd"}}},"version":"v1"}