{"_sessions":{"BZdsWI3PnCscXBu+r7wjGg0hfAJh5I3LFMe1gvxKwHU5":{"registrationId":533062685,"currentRatchet":{"ephemeralKeyPair":{"pubKey":"BdL0yFKy8xZeuCUyPrnPfug+IHIQATPr2za+u4IKJlht","privKey":"MNSA3yuwXHhnv50ArsHa8wtMn1uA3Beb2OV4u46iyXg="},"lastRemoteEphemeralKey":"BdrmHL+EXQrMsGq36rRfyZFzx9RxvlfzGmrJjC07cqUn","previousCounter":0,"rootKey":"8qyRgZdF7kJ/xAiJikX2z6AfHX3c3GFsIuIS8j3BFD0="},"indexInfo":{"baseKey":"BZdsWI3PnCscXBu+r7wjGg0hfAJh5I3LFMe1gvxKwHU5","baseKeyType":1,"closed":-1,"used":1730472084852,"created":1730472084852,"remoteIdentityKey":"BflgjhKkDmg09xrH+zu5FyfvrCIzjEig299it9luJd9k"},"_chains":{"BdL0yFKy8xZeuCUyPrnPfug+IHIQATPr2za+u4IKJlht":{"chainKey":{"counter":16,"key":"+B1RZOnpI24irnAaROsPmqsWYrDbBxpiSYLPM2zC6Po="},"chainType":1,"messageKeys":{}}},"pendingPreKey":{"signedKeyId":0,"baseKey":"BZdsWI3PnCscXBu+r7wjGg0hfAJh5I3LFMe1gvxKwHU5","preKeyId":14282183}}},"version":"v1"}