{"_sessions":{"BTFKzQDkMH3e7PU5iyFL3cCp1XpNR8Pbsj44DTdD7ixn":{"registrationId":10301,"currentRatchet":{"ephemeralKeyPair":{"pubKey":"BTKuovX42Dfjy5xgTAKV6xlGHV5wQJ2rPEl9JZwhN1kg","privKey":"0Ka7o53fyCTH+8pHoo6YM1jy4Q1SXUh2kDm6Wrtkz2M="},"lastRemoteEphemeralKey":"BfLFE6wz+Aw4V9KPYXG/+Dh8GVXFYe/Q3QiMrWQdSzcc","previousCounter":0,"rootKey":"iI2YooQEo7KUqtVfsyxsm87i0VxfOD0/OMPQKASijHA="},"indexInfo":{"baseKey":"BTFKzQDkMH3e7PU5iyFL3cCp1XpNR8Pbsj44DTdD7ixn","baseKeyType":1,"closed":-1,"used":1730472083799,"created":1730472083799,"remoteIdentityKey":"Bdym2TQGEx3AKNtNZafUe5BA4aN6YcCPI9IU//LdOlpp"},"_chains":{"BTKuovX42Dfjy5xgTAKV6xlGHV5wQJ2rPEl9JZwhN1kg":{"chainKey":{"counter":16,"key":"Vc/yBigxqj47AgYcNQi/QJFsa028n+ptyPHWn/Ordgg="},"chainType":1,"messageKeys":{}}},"pendingPreKey":{"signedKeyId":1,"baseKey":"BTFKzQDkMH3e7PU5iyFL3cCp1XpNR8Pbsj44DTdD7ixn"}}},"version":"v1"}