{"_sessions":{"BRvuMC32yZLIXyxS/81ENWzS8YleqxeZaxbBNVsVJLpG":{"registrationId":882125628,"currentRatchet":{"ephemeralKeyPair":{"pubKey":"BVFoRCOyWX/Qcpmlb++NGfGae1LQWaGLhWJ9cpry6sJc","privKey":"CAFZcgCZueSdIunNtxUSdF5J6m23xsnNNaE73HGn/kc="},"lastRemoteEphemeralKey":"BcF1UbwvHwuJBdS6Ax1uZPsc9BNHiyf0UwUWLLZmDCRZ","previousCounter":0,"rootKey":"lW8N7BqxAcgxUm8GleozIKBR4uvqPM+N3qXZkW3+bQk="},"indexInfo":{"baseKey":"BRvuMC32yZLIXyxS/81ENWzS8YleqxeZaxbBNVsVJLpG","baseKeyType":1,"closed":-1,"used":1730472084187,"created":1730472084187,"remoteIdentityKey":"BSFb9tSlvRk7CaOyKGWA2BISefB2ny95aPUis/9SvxkV"},"_chains":{"BVFoRCOyWX/Qcpmlb++NGfGae1LQWaGLhWJ9cpry6sJc":{"chainKey":{"counter":16,"key":"dztidOfBj4DDqZgOdhn/AJyXFCDF0P9Rz16IMt1Jcm0="},"chainType":1,"messageKeys":{}}},"pendingPreKey":{"signedKeyId":3,"baseKey":"BRvuMC32yZLIXyxS/81ENWzS8YleqxeZaxbBNVsVJLpG","preKeyId":2505517}}},"version":"v1"}