{"_sessions":{"BbSbOYyypUOUfVvRicCAGuDb0jDSs9ynFMmWKPW5KWVl":{"registrationId":13312,"currentRatchet":{"ephemeralKeyPair":{"pubKey":"BXhQl3JjY70d/eDo4R53WfEcqMpb+U4B1RWyWW5RhYhY","privKey":"SBH8pAnuu/BvuzEBQgtfaS22zPcGFu56PiUnEordmXo="},"lastRemoteEphemeralKey":"BeYrtK2/Rqa5v+qKfUNLIWzqoLaQbipyMoPD2A5LLQ4x","previousCounter":0,"rootKey":"6P5Fg3wc4xEiWkgwSiJ7iGmArbNcEMChZlJ6yYZ/JgU="},"indexInfo":{"baseKey":"BbSbOYyypUOUfVvRicCAGuDb0jDSs9ynFMmWKPW5KWVl","baseKeyType":1,"closed":-1,"used":1730472083866,"created":1730472083866,"remoteIdentityKey":"BSOmfBmebqlU6Zg5773Rd6waMxtT+at+Ld1jks7t3pp4"},"_chains":{"BXhQl3JjY70d/eDo4R53WfEcqMpb+U4B1RWyWW5RhYhY":{"chainKey":{"counter":16,"key":"3WuStyAgN93u9r81S21S7qg3egQcJdcYXoDxuRM+Wnc="},"chainType":1,"messageKeys":{}}},"pendingPreKey":{"signedKeyId":1,"baseKey":"BbSbOYyypUOUfVvRicCAGuDb0jDSs9ynFMmWKPW5KWVl","preKeyId":2017}}},"version":"v1"}