{"_sessions":{"BZaT5xyMjDryO/AjWErk7izWVjvMzFJCY3D0ly+IuJQM":{"registrationId":1997058614,"currentRatchet":{"ephemeralKeyPair":{"pubKey":"BeCQN08+AlzD1DyJ9U37qDCnMSBFiRuYYRXdiOQWUh8U","privKey":"+CztaMJX8obNsKWkPFGBEB7mT5K+b1j1sR6mN2UyklY="},"lastRemoteEphemeralKey":"Be1+27tf1tTLjk45755F91r3VDP3IEZvsHjSYEkEQ99e","previousCounter":0,"rootKey":"ZnoubAXorboYLMxe8moj4cTF1Ppox/PA2fmfbWrL33g="},"indexInfo":{"baseKey":"BZaT5xyMjDryO/AjWErk7izWVjvMzFJCY3D0ly+IuJQM","baseKeyType":1,"closed":-1,"used":1730472084136,"created":1730472084136,"remoteIdentityKey":"BWYOhx0RNzEFuy8fNZxJgxrkjAV67Qvg5xAKD5dzPGs/"},"_chains":{"BeCQN08+AlzD1DyJ9U37qDCnMSBFiRuYYRXdiOQWUh8U":{"chainKey":{"counter":16,"key":"iQP/+JTIP6mDbCKJE1yVKNA/VX6LllMhEa3k0GjNbVY="},"chainType":1,"messageKeys":{}}},"pendingPreKey":{"signedKeyId":1,"baseKey":"BZaT5xyMjDryO/AjWErk7izWVjvMzFJCY3D0ly+IuJQM","preKeyId":1249284}}},"version":"v1"}