{"_sessions":{"BZs1KEIj/lz+H1jQiKimii4dQ3PSEYSQ/1FBJ4ZwqgFh":{"registrationId":116545879,"currentRatchet":{"ephemeralKeyPair":{"pubKey":"Bba/oBDyBtDI4idlzENl7PZLmNTnaHN3CfnHUizN7YBV","privKey":"sIQ9Orza1CDNs79kPnU0bAH7FoERt4JWoJ5eyA7PBlw="},"lastRemoteEphemeralKey":"BZne37vOMieGY5IIwgtdY4wNFROjpggPoVbU9wZB9XJN","previousCounter":0,"rootKey":"e8pkwtH8V3IxH8qe+P//Mi9dtGuvPrluPsVzOOhYIQs="},"indexInfo":{"baseKey":"BZs1KEIj/lz+H1jQiKimii4dQ3PSEYSQ/1FBJ4ZwqgFh","baseKeyType":1,"closed":-1,"used":1730473267079,"created":1730473267079,"remoteIdentityKey":"BYlTMpciUebyK3Jp4Om0V9Ms40d2TDIQQQRp5ymNcIIt"},"_chains":{"Bba/oBDyBtDI4idlzENl7PZLmNTnaHN3CfnHUizN7YBV":{"chainKey":{"counter":0,"key":"p2IIuRqr5ikWa9MgRhLNW/Yz0yZGaYROPQl5Dezwpng="},"chainType":1,"messageKeys":{}}},"pendingPreKey":{"signedKeyId":1,"baseKey":"BZs1KEIj/lz+H1jQiKimii4dQ3PSEYSQ/1FBJ4ZwqgFh"}}},"version":"v1"}