{"_sessions":{"BdMB0olOqYsFsZ4Tc6UNaeqoUFNp4DokFx/3qqNb9yFu":{"registrationId":1071496026,"currentRatchet":{"ephemeralKeyPair":{"pubKey":"BbDTZme/XB3MQxi8qNW7MyWW4I0xclR34h4Y8Cwpuas6","privKey":"8L7xDX+P4odNWfeiSSqsMxkxx87/d8IqYU+vxECuN2U="},"lastRemoteEphemeralKey":"BfXQYxry7EWRLbfWkZB4dMIu/hY2F18X7h2430D/WrsV","previousCounter":0,"rootKey":"+SngFwIX0UTRsuqie0GsKXbPAkn7TGWUGv+FXZAQcXM="},"indexInfo":{"baseKey":"BdMB0olOqYsFsZ4Tc6UNaeqoUFNp4DokFx/3qqNb9yFu","baseKeyType":1,"closed":-1,"used":1730472084183,"created":1730472084183,"remoteIdentityKey":"BSRd3WQEpRDemoqS75k7BSIR8FDT98e/3H8L2w3UcUQq"},"_chains":{"BbDTZme/XB3MQxi8qNW7MyWW4I0xclR34h4Y8Cwpuas6":{"chainKey":{"counter":16,"key":"1VLzIs6XyUrbBiQxjxyPLIQQYhaLNlbRTlj8DDzctRw="},"chainType":1,"messageKeys":{}}},"pendingPreKey":{"signedKeyId":5,"baseKey":"BdMB0olOqYsFsZ4Tc6UNaeqoUFNp4DokFx/3qqNb9yFu","preKeyId":704023}}},"version":"v1"}