{"_sessions":{"BY1mGhhbm1JEbjlSGPRqOHOUHws54/2hqVikA4RAbQFF":{"registrationId":1278,"currentRatchet":{"ephemeralKeyPair":{"pubKey":"BTlC9ANPwijKysPgDKiKo8Sh5xBm0djsx/j7QoZA525D","privKey":"QP5yPleZ1kEtUUMdHrxeZ3Xi8JQ/7wKXUNMh1ykLK3U="},"lastRemoteEphemeralKey":"BfCz+FxcU9zf1/PSXw2IOi7OIL3Z963eOPHTUe3PzthQ","previousCounter":0,"rootKey":"jGUbHJDoNBzapSUXDaDQMt4HIKPmc6wiBQ2XYAlzUP8="},"indexInfo":{"baseKey":"BY1mGhhbm1JEbjlSGPRqOHOUHws54/2hqVikA4RAbQFF","baseKeyType":1,"closed":-1,"used":1730472083822,"created":1730472083822,"remoteIdentityKey":"BY4DH0m/d/fPmOfWcdvVUEBKby7/qHhBpCNpctHnldtU"},"_chains":{"BTlC9ANPwijKysPgDKiKo8Sh5xBm0djsx/j7QoZA525D":{"chainKey":{"counter":16,"key":"/QzwbP1aCkwxsJqNxG1r9WPIc0OOcwlITpQBPqXplBo="},"chainType":1,"messageKeys":{}}},"pendingPreKey":{"signedKeyId":1,"baseKey":"BY1mGhhbm1JEbjlSGPRqOHOUHws54/2hqVikA4RAbQFF"}}},"version":"v1"}