{"_sessions":{"BcBta4WX3Uvz+gMOlk9SBPMssQOgTRlZsiCFRjIf33QM":{"registrationId":1925136630,"currentRatchet":{"ephemeralKeyPair":{"pubKey":"BZ/9syx3FxL0GE/JVuQ1JHls5nNQ49lXhxF16QPJkUVm","privKey":"oGeXAENA9T7757fjOpLBMx/44JtLaTOIgQLovI9P7Hk="},"lastRemoteEphemeralKey":"BTz9Uu6Ba5fyuwzuB6TS4w8OABcHEwPfaxA26id/pkQf","previousCounter":0,"rootKey":"YduVVAwqlw010L1sJ7spNqS8R8Np1zg7eHnFV52J3xY="},"indexInfo":{"baseKey":"BcBta4WX3Uvz+gMOlk9SBPMssQOgTRlZsiCFRjIf33QM","baseKeyType":1,"closed":-1,"used":1730471862622,"created":1730471862622,"remoteIdentityKey":"BekOjWVC06C9IxJgwN6kPoa1O1IEO3b/YUmFFDJm8yd8"},"_chains":{"BZ/9syx3FxL0GE/JVuQ1JHls5nNQ49lXhxF16QPJkUVm":{"chainKey":{"counter":0,"key":"70PW+xgZkdeKUWwuEbm9x38HV5tJyCTvGFEQoq2pPFU="},"chainType":1,"messageKeys":{}}},"pendingPreKey":{"signedKeyId":4,"baseKey":"BcBta4WX3Uvz+gMOlk9SBPMssQOgTRlZsiCFRjIf33QM","preKeyId":14906690}}},"version":"v1"}