{"_sessions":{"BXyMdzkvvL4NfHpxtFU/p4ZEz0w8ebMtwhuGA7GWqy4v":{"registrationId":842276714,"currentRatchet":{"ephemeralKeyPair":{"pubKey":"BbAbB0qp9R5xUR+TvNkb9Hp0WOIpCfJy5qA5Rs7lYCAK","privKey":"0PlEIpeMdeSVtDfWayp38Jy2u2+7F+VUKnJ+YoZl7XQ="},"lastRemoteEphemeralKey":"BQ1kqW2q72RzNuhg7dMfU2BtcTqDRmT9M/kXR1vuSs9P","previousCounter":0,"rootKey":"FaqbB0+ejFzih2mm7uVXNZXsWW06Z9LLHzXMtstBF/s="},"indexInfo":{"baseKey":"BXyMdzkvvL4NfHpxtFU/p4ZEz0w8ebMtwhuGA7GWqy4v","baseKeyType":1,"closed":-1,"used":1730471862653,"created":1730471862653,"remoteIdentityKey":"Bcw/4yGSqvqklyYTSX8xr2e7ZvzSpDIACx/ZtBYExPlo"},"_chains":{"BbAbB0qp9R5xUR+TvNkb9Hp0WOIpCfJy5qA5Rs7lYCAK":{"chainKey":{"counter":0,"key":"BQcnXQDxphvQ7QBdg8F9jqMkbeeWs6UfMPY0voNBZOA="},"chainType":1,"messageKeys":{}}},"pendingPreKey":{"signedKeyId":3,"baseKey":"BXyMdzkvvL4NfHpxtFU/p4ZEz0w8ebMtwhuGA7GWqy4v","preKeyId":15371199}}},"version":"v1"}