{"_sessions":{"BbqYeYWQOkx0ROWnGVdGufJP/5CmunZ4x1KLDu3MIggF":{"registrationId":1559434528,"currentRatchet":{"ephemeralKeyPair":{"pubKey":"Ba/D1647tYjhr/6ZLb6XLvUe3o6ovO+hnxq3hJDcEVZs","privKey":"oARNFyCEq4V2RjK9n47HQ2EW0OOjv+vp3pxLDTMjIVM="},"lastRemoteEphemeralKey":"BSQEhEnv8YRBsJQbDGdi4TkqY50IwBoXLa9XWxGG9JxY","previousCounter":0,"rootKey":"PrhLLcXUEirPiizXE85Ltn7eUj+zwlQbIp9lVj/cYBc="},"indexInfo":{"baseKey":"BbqYeYWQOkx0ROWnGVdGufJP/5CmunZ4x1KLDu3MIggF","baseKeyType":1,"closed":-1,"used":1730472084150,"created":1730472084150,"remoteIdentityKey":"BQBEqE8jGgJC0zDHiKL94KHtk+erraTOtSjGlXFz3KYr"},"_chains":{"Ba/D1647tYjhr/6ZLb6XLvUe3o6ovO+hnxq3hJDcEVZs":{"chainKey":{"counter":16,"key":"0jZ0m6Eq8XhoqvASNdqPv+vJ6GFREHGVgxny3HoKPLc="},"chainType":1,"messageKeys":{}}},"pendingPreKey":{"signedKeyId":0,"baseKey":"BbqYeYWQOkx0ROWnGVdGufJP/5CmunZ4x1KLDu3MIggF","preKeyId":10890892}}},"version":"v1"}