{"_sessions":{"BQR3I//2jAtlEO5f+tnyMN/xnF4bGW8zGI36PL2r0Gx9":{"registrationId":206,"currentRatchet":{"ephemeralKeyPair":{"pubKey":"BU1dO5TedRtURz0m8WqY5pMaXfr3UMFzqL8KyyAJWbwb","privKey":"AK5lQbt/p9mTb7J1VkkWxyc/ab5ETR0Z5GEl5fEshU4="},"lastRemoteEphemeralKey":"BZmOTas1TjMpQTGm/4VCaRpSPY9HAAVxiDUCE+T07jUl","previousCounter":0,"rootKey":"CWnnnpjUKFlbBXO/Zey4Ajk6eLYkgye9SRS/pelJD7c="},"indexInfo":{"baseKey":"BQR3I//2jAtlEO5f+tnyMN/xnF4bGW8zGI36PL2r0Gx9","baseKeyType":1,"closed":-1,"used":1730472083965,"created":1730472083965,"remoteIdentityKey":"Bc1ApGk14KzWfjPVxMfA0IS0KVoyI9sLIy8tHDB7gEhQ"},"_chains":{"BU1dO5TedRtURz0m8WqY5pMaXfr3UMFzqL8KyyAJWbwb":{"chainKey":{"counter":16,"key":"g+KMm9uhHWUaDSGoXJtbMWX5nATbctE0Keygcm5/+JA="},"chainType":1,"messageKeys":{}}},"pendingPreKey":{"signedKeyId":1,"baseKey":"BQR3I//2jAtlEO5f+tnyMN/xnF4bGW8zGI36PL2r0Gx9"}}},"version":"v1"}