{"_sessions":{"BYmcgepihbcCvidqyvwlilYr9sXsyFug42HP1ePb6cYv":{"registrationId":1295371678,"currentRatchet":{"ephemeralKeyPair":{"pubKey":"BUD5eTAqflMxlpCir/TCdkZGm8XxjX3ptUY+2YQXefc1","privKey":"CH6/DhtqjEbKEU9Y8+ygQl3Cg/06SVcsKdsrDgq/oEI="},"lastRemoteEphemeralKey":"BctNgbpdQxtHVb2gdK/CCluBFz1b299KpbqJUCrzkOF4","previousCounter":0,"rootKey":"ddGW+n9pbWsOXAeBvH5e8HCmRrGPH+dYhg0CXkO8JLQ="},"indexInfo":{"baseKey":"BYmcgepihbcCvidqyvwlilYr9sXsyFug42HP1ePb6cYv","baseKeyType":1,"closed":-1,"used":1730471862625,"created":1730471862625,"remoteIdentityKey":"BfPl9j9jQs6cYYCj8IlgILljdJEFgibY6xPfp9eVn50m"},"_chains":{"BUD5eTAqflMxlpCir/TCdkZGm8XxjX3ptUY+2YQXefc1":{"chainKey":{"counter":0,"key":"Lt+WPCdHpNHLGhrHpeZANL1iUfyUAn5UjrfB0IeR4ME="},"chainType":1,"messageKeys":{}}},"pendingPreKey":{"signedKeyId":2,"baseKey":"BYmcgepihbcCvidqyvwlilYr9sXsyFug42HP1ePb6cYv"}}},"version":"v1"}