{"_sessions":{"BffGT+6lpMUDhQ7gLdRkVGutdvgCDCPTH/MLXP6BDYIe":{"registrationId":2141769380,"currentRatchet":{"ephemeralKeyPair":{"pubKey":"BVvRGZnckuprCkU3OR44NRdX0UlX4LiG3GOcHaSy1BRp","privKey":"OErXChMBfWIfKxIRZ1oulmNgS6IzgGn9A/e2TNVymFg="},"lastRemoteEphemeralKey":"BWiY+BCVIoocaEY4j3NJKjVjCfCwxXbI7kt7JZjb45tL","previousCounter":0,"rootKey":"gomAGQBjU77Yg82wq8KokqaWDfzGrYLPFcxhxw94E14="},"indexInfo":{"baseKey":"BffGT+6lpMUDhQ7gLdRkVGutdvgCDCPTH/MLXP6BDYIe","baseKeyType":1,"closed":-1,"used":1730472084893,"created":1730472084893,"remoteIdentityKey":"BSALXz5/PL3oZC6D9oVFtzInNxXijBTF6jq2HRRQiRhJ"},"_chains":{"BVvRGZnckuprCkU3OR44NRdX0UlX4LiG3GOcHaSy1BRp":{"chainKey":{"counter":16,"key":"+afpK6vf/BNZIjpZuWC5X44IvBuDEtOpz+PXqaDgq00="},"chainType":1,"messageKeys":{}}},"pendingPreKey":{"signedKeyId":1,"baseKey":"BffGT+6lpMUDhQ7gLdRkVGutdvgCDCPTH/MLXP6BDYIe","preKeyId":7336120}}},"version":"v1"}