{"_sessions":{"BT9rnDA92jZxfJl2sNigPImg7n+ryyPEoqFkHFB5vz9d":{"registrationId":221,"currentRatchet":{"ephemeralKeyPair":{"pubKey":"BehfyCKE8k90N/gbrb4ySG029Cd2rRzk9dTJ02tUOsYv","privKey":"0Aj3SC75ev6YG3SSoPlsdIAw50x46YW0YiylKTu2TGU="},"lastRemoteEphemeralKey":"BbtXmyJ86rSdzQ/4zToJazdAKCID4AfmCFXDsgBivJ5g","previousCounter":0,"rootKey":"EKuBbyHMFR/Uw6s2xobLyccIk/l7IQl6GhJ5RASxPIw="},"indexInfo":{"baseKey":"BT9rnDA92jZxfJl2sNigPImg7n+ryyPEoqFkHFB5vz9d","baseKeyType":1,"closed":-1,"used":1730472083957,"created":1730472083957,"remoteIdentityKey":"BWQFKs9BegjjaQb3Xa0I1ttEfMqhTpQEHjlkiILB8idf"},"_chains":{"BehfyCKE8k90N/gbrb4ySG029Cd2rRzk9dTJ02tUOsYv":{"chainKey":{"counter":16,"key":"qvm9Khp66EeltEuPSB1hS7dyTcdWJDJcTC+y+ZCQYso="},"chainType":1,"messageKeys":{}}},"pendingPreKey":{"signedKeyId":1,"baseKey":"BT9rnDA92jZxfJl2sNigPImg7n+ryyPEoqFkHFB5vz9d"}}},"version":"v1"}