{"_sessions":{"BdgJz1fDAwBzUl0R1U0K27IHis9h7SNblqyq9QLXRZAe":{"registrationId":855869693,"currentRatchet":{"ephemeralKeyPair":{"pubKey":"BfukbpeQgHm8EYmKTDglWip+dGuM7j4EWCS25a0r7Ts0","privKey":"IFu33Wos7lfLJ5/+N2hGA9qVd+V/tsIFe7JacYjNyno="},"lastRemoteEphemeralKey":"BV4fV44p5HqZOecESMIRGIkUDvA645m4kEdRUkMHR+c9","previousCounter":0,"rootKey":"Q/kn0WhKhR/k4pa4w7/G0Kcn3QTYDnYJ0l+8nZSRZzU="},"indexInfo":{"baseKey":"BdgJz1fDAwBzUl0R1U0K27IHis9h7SNblqyq9QLXRZAe","baseKeyType":1,"closed":-1,"used":1730472083999,"created":1730472083999,"remoteIdentityKey":"BUeKIoWn2kguH+gQ4+6812zff2PWyaaiZxvV/VHJ7bg7"},"_chains":{"BfukbpeQgHm8EYmKTDglWip+dGuM7j4EWCS25a0r7Ts0":{"chainKey":{"counter":16,"key":"i1cWgd7y5vR0Gv9tetb86k5LjYVExch4NiNn40PfzG0="},"chainType":1,"messageKeys":{}}},"pendingPreKey":{"signedKeyId":2,"baseKey":"BdgJz1fDAwBzUl0R1U0K27IHis9h7SNblqyq9QLXRZAe","preKeyId":14321631}}},"version":"v1"}