{"_sessions":{"BWIZxv3OMdTIryMfr651moVLNiMG2k7rT+mo6+8jyh83":{"registrationId":69172486,"currentRatchet":{"ephemeralKeyPair":{"pubKey":"BZMD7e/Bs2nL4+gRppQMt265sbmZilFrpY5AH/48iWE2","privKey":"QMLZnqPA0nBStT3C/vGsx//K9Khpve9TfKjveTdbeGo="},"lastRemoteEphemeralKey":"BVhxtUS8Zt2c7Vv5s7mLii7oRra9RIVkofJXTI64jjs4","previousCounter":0,"rootKey":"RUG4/jLMwMcAD4v0tJPmTjFI7s6iU3iMOMDoSj8gCyw="},"indexInfo":{"baseKey":"BWIZxv3OMdTIryMfr651moVLNiMG2k7rT+mo6+8jyh83","baseKeyType":1,"closed":-1,"used":1730471862590,"created":1730471862590,"remoteIdentityKey":"BQIxCAtlKBN3dCLKJYvNJcNcSa6xEXvDQ+IFgULzFe5c"},"_chains":{"BZMD7e/Bs2nL4+gRppQMt265sbmZilFrpY5AH/48iWE2":{"chainKey":{"counter":0,"key":"KWhaHxxv4w7T9pXEcTudvEH5dTkFuFTCjU2tGT2oqZ4="},"chainType":1,"messageKeys":{}}},"pendingPreKey":{"signedKeyId":3,"baseKey":"BWIZxv3OMdTIryMfr651moVLNiMG2k7rT+mo6+8jyh83","preKeyId":1089211}}},"version":"v1"}