{"_sessions":{"BU4iVqnzEOhk6rf+MBauGOupGxEOWYR2EbX7OoNUuc5m":{"registrationId":242118231,"currentRatchet":{"ephemeralKeyPair":{"pubKey":"BbJW3PYlbi09lRKQLvSQ8zVum/UT3vTv9k8ay2JE7VNw","privKey":"iAKZy3sY7t69dG3PfN18JqJ0WLQ8q3jMef/KkEJNWl0="},"lastRemoteEphemeralKey":"BUQa2vnPEcbapbx2f/x7hLquw1yL4iThN4+gpBCOxNhQ","previousCounter":0,"rootKey":"CBYUIFnu/yBIUoGTMu/mw3KsrbYK2n1c603WG+3XnLg="},"indexInfo":{"baseKey":"BU4iVqnzEOhk6rf+MBauGOupGxEOWYR2EbX7OoNUuc5m","baseKeyType":1,"closed":-1,"used":1730472084174,"created":1730472084174,"remoteIdentityKey":"BWPYcjxLxeL4TkzO1RxllrqcrjoMXZawABGDbljtOcVS"},"_chains":{"BbJW3PYlbi09lRKQLvSQ8zVum/UT3vTv9k8ay2JE7VNw":{"chainKey":{"counter":16,"key":"eAX9VOVTOlkZEIPL/s7JK8qaiOS4rel7apwqHOeZ7DM="},"chainType":1,"messageKeys":{}}},"pendingPreKey":{"signedKeyId":3,"baseKey":"BU4iVqnzEOhk6rf+MBauGOupGxEOWYR2EbX7OoNUuc5m","preKeyId":11610276}}},"version":"v1"}