{"_sessions":{"BbvIQgC+ZXf7ANSPfJ5QiSWWvKrnI0uckR2a8rVxzcRf":{"registrationId":1906600863,"currentRatchet":{"ephemeralKeyPair":{"pubKey":"BdKA99dHou+wwip0Ik/KKexWOFSUJBQjM/84hb6lR3FP","privKey":"gGYBO/OM8t9G23c6Ruq6drt60790OviX35q53o4rjV4="},"lastRemoteEphemeralKey":"BS9/UHLy6adVMaGoU/P1RoIYDLR4nK45Uvu0OWoy8qho","previousCounter":0,"rootKey":"hY3o0Thhd+6KY3bJ74uWb3dLUH3YciDzXPg19RD9xlk="},"indexInfo":{"baseKey":"BbvIQgC+ZXf7ANSPfJ5QiSWWvKrnI0uckR2a8rVxzcRf","baseKeyType":1,"closed":-1,"used":1730472084816,"created":1730472084816,"remoteIdentityKey":"BWt6ZiZZrRJO7cggP3nMSBXJ3eiM5SPCud6wSZIdC05S"},"_chains":{"BdKA99dHou+wwip0Ik/KKexWOFSUJBQjM/84hb6lR3FP":{"chainKey":{"counter":16,"key":"MB3Fylm3WMvz+IZYUBmDc7jrxelqdHTsF+zRf0y8Q/k="},"chainType":1,"messageKeys":{}}},"pendingPreKey":{"signedKeyId":3,"baseKey":"BbvIQgC+ZXf7ANSPfJ5QiSWWvKrnI0uckR2a8rVxzcRf","preKeyId":9814197}}},"version":"v1"}