{"_sessions":{"BYMHvG94l4mNjOIRlY0GtW50YXjS3Ftfrc/D5FuWdWdn":{"registrationId":240475373,"currentRatchet":{"ephemeralKeyPair":{"pubKey":"BRHxAt/aGoATwftU8VehPzEMfRt1lGiuMFa/agM57l0d","privKey":"sGCObQoGEHvv+4CXeCh7xLe501/5SAQ0FkWBdG2wm1I="},"lastRemoteEphemeralKey":"BUGhPmZI/muVR2qmG8vwakgeyb54dXeNmayQQLR6VaIY","previousCounter":0,"rootKey":"VmKqQp75FlmlvFIWwxFaYVLnZgnEzM4nTAx6AwHZsFI="},"indexInfo":{"baseKey":"BYMHvG94l4mNjOIRlY0GtW50YXjS3Ftfrc/D5FuWdWdn","baseKeyType":1,"closed":-1,"used":1730471862585,"created":1730471862585,"remoteIdentityKey":"BeGfSGsDd7oEjVFgHptjS1FXLAOcGU6zSXy8RWRdgHMY"},"_chains":{"BRHxAt/aGoATwftU8VehPzEMfRt1lGiuMFa/agM57l0d":{"chainKey":{"counter":0,"key":"IGp0eSxvQkvQK4yFtkyRHY5ETsnvGS+8BlMekZKE9i0="},"chainType":1,"messageKeys":{}}},"pendingPreKey":{"signedKeyId":3,"baseKey":"BYMHvG94l4mNjOIRlY0GtW50YXjS3Ftfrc/D5FuWdWdn","preKeyId":14191018}}},"version":"v1"}