{"_sessions":{"BTjbgkRVUFw1l8IKqpe+qObBR1ylZrtiuJlLmid3k1tw":{"registrationId":4426,"currentRatchet":{"ephemeralKeyPair":{"pubKey":"BUZX7Ilz46Pf/0cL+jN9HOZaO+7VWgtrPqIYzxn8tlhE","privKey":"8A4fcTcitTApP1VIOO72L5smxrStzwCVX1zdP6BJhnk="},"lastRemoteEphemeralKey":"BXgpJSWSvVLL21XQ4aVesTPcS0qX+ZE+ZAmsq3RTUsFa","previousCounter":0,"rootKey":"bYeZ0ycT86MzwcX3BNnuDGhKF4MC3IxDxF2xOYwAbJQ="},"indexInfo":{"baseKey":"BTjbgkRVUFw1l8IKqpe+qObBR1ylZrtiuJlLmid3k1tw","baseKeyType":1,"closed":-1,"used":1730472083851,"created":1730472083851,"remoteIdentityKey":"BYgtcvKsUXDU/1yQPsloQqI7krg41mNGwZPbO1SClHNH"},"_chains":{"BUZX7Ilz46Pf/0cL+jN9HOZaO+7VWgtrPqIYzxn8tlhE":{"chainKey":{"counter":16,"key":"g1rKPj00APPoUTWzBOHE6dRiSUiL+ANZVt5uQkf0Sz4="},"chainType":1,"messageKeys":{}}},"pendingPreKey":{"signedKeyId":1,"baseKey":"BTjbgkRVUFw1l8IKqpe+qObBR1ylZrtiuJlLmid3k1tw","preKeyId":99}}},"version":"v1"}