{"_sessions":{"BZG5vSI/fVfuF4Rczz0Y0XMqS1GhQ8PNOwt0Ioebj/Av":{"registrationId":177,"currentRatchet":{"ephemeralKeyPair":{"pubKey":"BcbbxKoU+aPDh2TigICD3pzB3XfKcTswyZGLI8b432IP","privKey":"sD6qVESoaB0gc9LDw/puq4U3wTcCi/4tAX6HbcLELEI="},"lastRemoteEphemeralKey":"BfALU383WmW5ug1tNywtSC1Tvr8k2Z9oYQ1HNaX0NUUg","previousCounter":0,"rootKey":"Rdms/BujwUaWTI+83joRIfBb/uBHD6G4l4vo/GYYlm4="},"indexInfo":{"baseKey":"BZG5vSI/fVfuF4Rczz0Y0XMqS1GhQ8PNOwt0Ioebj/Av","baseKeyType":1,"closed":-1,"used":1730472083891,"created":1730472083891,"remoteIdentityKey":"Bd7KEnfGBODHupi/n0w1ewgs0mHm07oPwXsry0fcaOp7"},"_chains":{"BcbbxKoU+aPDh2TigICD3pzB3XfKcTswyZGLI8b432IP":{"chainKey":{"counter":16,"key":"wgO1hF9OaFpETyd9j8jUFQZ6H+qyjDn1AoSLeyGVe6k="},"chainType":1,"messageKeys":{}}},"pendingPreKey":{"signedKeyId":1,"baseKey":"BZG5vSI/fVfuF4Rczz0Y0XMqS1GhQ8PNOwt0Ioebj/Av"}}},"version":"v1"}