{"_sessions":{"BS61EwNntbyoGJANmLzCx4+BiqnS6bVVcCXfdB9Jmw4S":{"registrationId":1436797530,"currentRatchet":{"ephemeralKeyPair":{"pubKey":"BQVztwwi77pE8Bv02GMlcYRujqSym4giPZ+ahnhDwUJ/","privKey":"YATyWyzybMHa4EzVzls/8FtgEysi51TanfU2sGNXhkQ="},"lastRemoteEphemeralKey":"Ba/DfrTFoeHbujM3dCNgh1xIyZXQ2V3nr+ThLoShRwpZ","previousCounter":0,"rootKey":"rTMZ8KIev9rka/2EgKPUYPUBoC2oJwBNGPLIlgDoSrg="},"indexInfo":{"baseKey":"BS61EwNntbyoGJANmLzCx4+BiqnS6bVVcCXfdB9Jmw4S","baseKeyType":1,"closed":-1,"used":1730472084200,"created":1730472084200,"remoteIdentityKey":"BSLji596TEp9rxfU3RZiBW2yeTT3HXTUAysqWaO+UPBx"},"_chains":{"BQVztwwi77pE8Bv02GMlcYRujqSym4giPZ+ahnhDwUJ/":{"chainKey":{"counter":16,"key":"eDAbH70cWdsWuRC+N/FfPkfc9ybjwIHC1AgPo77GVY4="},"chainType":1,"messageKeys":{}}},"pendingPreKey":{"signedKeyId":3,"baseKey":"BS61EwNntbyoGJANmLzCx4+BiqnS6bVVcCXfdB9Jmw4S"}}},"version":"v1"}