{"_sessions":{"BbQS8mp7i6M27otjKjOnuuFgsWQ7BvAJlGf/zw14azsk":{"registrationId":1250700128,"currentRatchet":{"ephemeralKeyPair":{"pubKey":"BSarYENjJ/4rAdTv+4zbsQsX6VZahDhXPETpCYn8WEgX","privKey":"WNRiuanGQANQ8jOQ0ZhzK5+i+gjsdAOAvj7aZ5wZP20="},"lastRemoteEphemeralKey":"BWNURNCFeP8FiI3kiplzNxn6J4BtFZ2Xn0jJAEqMDLUe","previousCounter":0,"rootKey":"ZeRW4bPegw9S8QBYplXvc5tYpgXGfZDubcnXbxwk2Fw="},"indexInfo":{"baseKey":"BbQS8mp7i6M27otjKjOnuuFgsWQ7BvAJlGf/zw14azsk","baseKeyType":1,"closed":-1,"used":1730476321089,"created":1730474058665,"remoteIdentityKey":"BeVmrV1JNlafwLki6qI+LXbjt8LdDUNtZb2r83DxVhV8"},"_chains":{"BWNURNCFeP8FiI3kiplzNxn6J4BtFZ2Xn0jJAEqMDLUe":{"chainKey":{"counter":1,"key":"mTWNoAmWpqqTxyiuhM7CH8vZ/hsDMXILHKrjrmTEFSI="},"chainType":2,"messageKeys":{}},"BSarYENjJ/4rAdTv+4zbsQsX6VZahDhXPETpCYn8WEgX":{"chainKey":{"counter":-1,"key":"QXsqdtfW+6IlDzFzXXV/5y8TUs2wwI3iOEUnTy6w9yU="},"chainType":1,"messageKeys":{}}}}},"version":"v1"}