{"_sessions":{"BSwYcWOfNNiKXQz/dG3hwBuOpqONl41fbf3axW+LA3hn":{"registrationId":193,"currentRatchet":{"ephemeralKeyPair":{"pubKey":"Ba4pLuHztp9Vjctf8p1ACSxrwAJXxdbmp3/kcyr9OLZO","privKey":"SNeclUBXopTqKboHPDpJ9Se+vz9PwwWqDqAcdLtjjWE="},"lastRemoteEphemeralKey":"BdNQNsKOpttxEmTnXeGTuYe8uMVYyS/DfZ7H5QFrRg98","previousCounter":0,"rootKey":"hg1venHnFfDr7ZWfccaHA7b09h+/1dqeJa/Fp03K4G8="},"indexInfo":{"baseKey":"BSwYcWOfNNiKXQz/dG3hwBuOpqONl41fbf3axW+LA3hn","baseKeyType":2,"closed":1730472081113,"used":1730472080511,"created":1730472080511,"remoteIdentityKey":"BTzG1Wfy4/osQWJ/7bnK9CvEaP/Y6dayhYCls/FHPb5R"},"_chains":{"BdNQNsKOpttxEmTnXeGTuYe8uMVYyS/DfZ7H5QFrRg98":{"chainKey":{"counter":0,"key":"2M9ge9zL8NJaNQ5FuFBllLuMQkBkp89HmVQeYl1mdK8="},"chainType":2,"messageKeys":{}},"Ba4pLuHztp9Vjctf8p1ACSxrwAJXxdbmp3/kcyr9OLZO":{"chainKey":{"counter":-1,"key":"mGIDyJQBTmStG9Og78r9oKdKzGIm6ji0AhZhTNhpVAA="},"chainType":1,"messageKeys":{}}}},"BfPHQW8hHRtCZiGpDq8bUjNTVa4dAgp/Po/iJYRHj3FG":{"registrationId":193,"currentRatchet":{"ephemeralKeyPair":{"pubKey":"BanESJzL/5vZOb4n/YYNiff8LAWSMQncLcjZ+WbepZpK","privKey":"cFdwiRHvzV3My0G6waGUsmqIS4B0hrZJy0whJztOfVs="},"lastRemoteEphemeralKey":"Bek0tijewRJpZcqjkrTAyfVTyDjEDTmggeUlti1489tw","previousCounter":0,"rootKey":"pg4xpJMg3oBd67pHUM4XWi1c8n41PoWmhiym1dLY22Q="},"indexInfo":{"baseKey":"BfPHQW8hHRtCZiGpDq8bUjNTVa4dAgp/Po/iJYRHj3FG","baseKeyType":2,"closed":1730472147828,"used":1730472081118,"created":1730472081118,"remoteIdentityKey":"BTzG1Wfy4/osQWJ/7bnK9CvEaP/Y6dayhYCls/FHPb5R"},"_chains":{"Bek0tijewRJpZcqjkrTAyfVTyDjEDTmggeUlti1489tw":{"chainKey":{"counter":0,"key":"ItD6a82mnUDVf7BMRdGvgkhjQO5zO8vICEFQUa9csoQ="},"chainType":2,"messageKeys":{}},"BanESJzL/5vZOb4n/YYNiff8LAWSMQncLcjZ+WbepZpK":{"chainKey":{"counter":0,"key":"6NI+cZo1oUU2Gkauc6daLhPYUebKdvY3xzPlhH6iD3g="},"chainType":1,"messageKeys":{}}}},"BT9tu2ustSXbf0nwJMvLoERHm+ZXhDQjuOoWa+lKn5UA":{"registrationId":193,"currentRatchet":{"ephemeralKeyPair":{"pubKey":"BQcSOxMaYKrOer34bk7B6c0q1B/2X1A2y7bzKG1QMGYE","privKey":"CLrj1RG05GGUd6RXibC/gRA8ZEQFWrx30gTUFdXL+m4="},"lastRemoteEphemeralKey":"BaxQzqlPqI46OyLwZSqpXjljNFJiZqnJb0HBTTZhLVov","previousCounter":0,"rootKey":"ToQm2aw+5Un/U8dpdIV5MplmrHs98D21JGBmGyl0yNw="},"indexInfo":{"baseKey":"BT9tu2ustSXbf0nwJMvLoERHm+ZXhDQjuOoWa+lKn5UA","baseKeyType":2,"closed":1730473928990,"used":1730473772987,"created":1730472147845,"remoteIdentityKey":"BTzG1Wfy4/osQWJ/7bnK9CvEaP/Y6dayhYCls/FHPb5R"},"_chains":{"BeXRQdfvqyQ0AxlWWyUS6XP+/hE9+/DV3wKLd2ZggL5N":{"chainKey":{"counter":0},"chainType":2,"messageKeys":{}},"BaxQzqlPqI46OyLwZSqpXjljNFJiZqnJb0HBTTZhLVov":{"chainKey":{"counter":9,"key":"aCLGw6rq+ZZfvaHAOcJXV2h5la66cpXYrEfZTeKh7XE="},"chainType":2,"messageKeys":{}},"BQcSOxMaYKrOer34bk7B6c0q1B/2X1A2y7bzKG1QMGYE":{"chainKey":{"counter":0,"key":"RTZyD1ekUE/rv94ARDXwoALgQNNc+RxKbHDx6uf1F54="},"chainType":1,"messageKeys":{}}}},"BSWMzGQXxwuzw7BKBjymnkjI5hraUjUd8fn7Tm/v155/":{"registrationId":193,"currentRatchet":{"ephemeralKeyPair":{"pubKey":"BcqS5J0Xx/9tky9wf8JA9T67GvYubLwBs9fynuvKaHh3","privKey":"6AeWPqVV2SVLV8px62sqkh3t0aDGMiWywP4px5U3Sno="},"lastRemoteEphemeralKey":"BdWXy/Ceg6FoOxJgy8Jo5qPxeeoW1ujO94MCAQ7yiVcJ","previousCounter":0,"rootKey":"eoLWp2N2cLl+1BQN2HvjLI1nMi/tHbJsHvF455KrrQs="},"indexInfo":{"baseKey":"BSWMzGQXxwuzw7BKBjymnkjI5hraUjUd8fn7Tm/v155/","baseKeyType":2,"closed":-1,"used":1730479002094,"created":1730473928997,"remoteIdentityKey":"BTzG1Wfy4/osQWJ/7bnK9CvEaP/Y6dayhYCls/FHPb5R"},"_chains":{"Ba0QjDaqeWLmbQQGtcdlAxsTVMqQa0DwT43PzVctkqBY":{"chainKey":{"counter":1},"chainType":2,"messageKeys":{"1":"GmkrbaJzLuQJ0XtBAVTuh7iX/TvVcYltiiD+Bf7jtO4="}},"BRfegcTbZn2x9RVAkuZXoV2FsJ4KW608uliu39JXji0E":{"chainKey":{"counter":0},"chainType":2,"messageKeys":{}},"BUDfZfj0oJ9Dtd+iDh1V7pVjN+qYP9ZDKqHSLvoHVBs7":{"chainKey":{"counter":1},"chainType":2,"messageKeys":{}},"BfugDApHkPkc44VyBaAVbcGGSh5Unj4U1BkAluR4+nU5":{"chainKey":{"counter":1},"chainType":2,"messageKeys":{}},"BexE7fXN0bnoi3s9VKghvaNw3f07mxue6F1trADCFflO":{"chainKey":{"counter":0},"chainType":2,"messageKeys":{}},"BXOZX58Ci5spBiKlAOFuVu/AoGyct+qUc0ngoc+yqYwK":{"chainKey":{"counter":1},"chainType":2,"messageKeys":{}},"BUTz/P5oB0j0Ow/8kdvN0e2fYs6oLtEvAtnCs80qOAle":{"chainKey":{"counter":0},"chainType":2,"messageKeys":{}},"BV8cElJ9Ajqyx+wNnpcSnOV8zWNtcs8AqQ1QcVf3j4xC":{"chainKey":{"counter":0},"chainType":2,"messageKeys":{}},"BaxNCsbn4Xu/yjzk9qzALnenlTP/RktSAoZmbw2i+XJJ":{"chainKey":{"counter":0},"chainType":2,"messageKeys":{}},"BdWXy/Ceg6FoOxJgy8Jo5qPxeeoW1ujO94MCAQ7yiVcJ":{"chainKey":{"counter":0,"key":"RL1F+JoOYL2yx0u0Ib8III3fW5mHld3+oVeissV75qY="},"chainType":2,"messageKeys":{}},"BcqS5J0Xx/9tky9wf8JA9T67GvYubLwBs9fynuvKaHh3":{"chainKey":{"counter":-1,"key":"K0jNMQKBTVrtrhByFMHkl68svJ2egkv8QKpCYSTdtjI="},"chainType":1,"messageKeys":{}}}}},"version":"v1"}