{"_sessions":{"BeeImCtzs/4sPg5P8pA0AqiWNV2EbvpJfzJNfHQ9FCgH":{"registrationId":194,"currentRatchet":{"ephemeralKeyPair":{"pubKey":"BVmuTMJjw0cmHXVs4MxfvljIYXu0rTORgbT1woRp9W0J","privKey":"IK3R9DGH6k1EudshCiYK6zqdKBh2V/y02M8WRtH0mUs="},"lastRemoteEphemeralKey":"BYfvebkb54ZIn1JkPE7awGN40TVt3YhtLuEAreA3at5j","previousCounter":1,"rootKey":"7GB2ToHlKxWpEDTlJRwub5sUmGp1K7wBPdON6i/Nawc="},"indexInfo":{"baseKey":"BeeImCtzs/4sPg5P8pA0AqiWNV2EbvpJfzJNfHQ9FCgH","baseKeyType":1,"closed":-1,"used":1730472906398,"created":1730472083941,"remoteIdentityKey":"BQzZo4l3SUeMfJgxsMXvqXJHwheEPxLZINgyDnzZeR4U"},"_chains":{"BYfvebkb54ZIn1JkPE7awGN40TVt3YhtLuEAreA3at5j":{"chainKey":{"counter":0,"key":"ACaJfRO17PoUj0SiuL5QTDQWMr+Z/3D08HoOCDrCw6g="},"chainType":2,"messageKeys":{}},"BVmuTMJjw0cmHXVs4MxfvljIYXu0rTORgbT1woRp9W0J":{"chainKey":{"counter":14,"key":"0lToJCKxQhBmXLMQO+abslz2QGwp2J7CvaerL5qd8AE="},"chainType":1,"messageKeys":{}}}}},"version":"v1"}