{"_sessions":{"Bcbpt5UNxoYIU/H9gss2oMLiywth9ZcmU/70isrIR2By":{"registrationId":729831928,"currentRatchet":{"ephemeralKeyPair":{"pubKey":"BYqL8PZ2OqXeaXjJS2TcqHiXxrwauh+mHOxrCszjxPci","privKey":"0JW0/qxIupCnOrRaJGleotuDApJ3/oQ6lOMXk3DtJWc="},"lastRemoteEphemeralKey":"BZTjm1SdHpZiyEbTPinJVgRCA9RiXvpvC1FZMnZEisIi","previousCounter":0,"rootKey":"+MOvtc/0bTEIU7HmK55B6HaFWYr4TFWezNOM1C3lkG4="},"indexInfo":{"baseKey":"Bcbpt5UNxoYIU/H9gss2oMLiywth9ZcmU/70isrIR2By","baseKeyType":1,"closed":-1,"used":1730472084160,"created":1730472084160,"remoteIdentityKey":"BXO6ComrLXatjnkZG3ekPawXA6ehDzjT/uJonOWBq2cx"},"_chains":{"BYqL8PZ2OqXeaXjJS2TcqHiXxrwauh+mHOxrCszjxPci":{"chainKey":{"counter":16,"key":"qIKu5yKaQiAAcjbAs6eSNQECjSuRV1zqEjH5Pj+1mjg="},"chainType":1,"messageKeys":{}}},"pendingPreKey":{"signedKeyId":4,"baseKey":"Bcbpt5UNxoYIU/H9gss2oMLiywth9ZcmU/70isrIR2By","preKeyId":9480030}}},"version":"v1"}