{"_sessions":{"BaS2YFEBS7VO8p4Ho7UlpdH34uusDhqAjyViDqmpyowu":{"registrationId":393674098,"currentRatchet":{"ephemeralKeyPair":{"pubKey":"BZeWpi3SqMUQ7TR4SrA4hkxCB1Ph4aomMPPjbD08lo0M","privKey":"wKFyXn/8PVSCUEP5XtoEC656iRywKUhYKTBbVW8AgU0="},"lastRemoteEphemeralKey":"BbpybeIksJrS37eQNjyioGdIYKoICYc1FtLwIvriRq9A","previousCounter":0,"rootKey":"4Z/IlANgd7tkJMzqCEbg9prexnoLh4Rcq6pBSx17aT0="},"indexInfo":{"baseKey":"BaS2YFEBS7VO8p4Ho7UlpdH34uusDhqAjyViDqmpyowu","baseKeyType":1,"closed":-1,"used":1730472084029,"created":1730472084029,"remoteIdentityKey":"BfHwmBeENAAhmpnXJCCbGheWM+DRHM8w8HzRHh2MHgUR"},"_chains":{"BZeWpi3SqMUQ7TR4SrA4hkxCB1Ph4aomMPPjbD08lo0M":{"chainKey":{"counter":16,"key":"RzwI7pL3sjWLhYwTWkXA6Hh33d5W/RBGmuFW4Q4qd+Y="},"chainType":1,"messageKeys":{}}},"pendingPreKey":{"signedKeyId":7,"baseKey":"BaS2YFEBS7VO8p4Ho7UlpdH34uusDhqAjyViDqmpyowu","preKeyId":12783062}}},"version":"v1"}