{"_sessions":{"BVM6+CzlT7YJk+Hp8lfo8ZMQjWpOvaPTo79KtvJQIVhY":{"registrationId":1751826782,"currentRatchet":{"ephemeralKeyPair":{"pubKey":"BZPO2W2lX69lj+F2eueg9a3/04Y8SzBO++Zr2p+tUH5g","privKey":"UPOf9uIXq7x4zPLzpwmJ1ndNbHghj1orxWrRbMfVO14="},"lastRemoteEphemeralKey":"BWyUFtg+bb79Q9s50HYyapkP6KAVz8rgIBFMoIoXFZAn","previousCounter":0,"rootKey":"FMp91qEKTPYB0Ld6k5LH1PdoVB5WFO+VGxC0Rqw5epY="},"indexInfo":{"baseKey":"BVM6+CzlT7YJk+Hp8lfo8ZMQjWpOvaPTo79KtvJQIVhY","baseKeyType":1,"closed":-1,"used":1730472084094,"created":1730472084094,"remoteIdentityKey":"Bd9FQvk7E9C5G0pir+O2EeEbdTizTBjiWPtpkCL/4bhV"},"_chains":{"BZPO2W2lX69lj+F2eueg9a3/04Y8SzBO++Zr2p+tUH5g":{"chainKey":{"counter":16,"key":"5xfzjYNkBCyU83AI7pw/anzVvtHyU0sbaYpLGzPcOe8="},"chainType":1,"messageKeys":{}}},"pendingPreKey":{"signedKeyId":2,"baseKey":"BVM6+CzlT7YJk+Hp8lfo8ZMQjWpOvaPTo79KtvJQIVhY","preKeyId":13030633}}},"version":"v1"}