{"_sessions":{"BQbaAZSBNoUgPTMcxtLSo5fXfluP8LaUTgU2okTi5kB1":{"registrationId":1790899082,"currentRatchet":{"ephemeralKeyPair":{"pubKey":"BaelmV3uDykqwN7TD6EiV+aZaR2WjGhjKMMRa05OuLJb","privKey":"sMdqlX35AmaOcZPB24H2YHc2ITv2bNsig9vUmmAns1g="},"lastRemoteEphemeralKey":"BSBs34UiO0rn7wLX3snFOBoPb+gs1p5pMOY7dTYTDBY2","previousCounter":0,"rootKey":"57sFI+AKy1K5bvpCghOUwumkCIGsTxL2MduRRk/ziN4="},"indexInfo":{"baseKey":"BQbaAZSBNoUgPTMcxtLSo5fXfluP8LaUTgU2okTi5kB1","baseKeyType":1,"closed":-1,"used":1730471862669,"created":1730471862669,"remoteIdentityKey":"BeXN/W4GVtfZiYSSDO2yTf4qwIa4uQR4H4mgbM+88P8Q"},"_chains":{"BaelmV3uDykqwN7TD6EiV+aZaR2WjGhjKMMRa05OuLJb":{"chainKey":{"counter":0,"key":"KLyn7i/C3uOcuPWZsSON3djd1VKmlSGJcjpzOuVBDlU="},"chainType":1,"messageKeys":{}}},"pendingPreKey":{"signedKeyId":3,"baseKey":"BQbaAZSBNoUgPTMcxtLSo5fXfluP8LaUTgU2okTi5kB1"}}},"version":"v1"}