{"_sessions":{"BUGsYzxJCC5SO8WD35xXd/chyKQ1x7+cs+/L8GL/CKwN":{"registrationId":925081547,"currentRatchet":{"ephemeralKeyPair":{"pubKey":"BQHazXWONdbHBac/mAKDPhMkW4U5nms4c4IXEo9bS8F5","privKey":"QMF7h93UrvfBFyjhbuSVEqiYpGCbQ2l3BNpLY9cpLm8="},"lastRemoteEphemeralKey":"BQJH54JirliRUQxZXzxrEcjvEi2EOH1SbdbufI/P8zpq","previousCounter":0,"rootKey":"C7umFfX6gqZ2FiDr9II3pdURrGKHJHl6hAkw5JAW8D0="},"indexInfo":{"baseKey":"BUGsYzxJCC5SO8WD35xXd/chyKQ1x7+cs+/L8GL/CKwN","baseKeyType":1,"closed":-1,"used":1730472084223,"created":1730472084223,"remoteIdentityKey":"BXMbIAt6hxzWYmujGHuShokQz0/Ofh0J+1L+94a/rCQQ"},"_chains":{"BQHazXWONdbHBac/mAKDPhMkW4U5nms4c4IXEo9bS8F5":{"chainKey":{"counter":16,"key":"aPLp/xgT2V3ABGgEl7h2r9wgZO/K0DIZEU1+BtbTrsM="},"chainType":1,"messageKeys":{}}},"pendingPreKey":{"signedKeyId":1,"baseKey":"BUGsYzxJCC5SO8WD35xXd/chyKQ1x7+cs+/L8GL/CKwN","preKeyId":1941544}}},"version":"v1"}