{"_sessions":{"BXB22YnPsfpNpt+pMBkiU5YMi6iced7u1xjpGWpjMug3":{"registrationId":1308556551,"currentRatchet":{"ephemeralKeyPair":{"pubKey":"BQiWGiZwB3SyCN3sCE34w+BjQ2VHtvXiErw0Yaaw00dJ","privKey":"KM2d3lUxqYBRjyFBG/k+o438inU3idHqM7XURcJDfG8="},"lastRemoteEphemeralKey":"BTMx5ljoKhjLFJyPH7KZTkiILLVMiTvGS9PSI3djHJ4/","previousCounter":0,"rootKey":"PooBV7cON/ds6SOPNCT6NvDSmpMTYLF9UFxmL10X05U="},"indexInfo":{"baseKey":"BXB22YnPsfpNpt+pMBkiU5YMi6iced7u1xjpGWpjMug3","baseKeyType":1,"closed":-1,"used":1730471862535,"created":1730471862535,"remoteIdentityKey":"BY6HjwI0+eyVUHu+fpkEnRu8e7dO119rWTeoUxT2yOsE"},"_chains":{"BQiWGiZwB3SyCN3sCE34w+BjQ2VHtvXiErw0Yaaw00dJ":{"chainKey":{"counter":0,"key":"lH3NwWbE8fegsrQLUL17tY7bw2EinSRZUIZl1QOcMi0="},"chainType":1,"messageKeys":{}}},"pendingPreKey":{"signedKeyId":1,"baseKey":"BXB22YnPsfpNpt+pMBkiU5YMi6iced7u1xjpGWpjMug3"}}},"version":"v1"}