{"_sessions":{"Bax5oEcaxKmoSO8u5i0uAHg2bW1tmehbM8yn445ugecG":{"registrationId":583739522,"currentRatchet":{"ephemeralKeyPair":{"pubKey":"BVAqMJSnWcKic4USBWzPedtYQ98eDUNVzyUPMZaX5ykh","privKey":"gBZjozt1sBqkIO8K7OpceMQuexuz7zVLNgdXNI2B02M="},"lastRemoteEphemeralKey":"BWvotdtvvRskz1iFgiYWfawT7sv6c6w2jtU1P9porm5I","previousCounter":1,"rootKey":"rICis+GiJavO64vNzgxM+Ug36YKs06s4Uz9MBYPNg6o="},"indexInfo":{"baseKey":"Bax5oEcaxKmoSO8u5i0uAHg2bW1tmehbM8yn445ugecG","baseKeyType":1,"closed":-1,"used":1730473066795,"created":1730472084023,"remoteIdentityKey":"BbdPzza1TSWgpZ9bklDJ8tB9ZrKyfPhAe7WzYDK/mY8R"},"_chains":{"BWvotdtvvRskz1iFgiYWfawT7sv6c6w2jtU1P9porm5I":{"chainKey":{"counter":0,"key":"aXWhlvJ8O7Fl8eLB50Ce5koxxVOmyDcaz57FCSdzdVg="},"chainType":2,"messageKeys":{}},"BVAqMJSnWcKic4USBWzPedtYQ98eDUNVzyUPMZaX5ykh":{"chainKey":{"counter":14,"key":"MXoow+YeADFTGLANx7cZwVpeKHvCKntpl5yyD0UfMuo="},"chainType":1,"messageKeys":{}}}}},"version":"v1"}