{"_sessions":{"BbT/JI0dFWNG8aaeCRhuF9RlzNHOxvAQAfh/Ho+Nv1Uz":{"registrationId":876075053,"currentRatchet":{"ephemeralKeyPair":{"pubKey":"BcZA2uZIASvJFLLmsZfBBA7BWUUYYlAuFDgipHE5g/NL","privKey":"uO+qi/W2ek00W6gsyRjSeDLsrmJEIquupD1MpFEPrk8="},"lastRemoteEphemeralKey":"BcytA6ZIpmtQmN3vLX6NJT3c2PHXIgrnZT5Edp5Z1OU4","previousCounter":0,"rootKey":"KCw1wdN1THnIPwLXiFdOe482agDKfLnOkCNo0oOFlWc="},"indexInfo":{"baseKey":"BbT/JI0dFWNG8aaeCRhuF9RlzNHOxvAQAfh/Ho+Nv1Uz","baseKeyType":1,"closed":-1,"used":1730472084803,"created":1730472084803,"remoteIdentityKey":"BaLeypfp0jMsIZqILjZxXssojNGaDMICajpKZjdBlbMx"},"_chains":{"BcZA2uZIASvJFLLmsZfBBA7BWUUYYlAuFDgipHE5g/NL":{"chainKey":{"counter":16,"key":"VlMi0bYQjDMiMtZnRQbviii8PSMhT/0BQCmrjuZaTAM="},"chainType":1,"messageKeys":{}}},"pendingPreKey":{"signedKeyId":2,"baseKey":"BbT/JI0dFWNG8aaeCRhuF9RlzNHOxvAQAfh/Ho+Nv1Uz","preKeyId":13471417}}},"version":"v1"}