{"_sessions":{"BXBpGa77Mq59qrytXTA0804Q7xUjX1RsWexC89fK5rEk":{"registrationId":716744485,"currentRatchet":{"ephemeralKeyPair":{"pubKey":"BcfZfHC6q+vcZAY5qLjH3IeoWhqTq/660KPO5hgeCa8B","privKey":"gKSs1GkZImjE4vMJdrei0cQ9AaUp6hg7OL/FbdZ0dHE="},"lastRemoteEphemeralKey":"BQyTtHXN5K5NArtPnEAqSkKBubv1jo22SSmGqn/vf1NX","previousCounter":4,"rootKey":"9Gk3VUpJggigMK/JksoTI3uNWaYNS1xQbRImv+56wBg="},"indexInfo":{"baseKey":"BXBpGa77Mq59qrytXTA0804Q7xUjX1RsWexC89fK5rEk","baseKeyType":2,"closed":-1,"used":1730478886609,"created":1730471753709,"remoteIdentityKey":"BVTtohm4Mybv+ThfL0S2L+HwpZTYniv3vM37RyFiGkF0"},"_chains":{"Bd9pr8AxmDGLbvcDyfoxyQFXrN4uTo0dMzPaj7eD111x":{"chainKey":{"counter":0},"chainType":2,"messageKeys":{}},"BX+AbgQuz3Wuuckw+8eZAYRpQVunffOJBCdxU2jbf+ks":{"chainKey":{"counter":0},"chainType":2,"messageKeys":{}},"BflhXK2HWyn1RKB/umWhY4MDbtf/ug7IWMhHWRcxAhsb":{"chainKey":{"counter":0},"chainType":2,"messageKeys":{}},"BXbR+ZKJEgjLEor7Ar4DDjf7ZjqIvB7urIgTPD0aKRMl":{"chainKey":{"counter":0},"chainType":2,"messageKeys":{}},"BR2LXRY5TVdHSIfk0RZ+sMsKF3zW9SCGeLYo6WeHntlI":{"chainKey":{"counter":2},"chainType":2,"messageKeys":{}},"BW3KMtfw5zR3kZnXggw20mOPWK2TZC2bJtQXBm+UnNw7":{"chainKey":{"counter":0},"chainType":2,"messageKeys":{}},"BUcHVOEONSmnOkeIzkQ2XkJovltBToWzUk1RG0tVUo1F":{"chainKey":{"counter":0},"chainType":2,"messageKeys":{}},"BaGZ4ETm7JtsVj7ptxq2xJ0OTWZ0UNtQxQcpMhsEAeZk":{"chainKey":{"counter":0},"chainType":2,"messageKeys":{}},"BQ3bOYK71JO77Wc1fTDxqyXEdlngpgqjjw53rhkwi10v":{"chainKey":{"counter":0},"chainType":2,"messageKeys":{}},"BcMtlmRw6J6hR8L7ib7treb5AII45EMTA+WDO8JF/S4n":{"chainKey":{"counter":0},"chainType":2,"messageKeys":{}},"BUvEJwm90DhpPtWmFMTC1og5nvTnwbgnSNXIDgQgJs8V":{"chainKey":{"counter":0},"chainType":2,"messageKeys":{}},"BUn+lKfc1dA26+lyZJwCKAjozAkN00RU2i/HQuWCCLMV":{"chainKey":{"counter":0},"chainType":2,"messageKeys":{}},"BZ9AnVn36JyG337e+nl2tCppFhHT2Q1zGSiMKdf7gy5f":{"chainKey":{"counter":0},"chainType":2,"messageKeys":{}},"BTjVskpGEqgG2yIrb9UWCj3iEaa42YIlXeWZeORtSGow":{"chainKey":{"counter":0},"chainType":2,"messageKeys":{}},"BReUQKoFaVC2W2jWkNk0aTl9r2UdbsQ+gj8PRSyVQVlc":{"chainKey":{"counter":0},"chainType":2,"messageKeys":{}},"Bdv9TPnafokcmhe5sG2lU/DIatSpuDnH4FM+TYFINT8e":{"chainKey":{"counter":0},"chainType":2,"messageKeys":{}},"BTXCkSt65duVS9tNu2OnjpIVR0kS/FIBQQycJFTX5ZQt":{"chainKey":{"counter":1},"chainType":2,"messageKeys":{}},"BUVgQHiteoMJQ3/h5PIQNZlGDVjkOajeoOmXZ1Ix4BRF":{"chainKey":{"counter":0},"chainType":2,"messageKeys":{}},"BanTI5EWSa6O+DWOrrMH2xdpUjzwwLbPZK220ZcGsLIk":{"chainKey":{"counter":1},"chainType":2,"messageKeys":{}},"BRuN6LzmuLv6kY7jQ0D6OshOB0B+NX8gra4ZlrvWI+9L":{"chainKey":{"counter":0},"chainType":2,"messageKeys":{}},"BeWJaBE2DeHG+fugA+PlGnEdoBfDD/TIV4McYVVmXWcH":{"chainKey":{"counter":0},"chainType":2,"messageKeys":{}},"BYgVESis7Kw0+Me2Sy6rF7oxqGsgux64ItdOlpS+6Y1t":{"chainKey":{"counter":0},"chainType":2,"messageKeys":{}},"BSfZlhXK9RCHvsuzKFbI0h7Dq7T12Db8c7bGphYZQtwR":{"chainKey":{"counter":0},"chainType":2,"messageKeys":{}},"BQyTtHXN5K5NArtPnEAqSkKBubv1jo22SSmGqn/vf1NX":{"chainKey":{"counter":0,"key":"QHcwqx58p5GrLTiG+aeufFghTkL+Juh6Y3dA5HXGHA0="},"chainType":2,"messageKeys":{}},"BcfZfHC6q+vcZAY5qLjH3IeoWhqTq/660KPO5hgeCa8B":{"chainKey":{"counter":4,"key":"RrMqiEfQLPZOVlDQUsq9bO/vRPhMSSVPMw0iri+lJ+U="},"chainType":1,"messageKeys":{}}}}},"version":"v1"}