{"_sessions":{"BWEFVYiEt2wsnyfch9HVa17+5HrQmqRNGEXNI354+oti":{"registrationId":1454711660,"currentRatchet":{"ephemeralKeyPair":{"pubKey":"BVQacTBSALVLXpECLOYTzCx9S6qqZ72vFCM7MFVOs9Ed","privKey":"kKymUUAXhi6UAwo06e2ykDSyPBqMfVnG+nJ8Z8eLAnA="},"lastRemoteEphemeralKey":"BS4+A+3lGa+OVA92UZmBTzKLgVu94u5qbEwYuJuHbS1R","previousCounter":0,"rootKey":"c6CivLsev7VBeQqsUJouxI3vjHQLC1YXMCCaMpF+8Hc="},"indexInfo":{"baseKey":"BWEFVYiEt2wsnyfch9HVa17+5HrQmqRNGEXNI354+oti","baseKeyType":1,"closed":-1,"used":1730471862788,"created":1730471862788,"remoteIdentityKey":"BUy2i9poNtr64Fvcxtwzz8pRrxzPt5T+w9cp66qvnggc"},"_chains":{"BVQacTBSALVLXpECLOYTzCx9S6qqZ72vFCM7MFVOs9Ed":{"chainKey":{"counter":0,"key":"MciG4+Rrijmszz7scyYHcYNG6X+210KsH12sESXtAzg="},"chainType":1,"messageKeys":{}}},"pendingPreKey":{"signedKeyId":0,"baseKey":"BWEFVYiEt2wsnyfch9HVa17+5HrQmqRNGEXNI354+oti","preKeyId":9173707}}},"version":"v1"}