{"_sessions":{"BU+KIMA9HUpuNiU4PEu2buh/HNUynbr1UpFSaykPqHBD":{"registrationId":72,"currentRatchet":{"ephemeralKeyPair":{"pubKey":"BXG52ak3yxbFOYQ3++RG8aGPGWfWA7P9uMBD3vxAtb0Z","privKey":"QCJDpArb+xzU6Opz8ym3ogVNnCwh4FYzUtvU77weYmE="},"lastRemoteEphemeralKey":"BWe6SiAYPJyhOd6chh0SF7b1Dd7dGzsaRV69jSdzqMxF","previousCounter":0,"rootKey":"uMoUyWSWXGueCYIiAIHeB+v6r0q76ChkNIzub7iEfj8="},"indexInfo":{"baseKey":"BU+KIMA9HUpuNiU4PEu2buh/HNUynbr1UpFSaykPqHBD","baseKeyType":1,"closed":-1,"used":1730472083834,"created":1730472083834,"remoteIdentityKey":"BeLkdUycbOGD1Jq/d0DPRlI+ql8xMJNv4J3TO1R0LAwZ"},"_chains":{"BXG52ak3yxbFOYQ3++RG8aGPGWfWA7P9uMBD3vxAtb0Z":{"chainKey":{"counter":16,"key":"1aaXQp2MevDAsBb9nZrog18c4XsOH1BzqbLPsJrzeeE="},"chainType":1,"messageKeys":{}}},"pendingPreKey":{"signedKeyId":1,"baseKey":"BU+KIMA9HUpuNiU4PEu2buh/HNUynbr1UpFSaykPqHBD"}}},"version":"v1"}