{"_sessions":{"BVQv5O9WHVigXBgvzDIzyiW2bdEZMnPczADjDfuAJc19":{"registrationId":663,"currentRatchet":{"ephemeralKeyPair":{"pubKey":"BTmCr4sjBLrQeypzfc7Z0oT0Gg7p1DgfMu3BYBLjMbBf","privKey":"uMVFWbO7Hx6fYl/vbN/pgCZFjjwm/JjzDFp8TivP0VY="},"lastRemoteEphemeralKey":"BQUIhLsv1aVfQR6tZQCfhDvZdSVbrOT+7s8C4UFGSLMd","previousCounter":0,"rootKey":"3GaHDthMtj1DpittZUTJ6CTsMBeVcGWbh9QONcdUVzk="},"indexInfo":{"baseKey":"BVQv5O9WHVigXBgvzDIzyiW2bdEZMnPczADjDfuAJc19","baseKeyType":1,"closed":-1,"used":1730471862498,"created":1730471862498,"remoteIdentityKey":"Bd4E+8Mh7J1pC9GJNNqDfwRZR7r2iR43LgAejGOC6AUf"},"_chains":{"BTmCr4sjBLrQeypzfc7Z0oT0Gg7p1DgfMu3BYBLjMbBf":{"chainKey":{"counter":0,"key":"Q/Qh6vNRVOOU1oT13cbCVOaK0u9+JzI630LELz34q6k="},"chainType":1,"messageKeys":{}}},"pendingPreKey":{"signedKeyId":1,"baseKey":"BVQv5O9WHVigXBgvzDIzyiW2bdEZMnPczADjDfuAJc19","preKeyId":2489}}},"version":"v1"}