{"_sessions":{"BX3YDejR+O2tXUjzSsIJhDmq83ITDJXI0Vvm6yhJfyMS":{"registrationId":12791,"currentRatchet":{"ephemeralKeyPair":{"pubKey":"BeC3KCESj9V20CAYVxKYaf2jexWiV50uTG5QuMRGPrFp","privKey":"8L3sBhb7aE6OmOYnodWf7yH1Ya3xYaTvWllMOWwF9HA="},"lastRemoteEphemeralKey":"BVcECR/IwA21GWT/K2+bSDnPx72bcqo4eBNLAosCPNIK","previousCounter":0,"rootKey":"gvvbWNqrtIe2RElkXX8wDIz4QFTbORM2sT5es0F9gLQ="},"indexInfo":{"baseKey":"BX3YDejR+O2tXUjzSsIJhDmq83ITDJXI0Vvm6yhJfyMS","baseKeyType":1,"closed":-1,"used":1730471895857,"created":1730471895857,"remoteIdentityKey":"BSoAKkaGwRAiZxUKiP7El8/Mld7p3+RztCrkMrjd9aZJ"},"_chains":{"BeC3KCESj9V20CAYVxKYaf2jexWiV50uTG5QuMRGPrFp":{"chainKey":{"counter":0,"key":"ThfpMku+BcLdazTXwr6nvzWoa1AOZER5UT7O6gEcaMs="},"chainType":1,"messageKeys":{}}},"pendingPreKey":{"signedKeyId":1,"baseKey":"BX3YDejR+O2tXUjzSsIJhDmq83ITDJXI0Vvm6yhJfyMS","preKeyId":332}}},"version":"v1"}