{"_sessions":{"BXxuvT1BLaBBGeeB6+GWtuWkn8NPexXtbLmBNgAsGnpf":{"registrationId":89093011,"currentRatchet":{"ephemeralKeyPair":{"pubKey":"Bc7mp9axnJONwJuSyfB1QhrdDF9h03bdKVD/PWNwcMI8","privKey":"cOlJFfqyfnSDlFY+QHY7yFDmCJBoSlYbfahl1OKplE8="},"lastRemoteEphemeralKey":"Bbhw7NllHPOTDDkZCwMWmcB3raFWyvybK1GPzUi9NO4W","previousCounter":0,"rootKey":"8TuhZ0TZuV6fX7Yst9XncP33tC+7z5xQcx7Wkra1Mio="},"indexInfo":{"baseKey":"BXxuvT1BLaBBGeeB6+GWtuWkn8NPexXtbLmBNgAsGnpf","baseKeyType":1,"closed":-1,"used":1730471986211,"created":1730471986211,"remoteIdentityKey":"BWDYCId3AMFfV3u4Z7nBLiXJU678Nna9VUShLBXy1cFm"},"_chains":{"Bc7mp9axnJONwJuSyfB1QhrdDF9h03bdKVD/PWNwcMI8":{"chainKey":{"counter":0,"key":"Ol8jjcrHlc/7H3gHpK4F9BbTJ3ZHpVjck4KmyRar3SE="},"chainType":1,"messageKeys":{}}},"pendingPreKey":{"signedKeyId":3,"baseKey":"BXxuvT1BLaBBGeeB6+GWtuWkn8NPexXtbLmBNgAsGnpf","preKeyId":9563284}}},"version":"v1"}