{"_sessions":{"BRkCfUCNwBXOSCeeLsatQxD8II/WU8booF9AanHbZ2xJ":{"registrationId":541872502,"currentRatchet":{"ephemeralKeyPair":{"pubKey":"BQrQPufOjekoLeCA+T2MiX+xT9DxAWxh28ZIp5gvNFoy","privKey":"+JYtYj3KMrqfIm2+AC+FDfIM6tirQceY8YQ5f/hgu00="},"lastRemoteEphemeralKey":"BRyL3bZEBsI13SjieDxDVlKnR+tQMAKsBs0ppGjhjoVt","previousCounter":0,"rootKey":"iMsJ4Zb0vpboSKOqvqNkpB3S1hc3P6Kqqjt0RoArDhQ="},"indexInfo":{"baseKey":"BRkCfUCNwBXOSCeeLsatQxD8II/WU8booF9AanHbZ2xJ","baseKeyType":1,"closed":-1,"used":1730472084860,"created":1730472084860,"remoteIdentityKey":"BYAmvmwHCe1YjBz11vvAkQgLihaKAhBJvjiBi4RtY2AM"},"_chains":{"BQrQPufOjekoLeCA+T2MiX+xT9DxAWxh28ZIp5gvNFoy":{"chainKey":{"counter":16,"key":"lp/ZG7HTXjLzxRB7NkuhbiO3F4EWlAeqKEylqvVR7jo="},"chainType":1,"messageKeys":{}}},"pendingPreKey":{"signedKeyId":2,"baseKey":"BRkCfUCNwBXOSCeeLsatQxD8II/WU8booF9AanHbZ2xJ","preKeyId":15317663}}},"version":"v1"}