{"_sessions":{"BWWi3qXp3OtA62QA98S9jZpOIz3rbdh3oM5gBzix4Z8L":{"registrationId":1159278534,"currentRatchet":{"ephemeralKeyPair":{"pubKey":"BVy6wBn40wcucESgAr5nvdRjQFgW6EhgdA/TzgLxmlV0","privKey":"oPBKpilT45HTgqV/Z0HjdmYHT5LR+NR8/2jCzfddUWg="},"lastRemoteEphemeralKey":"BUmir6ce6NQab9AovdOj0VhX8IAyMxYnm4hiiqQrYZl7","previousCounter":0,"rootKey":"p3YXkorv9mQbMzv9Miew9yxEhU4fAjdyDiFUHofLIwQ="},"indexInfo":{"baseKey":"BWWi3qXp3OtA62QA98S9jZpOIz3rbdh3oM5gBzix4Z8L","baseKeyType":2,"closed":-1,"used":1730471978036,"created":1730471978036,"remoteIdentityKey":"BfMIwF1OgL/zaSLgKg54LmNCAR7Ng5jGcwfJ2biZCK4V"},"_chains":{"BUmir6ce6NQab9AovdOj0VhX8IAyMxYnm4hiiqQrYZl7":{"chainKey":{"counter":0,"key":"ggD5GObUgKUNun61T0la5SYePV4jDaxjknGSKn/ctm0="},"chainType":2,"messageKeys":{}},"BVy6wBn40wcucESgAr5nvdRjQFgW6EhgdA/TzgLxmlV0":{"chainKey":{"counter":0,"key":"ZbSFy6qeH6/1L+xAPp57Z2QpAURAiAJGMFoj/9jkLTY="},"chainType":1,"messageKeys":{}}}}},"version":"v1"}