{"_sessions":{"BfFizfkVcq2eq28vo5JRhtKDMnH5H0/jPzkHAuD6Tzwk":{"registrationId":1168890631,"currentRatchet":{"ephemeralKeyPair":{"pubKey":"BfPIr+xkKDX6Pm+IJqE5B4E+PHIxDj+oQ0FoeynDKI5D","privKey":"+C8nB2DdHR21Uo23mSV7AAZNZjmGBE6/nz9Hu8osc1c="},"lastRemoteEphemeralKey":"Be9yds/yosuNta2YnOvKbdFWL2d4nkelJz0jTHe2lC4u","previousCounter":0,"rootKey":"GDiiCHSP3xCtkhPUxmazyCK4fs8a1k+W4HJHfJ8QNfw="},"indexInfo":{"baseKey":"BfFizfkVcq2eq28vo5JRhtKDMnH5H0/jPzkHAuD6Tzwk","baseKeyType":1,"closed":-1,"used":1730471986477,"created":1730471986477,"remoteIdentityKey":"BbuHhTQn6HnhTnL9FLl0cofPkDoPAkjndphzNma5nTJC"},"_chains":{"BfPIr+xkKDX6Pm+IJqE5B4E+PHIxDj+oQ0FoeynDKI5D":{"chainKey":{"counter":0,"key":"wrFZvJ8s/zG20aDqPpxx4Y6lofXRjF85qsYAg5yonkg="},"chainType":1,"messageKeys":{}}},"pendingPreKey":{"signedKeyId":7,"baseKey":"BfFizfkVcq2eq28vo5JRhtKDMnH5H0/jPzkHAuD6Tzwk","preKeyId":10926600}}},"version":"v1"}