{"_sessions":{"BbId+cR5dvyl3N+OtQDuknNwyNfF7YBPoEPeOtw8+s85":{"registrationId":244,"currentRatchet":{"ephemeralKeyPair":{"pubKey":"Beyfs/AKiETcGr2ldkiN0sU1wGh1IhKaxIMXr7WUIDwg","privKey":"CFclltA1dckn1a8h/hGIcZwAtU5L3N6xVuXvPQrTpmM="},"lastRemoteEphemeralKey":"BZ3qjRyrY+PMIj+/w8ORIO8rn3y63RNNG58h7ov+qSVo","previousCounter":0,"rootKey":"SS/DIJbg1UL9bmYT7XujMoeCzcSuFVE34r14E0PqGtg="},"indexInfo":{"baseKey":"BbId+cR5dvyl3N+OtQDuknNwyNfF7YBPoEPeOtw8+s85","baseKeyType":1,"closed":-1,"used":1730472083923,"created":1730472083923,"remoteIdentityKey":"BQD6zgJPk2ALmMmI9C9/NFxBtL1KBqTngfIfBs0BxwtY"},"_chains":{"Beyfs/AKiETcGr2ldkiN0sU1wGh1IhKaxIMXr7WUIDwg":{"chainKey":{"counter":16,"key":"VUjTNwql1+VzfiMyhrSILAD4kCEH0/w5DXX870UCv94="},"chainType":1,"messageKeys":{}}},"pendingPreKey":{"signedKeyId":1,"baseKey":"BbId+cR5dvyl3N+OtQDuknNwyNfF7YBPoEPeOtw8+s85"}}},"version":"v1"}