{"_sessions":{"BSNlccmxwC61gvMdFhPK6YTHm5DLH9nhNUTN44lvxJdA":{"registrationId":171511882,"currentRatchet":{"ephemeralKeyPair":{"pubKey":"Bft2iOPIWdusWq/qpNEdjaa9vdKSVZcLwcC+7AqMLLAb","privKey":"gDRx3yWNfVzbq25Sy4d+cdVsGuguDdt4h6PmrFBxiXM="},"lastRemoteEphemeralKey":"BTtWXHFwXtkbkfEOuOasIkaRbDNs8LwIIsCxElapr28B","previousCounter":0,"rootKey":"9yL6ipTEgiLKId3mXWLgo5rLKDEFQDARODAC3ziwBoQ="},"indexInfo":{"baseKey":"BSNlccmxwC61gvMdFhPK6YTHm5DLH9nhNUTN44lvxJdA","baseKeyType":1,"closed":-1,"used":1730472084219,"created":1730472084219,"remoteIdentityKey":"BXAP11CA2AwX5nL20eMHhDeaiT/3KXE9AJqMfIuA0EQm"},"_chains":{"Bft2iOPIWdusWq/qpNEdjaa9vdKSVZcLwcC+7AqMLLAb":{"chainKey":{"counter":16,"key":"ePhMvQRE8AOT0NWN0ubc6MCXr0K8ZKHk+2m42m5P71Q="},"chainType":1,"messageKeys":{}}},"pendingPreKey":{"signedKeyId":0,"baseKey":"BSNlccmxwC61gvMdFhPK6YTHm5DLH9nhNUTN44lvxJdA","preKeyId":6815198}}},"version":"v1"}