{"_sessions":{"BQ7W1KM7uA5NycuS/Rzg0cu4QidfaqhfJYRiISO32zAj":{"registrationId":1881711464,"currentRatchet":{"ephemeralKeyPair":{"pubKey":"BUyisshCRI+7T5bAyU5m/BP2/A3mv9mG2j1sjR10oFpm","privKey":"IJo/t8yf0+wnPTPQ7+ZX98gVGcnRvpXZBv9m6k99dGA="},"lastRemoteEphemeralKey":"BWMNe1NMkG5FbfLP8Axnihy+wFq17D8NRbRh5nuPfvhO","previousCounter":0,"rootKey":"w9aq2mMFDzO9w7PyGbekcwztDlZIVPvoOplld77jlME="},"indexInfo":{"baseKey":"BQ7W1KM7uA5NycuS/Rzg0cu4QidfaqhfJYRiISO32zAj","baseKeyType":1,"closed":-1,"used":1730472084763,"created":1730472084763,"remoteIdentityKey":"BfGJtYFxK/mamT+5whYXqkJ3VWHgsO9KzWfu+Zsjwu14"},"_chains":{"BUyisshCRI+7T5bAyU5m/BP2/A3mv9mG2j1sjR10oFpm":{"chainKey":{"counter":16,"key":"4EPKNUiMJMBFRtNet+TcbMAaZXD9k1Ht65NWIP92zcM="},"chainType":1,"messageKeys":{}}},"pendingPreKey":{"signedKeyId":0,"baseKey":"BQ7W1KM7uA5NycuS/Rzg0cu4QidfaqhfJYRiISO32zAj","preKeyId":15577091}}},"version":"v1"}