{"_sessions":{"BYNSrw8+bLU48xwJdVHT9Cj+mhL0cgWxt91ch09bkUx4":{"registrationId":1986833060,"currentRatchet":{"ephemeralKeyPair":{"pubKey":"BdqH0c0wcy5G1TIeZr3k2Yjp45120gsNnFmCCNu8/fk4","privKey":"iPy+DcpNrhVKdYozH0hiXXm4SZp9ndc/cNT9PKwJcWY="},"lastRemoteEphemeralKey":"BTin3jf0E1IqvH8VWCntCswkUjkYsqCqdvUHUGDXCh47","previousCounter":0,"rootKey":"YdMs2GUShY9dlo/9ytu3mqNEX44u9n75GHsfE1ScqJk="},"indexInfo":{"baseKey":"BYNSrw8+bLU48xwJdVHT9Cj+mhL0cgWxt91ch09bkUx4","baseKeyType":1,"closed":-1,"used":1730472084050,"created":1730472084050,"remoteIdentityKey":"BRb0qCfQD8QtwEX6c0jshElK4qoiC2D7zLD9WNnafuV0"},"_chains":{"BdqH0c0wcy5G1TIeZr3k2Yjp45120gsNnFmCCNu8/fk4":{"chainKey":{"counter":16,"key":"+GhC0v41CKiMCU9X2aW02y5YttVeCe3kcCuANG1pjEA="},"chainType":1,"messageKeys":{}}},"pendingPreKey":{"signedKeyId":0,"baseKey":"BYNSrw8+bLU48xwJdVHT9Cj+mhL0cgWxt91ch09bkUx4"}}},"version":"v1"}