{"_sessions":{"BXLp9T8bS4cDZrCNKlsOO2JZ6AeWNuRASh/uK8bKT+99":{"registrationId":166,"currentRatchet":{"ephemeralKeyPair":{"pubKey":"BT1Fhj0rbFHMusDQU9PL2j8QPrUwXIMHGc4H+fUxT5QX","privKey":"sPf9yKKOc9sSMgCEbsc2Nu+1CNPUCxZspNYGRUTEnkA="},"lastRemoteEphemeralKey":"BQCmB4PGrCI3Q1c/iiEht58pf526ElB+8vfxuVNum4lV","previousCounter":0,"rootKey":"vC/7qoimzYvKc0Eys9/+gbUnYdxFOfi/Av4cYupeVBQ="},"indexInfo":{"baseKey":"BXLp9T8bS4cDZrCNKlsOO2JZ6AeWNuRASh/uK8bKT+99","baseKeyType":1,"closed":-1,"used":1730472083933,"created":1730472083933,"remoteIdentityKey":"BVF1Av3nRZJ7rY70OD8DYOFrr1g4q4qz5jI58rw0ZjJP"},"_chains":{"BT1Fhj0rbFHMusDQU9PL2j8QPrUwXIMHGc4H+fUxT5QX":{"chainKey":{"counter":16,"key":"gnqg27UgVUusP84+RslZYaLiepFZJeG/mtF3PQaybrI="},"chainType":1,"messageKeys":{}}},"pendingPreKey":{"signedKeyId":1,"baseKey":"BXLp9T8bS4cDZrCNKlsOO2JZ6AeWNuRASh/uK8bKT+99"}}},"version":"v1"}