{"_sessions":{"BZ9Emul8ZS/D9tCUQe2m/EsbPn4tjNljJpNSH/nmI8Rm":{"registrationId":97697873,"currentRatchet":{"ephemeralKeyPair":{"pubKey":"BZ4J+hnVJhHY7N3IjyZ/mBuDfpy2YyfkuyIlqGxNMrxD","privKey":"8PxD2cQZYhQ+279gXoFAsIv4VX3evBf3E9E3ApwlrWs="},"lastRemoteEphemeralKey":"BU5aYlGYM3sGVqg1KKQ+ARqiAzSH2/bBLg/Wa6RB+RB4","previousCounter":0,"rootKey":"YHFUUSLKaYHhP3gftXa1SZ//GXqyQciJTJkMf6A8Itk="},"indexInfo":{"baseKey":"BZ9Emul8ZS/D9tCUQe2m/EsbPn4tjNljJpNSH/nmI8Rm","baseKeyType":1,"closed":-1,"used":1730472084043,"created":1730472084043,"remoteIdentityKey":"BQtdJnxzPK0FCcj/RfDmBVNFVeSSe8nTxIB1TVOwAUE4"},"_chains":{"BZ4J+hnVJhHY7N3IjyZ/mBuDfpy2YyfkuyIlqGxNMrxD":{"chainKey":{"counter":17,"key":"mqSZ37saH7KLckJV/JCIoCX3thNt5pp0Rua7J2ZI3Ck="},"chainType":1,"messageKeys":{}}},"pendingPreKey":{"signedKeyId":2,"baseKey":"BZ9Emul8ZS/D9tCUQe2m/EsbPn4tjNljJpNSH/nmI8Rm","preKeyId":11344946}}},"version":"v1"}