{"_sessions":{"BRVd1TSpkTTpj0wtzR2tOPVFLTtNxlNomh2ZXQ63dR8O":{"registrationId":1035348919,"currentRatchet":{"ephemeralKeyPair":{"pubKey":"Bb2GF0dAp1A5X0v4BuuUO0dYlRCKLVg6urDCBgz3ff0Z","privKey":"oCH8VDPX0KRdZiodwllfAN+6ThOdyjRWsUiKxRmnU1k="},"lastRemoteEphemeralKey":"BXbX3ITZYkKjRBm6QuOzjnfrk0crKHN1flZ8G1LaToYr","previousCounter":0,"rootKey":"lhNj3Km3Ew53NVnp/CFLul70fOnn7d6nKVnX9vpf0aE="},"indexInfo":{"baseKey":"BRVd1TSpkTTpj0wtzR2tOPVFLTtNxlNomh2ZXQ63dR8O","baseKeyType":1,"closed":-1,"used":1730472084055,"created":1730472084055,"remoteIdentityKey":"BTj9BAhRXD0X2fTFtThcQKo9dnc77r/wLLyo0m9dER0E"},"_chains":{"Bb2GF0dAp1A5X0v4BuuUO0dYlRCKLVg6urDCBgz3ff0Z":{"chainKey":{"counter":16,"key":"6eIMvlpeE77qcZYBgP6WQZhVG45OVuF6A9JHgbNroYs="},"chainType":1,"messageKeys":{}}},"pendingPreKey":{"signedKeyId":0,"baseKey":"BRVd1TSpkTTpj0wtzR2tOPVFLTtNxlNomh2ZXQ63dR8O","preKeyId":1572577}}},"version":"v1"}