{"_sessions":{"BcWU2zQZnB+I4oMGqhelsmXLGjCGJk1IMnRUiyfpmTJH":{"registrationId":1530985841,"currentRatchet":{"ephemeralKeyPair":{"pubKey":"Bah9VV0/cIX9sfiMVrfRhOM9bWJhGOIHemjQoWqOnxtA","privKey":"OMxi23DPdbd2xke1splHcwYbh3HofIAvWfsgSXzSRkc="},"lastRemoteEphemeralKey":"BYMeUUdYQt5BVHp70MO48QlaMC8VBHDgkNsDeExkUfAU","previousCounter":0,"rootKey":"ewye8ko1H9h0c3qS0nCjBfSX9WIrXf7iEkisiguq+/8="},"indexInfo":{"baseKey":"BcWU2zQZnB+I4oMGqhelsmXLGjCGJk1IMnRUiyfpmTJH","baseKeyType":1,"closed":-1,"used":1730472084018,"created":1730472084018,"remoteIdentityKey":"Bcwyf7ZfCvAMKza1gm1A/OZUDc7InfyfE2cgNYmLoxsR"},"_chains":{"Bah9VV0/cIX9sfiMVrfRhOM9bWJhGOIHemjQoWqOnxtA":{"chainKey":{"counter":16,"key":"u5O5Evt5wTXZZITpBmQXoT4mj1dIZjju3f7OLsNtQ7A="},"chainType":1,"messageKeys":{}}},"pendingPreKey":{"signedKeyId":0,"baseKey":"BcWU2zQZnB+I4oMGqhelsmXLGjCGJk1IMnRUiyfpmTJH","preKeyId":10254636}}},"version":"v1"}