{"_sessions":{"BZmBe5tWS2FBJ5//64bjYE0plIUqRB/NSbWt4Fl4DaB5":{"registrationId":996469002,"currentRatchet":{"ephemeralKeyPair":{"pubKey":"BQe7hMg/iSaLTVprMaZu8YudqxLUdza7mudwbwENqtFN","privKey":"qO8Mh9o16KQ7tdNd5lxgpEdph8jqsxSsdQ677pU6gkY="},"lastRemoteEphemeralKey":"BaW9isDv+TrhQZbjaCaevqsFFfFsE8EWNT1lrEVOFth/","previousCounter":0,"rootKey":"PjF/lazWyoEK3BOc4R7fZpnBDAI+lnKMSrzpTZti9Qc="},"indexInfo":{"baseKey":"BZmBe5tWS2FBJ5//64bjYE0plIUqRB/NSbWt4Fl4DaB5","baseKeyType":1,"closed":-1,"used":1730471862784,"created":1730471862784,"remoteIdentityKey":"BSqYUxbJ1nPXYLM0Ju3XMG6yrCR75S12Z56HZkHvrEpg"},"_chains":{"BQe7hMg/iSaLTVprMaZu8YudqxLUdza7mudwbwENqtFN":{"chainKey":{"counter":0,"key":"Y/h3vrysYXZ4SOi26XwdEVSHxRDdEym36D5y18Nk3ps="},"chainType":1,"messageKeys":{}}},"pendingPreKey":{"signedKeyId":3,"baseKey":"BZmBe5tWS2FBJ5//64bjYE0plIUqRB/NSbWt4Fl4DaB5","preKeyId":15748716}}},"version":"v1"}