{"_sessions":{"BXREphPTjUNzEs83zouqrC51qkswoY8Glrb6nsUS0Xkz":{"registrationId":1474486822,"currentRatchet":{"ephemeralKeyPair":{"pubKey":"BUVMuW4v99wUjawhlVSpvNMZ/h3Ty+fvk873aooiA+JL","privKey":"MEVgOCeEOogOUKh+93z9QDkrYgsB0KM8nLoW/hYYnUk="},"lastRemoteEphemeralKey":"Bcy85R2cXFTrX3Xeuy/ig9iAEyYUMY4whHPt2P6WuvYc","previousCounter":0,"rootKey":"k3CxRXuqHO8YQqdRKwm+mb503VpjlvLZzMdUWx2bAgI="},"indexInfo":{"baseKey":"BXREphPTjUNzEs83zouqrC51qkswoY8Glrb6nsUS0Xkz","baseKeyType":1,"closed":-1,"used":1730471862609,"created":1730471862609,"remoteIdentityKey":"BQTIbAt/ytRXybHc4PPUR10gCxRfHgx5hM9s2rFrUbt7"},"_chains":{"BUVMuW4v99wUjawhlVSpvNMZ/h3Ty+fvk873aooiA+JL":{"chainKey":{"counter":0,"key":"Y/6I9w3hLdgCZt9eUu7EVZ6FKE2R1xQ4xtnouWU3dSs="},"chainType":1,"messageKeys":{}}},"pendingPreKey":{"signedKeyId":6,"baseKey":"BXREphPTjUNzEs83zouqrC51qkswoY8Glrb6nsUS0Xkz","preKeyId":16486577}}},"version":"v1"}