{"_sessions":{"BQhWCQfNJpRdk9zMf5c6SXLmra0C8Ut/GOQ3eLH3Bs0d":{"registrationId":15,"currentRatchet":{"ephemeralKeyPair":{"pubKey":"BQHFNM/dmjNlA8ksaor4S71jibL1eJmNN0SnWILRM9gA","privKey":"iCjBnARxX+GUIVtwDWh0fKzJavvqXU8XsdUl15GnX0U="},"lastRemoteEphemeralKey":"BUwvlgBtjCPtCzoIk9O4ezpQr6RtEDS1B5uTk71Sw9U4","previousCounter":0,"rootKey":"NX4hrBEQmt+ZUeWBemOGDMHc7wgddxtRv6gW4G0DYw0="},"indexInfo":{"baseKey":"BQhWCQfNJpRdk9zMf5c6SXLmra0C8Ut/GOQ3eLH3Bs0d","baseKeyType":2,"closed":1730472154329,"used":1730471990684,"created":1730471990684,"remoteIdentityKey":"BavXy0zsLCCSgD0GvpsD7X+aBpvnrOkSdgHDSaip64A6"},"_chains":{"BUwvlgBtjCPtCzoIk9O4ezpQr6RtEDS1B5uTk71Sw9U4":{"chainKey":{"counter":2,"key":"fPxDGImTX5YTQZfcH4HYc32wAkT2ywNxuU5/6tyxK5k="},"chainType":2,"messageKeys":{}},"BQHFNM/dmjNlA8ksaor4S71jibL1eJmNN0SnWILRM9gA":{"chainKey":{"counter":0,"key":"8Wolg0FslBxsOEu3fwhkDqqSnDg2S5vywfpSGK8uHl8="},"chainType":1,"messageKeys":{}}}},"BW9GPwkB3TXlxt4xoshItax5N3ywCA/TsfVAkn1VkBgy":{"registrationId":15,"currentRatchet":{"ephemeralKeyPair":{"pubKey":"BVAIdNb95NyMb+TJICrNqA/Ja+vFKaj/O92dseiG4RkW","privKey":"oIMwMOnqCTVECW9mx2dfmrk2H0IL0msH8sdL7aaaAXg="},"lastRemoteEphemeralKey":"Bae6p0F0csvSZhnMJ6fPryrqKGdbIMlWaDVFBKk0/+Nx","previousCounter":0,"rootKey":"Gbc2j7XJGoEq2+UBZJx2ZZ/biMYLAybWS+8xkw1p7qw="},"indexInfo":{"baseKey":"BW9GPwkB3TXlxt4xoshItax5N3ywCA/TsfVAkn1VkBgy","baseKeyType":1,"closed":-1,"used":1730472154279,"created":1730472154279,"remoteIdentityKey":"BavXy0zsLCCSgD0GvpsD7X+aBpvnrOkSdgHDSaip64A6"},"_chains":{"BVAIdNb95NyMb+TJICrNqA/Ja+vFKaj/O92dseiG4RkW":{"chainKey":{"counter":16,"key":"VEOMz3QzzO1iOGz51xXsuiRHbk+f2/I7lVyAHEh3LUs="},"chainType":1,"messageKeys":{}}},"pendingPreKey":{"signedKeyId":1,"baseKey":"BW9GPwkB3TXlxt4xoshItax5N3ywCA/TsfVAkn1VkBgy","preKeyId":652}}},"version":"v1"}