{"_sessions":{"BVa53t4+mpBwThkmqu3gHopnL830kXNEpW2kPEI5msQB":{"registrationId":1557343322,"currentRatchet":{"ephemeralKeyPair":{"pubKey":"BXA1jG44mx7O+Wi7ka8v5UKldwgpx+Oi7hoxuEst3+8Q","privKey":"cGs6HoWdPgMR54zpC1p6A6kc3/UVcgrZiJmZ+Ek0u1w="},"lastRemoteEphemeralKey":"Bb6dcZ32FjCeO5U8E2EN1S7+Nsyt7v0WyVlrKJ1/T5o5","previousCounter":0,"rootKey":"ZUuDmQzkwhxrQjnkC6RGVu408+P3FxDIiqFIn+G8Fo4="},"indexInfo":{"baseKey":"BVa53t4+mpBwThkmqu3gHopnL830kXNEpW2kPEI5msQB","baseKeyType":1,"closed":-1,"used":1730472084073,"created":1730472084073,"remoteIdentityKey":"BVmqyS5P9POx1GQ2/qc+gxa1+be7Vx6lfZ4QR8IhiZpm"},"_chains":{"BXA1jG44mx7O+Wi7ka8v5UKldwgpx+Oi7hoxuEst3+8Q":{"chainKey":{"counter":16,"key":"oQHr4EYCJV6GKLWcRNjOH/vCX3etjaEosQupeh3KjNc="},"chainType":1,"messageKeys":{}}},"pendingPreKey":{"signedKeyId":6,"baseKey":"BVa53t4+mpBwThkmqu3gHopnL830kXNEpW2kPEI5msQB","preKeyId":14310018}}},"version":"v1"}