{"_sessions":{"BfCZ1dcSH5KcJt5ur2mBRc+lTXqsAWQlRjwYKUWUnlwu":{"registrationId":2101702077,"currentRatchet":{"ephemeralKeyPair":{"pubKey":"BaYLy7S9EBzZBiBsTnvyYsp13NDpDViPj44x5O/C6Whv","privKey":"MNktAIELWEfXV4vJtcBQHEhMZ0HdcAHjIYP0oCPsL0A="},"lastRemoteEphemeralKey":"BdX3hqgtNnSJ9/MzSdgqD/SZhm+TqaJP8rtpJQ/FGkEI","previousCounter":0,"rootKey":"9j0qo76lpfIQn/6Kzb2igVwyfnfzpyPLkzWJn5UlxBo="},"indexInfo":{"baseKey":"BfCZ1dcSH5KcJt5ur2mBRc+lTXqsAWQlRjwYKUWUnlwu","baseKeyType":1,"closed":-1,"used":1730471862633,"created":1730471862633,"remoteIdentityKey":"BZpQ4lpAT+YM2txsYUftIMMQf3HVI7VNGAqfQ/IyjQBN"},"_chains":{"BaYLy7S9EBzZBiBsTnvyYsp13NDpDViPj44x5O/C6Whv":{"chainKey":{"counter":0,"key":"d+UN0VmC04iSxSHbIs55Bv+KUSHd3icsKdB/XxOfSHk="},"chainType":1,"messageKeys":{}}},"pendingPreKey":{"signedKeyId":1,"baseKey":"BfCZ1dcSH5KcJt5ur2mBRc+lTXqsAWQlRjwYKUWUnlwu","preKeyId":222203}}},"version":"v1"}