{"_sessions":{"Be2ajVL5ipx/VQVzntwJr1ZC1EgXpxTO61zUdJRGqeBN":{"registrationId":1162638052,"currentRatchet":{"ephemeralKeyPair":{"pubKey":"BbGhrz4KYPiLUnAce3XyaYBpFL3QHjwHyZF/HjnB8UEf","privKey":"QMrgJrIdCUMmDABxr+PvRf5DUz6/Vcdlm1wfqGeudHA="},"lastRemoteEphemeralKey":"Bdx8LRCDjTOk3ASsm8Hc9ffW46DiqQZRoOcOfiBfILU4","previousCounter":0,"rootKey":"4zhg8feXBDmOl8GYH9ZlMx/bgL5yu97f07gnUuetKUI="},"indexInfo":{"baseKey":"Be2ajVL5ipx/VQVzntwJr1ZC1EgXpxTO61zUdJRGqeBN","baseKeyType":1,"closed":-1,"used":1730472084126,"created":1730472084126,"remoteIdentityKey":"BWSFtyyA2BYNakGDwjl/L1g5SV275ZGsNx5lyfkK46YU"},"_chains":{"BbGhrz4KYPiLUnAce3XyaYBpFL3QHjwHyZF/HjnB8UEf":{"chainKey":{"counter":16,"key":"Yrrrxih8zI1rIy9HfNYSe6kB961ZpTTqKEd7XtJtaRA="},"chainType":1,"messageKeys":{}}},"pendingPreKey":{"signedKeyId":0,"baseKey":"Be2ajVL5ipx/VQVzntwJr1ZC1EgXpxTO61zUdJRGqeBN","preKeyId":232430}}},"version":"v1"}