{"_sessions":{"BYGil8ztQD3elO3fLUKvN/Uw17sAyXitcjUSBXGDbG5I":{"registrationId":2038934636,"currentRatchet":{"ephemeralKeyPair":{"pubKey":"BYiwgMKiyIE+gek/lH7b0zZqdQng/6nnZYOsjyi/qa5Q","privKey":"AORTM7YtmYpcYCmej55O06feENyuHX5I1WZP23KFg04="},"lastRemoteEphemeralKey":"Bc8Q53z1EZEqvLHkF/KtCJKNGO7re0lwkuxz6TNp1Q54","previousCounter":1,"rootKey":"CvC3d1LBjAqdvIpHArvz8/iAREpvsa4c+D7IU4W80J0="},"indexInfo":{"baseKey":"BYGil8ztQD3elO3fLUKvN/Uw17sAyXitcjUSBXGDbG5I","baseKeyType":1,"closed":-1,"used":1730472897663,"created":1730472084008,"remoteIdentityKey":"BV9nOC8qqIegan32hLagG8rbPFLYLTsDPyLvUzpieCNe"},"_chains":{"Bc8Q53z1EZEqvLHkF/KtCJKNGO7re0lwkuxz6TNp1Q54":{"chainKey":{"counter":0,"key":"zFgClCizOMqhBPtRmrRHO8f0OfOo5KN3g4bFtJSKt+Q="},"chainType":2,"messageKeys":{}},"BYiwgMKiyIE+gek/lH7b0zZqdQng/6nnZYOsjyi/qa5Q":{"chainKey":{"counter":14,"key":"N6JH4c1b+XocY9jGRJAWpdm+XwKvVvjtIQjCF0p277A="},"chainType":1,"messageKeys":{}}}}},"version":"v1"}