{"_sessions":{"BbzmiPy0p36HsfYvRk9JA6e5LiKvyUm0bvcOiH0E0r0b":{"registrationId":1178780483,"currentRatchet":{"ephemeralKeyPair":{"pubKey":"BaQUtEVA1aBq3xWSyKv6cvsTktnoDb3FhDtckUdHRvUo","privKey":"eGwgqCdvaiMThdjtrlSZnnJXlAX+taStsTlruG9pums="},"lastRemoteEphemeralKey":"BWHWT9UGoiS9jIoEUvxjpLw3RBswlx2IaZ1ltBaJ5MZm","previousCounter":0,"rootKey":"T2wXUvX3gd00fCGMVzm1mz/TT00Ke43FTe8NjQlfpNM="},"indexInfo":{"baseKey":"BbzmiPy0p36HsfYvRk9JA6e5LiKvyUm0bvcOiH0E0r0b","baseKeyType":1,"closed":-1,"used":1730472083805,"created":1730472083805,"remoteIdentityKey":"BQ9lTBi4mbnCdlZZ/jOg0Bq7u5VQvLFR5Udk95gtJst2"},"_chains":{"BaQUtEVA1aBq3xWSyKv6cvsTktnoDb3FhDtckUdHRvUo":{"chainKey":{"counter":16,"key":"7mkJPpOilh/zoAjFr/LfPTKFegTyIeV6vHYcDo8yrrQ="},"chainType":1,"messageKeys":{}}},"pendingPreKey":{"signedKeyId":1,"baseKey":"BbzmiPy0p36HsfYvRk9JA6e5LiKvyUm0bvcOiH0E0r0b","preKeyId":12360994}}},"version":"v1"}