{"_sessions":{"BYzlcL9ovsyRaYZg1c9DWe18olIdfM3cAwdlfeH4Q9hY":{"registrationId":265540141,"currentRatchet":{"ephemeralKeyPair":{"pubKey":"Betnwj8VdaTxErqQ+jtsk5M0jQp0IxJ/OvgjK4g99g9L","privKey":"QE+XnddzAcSFf5pski/jmZhZ/Wz8FeL5POtUnnG4E28="},"lastRemoteEphemeralKey":"BfK+FUOc8MvU6yIYNzIHonFRTA6ilaOQyxnzUJ02by8q","previousCounter":0,"rootKey":"ohgquGoRQo9EFj42Kxe7Id4JDzVsY09Eeb7TpyBoMfA="},"indexInfo":{"baseKey":"BYzlcL9ovsyRaYZg1c9DWe18olIdfM3cAwdlfeH4Q9hY","baseKeyType":1,"closed":-1,"used":1730471862704,"created":1730471862704,"remoteIdentityKey":"BZAXa5R0hzJRlJ09LpLGJM6aJD1Holxs606l1pAyZjQt"},"_chains":{"Betnwj8VdaTxErqQ+jtsk5M0jQp0IxJ/OvgjK4g99g9L":{"chainKey":{"counter":0,"key":"nIk+3zlWSCeREdmt4WX61t9ubM3FfYmG+hLaNJBK9nQ="},"chainType":1,"messageKeys":{}}},"pendingPreKey":{"signedKeyId":2,"baseKey":"BYzlcL9ovsyRaYZg1c9DWe18olIdfM3cAwdlfeH4Q9hY"}}},"version":"v1"}