{"_sessions":{"BVPhv114sGPNzLyypCI+y5yBPEdGFnbz6JiWG5R1GCQr":{"registrationId":240,"currentRatchet":{"ephemeralKeyPair":{"pubKey":"BW5F8+HScKNTxDoQlKlWv78UJfqPHhGy58pzf9PlTGlx","privKey":"YI/2/KmSty/TVAMRxjEGxNOB3Itt+hBx8tnPQGeSFE8="},"lastRemoteEphemeralKey":"BY7MFHNTfKigbFYlYgqjkpULszp9+90dvW1FyzM6Xv9P","previousCounter":0,"rootKey":"74wsvZcA3qYJOYQqfIu3gBQw+2mHGCMB3QBlP5UM+Mw="},"indexInfo":{"baseKey":"BVPhv114sGPNzLyypCI+y5yBPEdGFnbz6JiWG5R1GCQr","baseKeyType":1,"closed":-1,"used":1730472083916,"created":1730472083916,"remoteIdentityKey":"BdmREzYVCIA+tvtHB6/yXiY/sjp+1jDFeTTqGcJ/pVFy"},"_chains":{"BW5F8+HScKNTxDoQlKlWv78UJfqPHhGy58pzf9PlTGlx":{"chainKey":{"counter":16,"key":"0huNEf0heFU47E8YM1dX6v2S4E/qGSm7hzehu+ieRQE="},"chainType":1,"messageKeys":{}}},"pendingPreKey":{"signedKeyId":1,"baseKey":"BVPhv114sGPNzLyypCI+y5yBPEdGFnbz6JiWG5R1GCQr"}}},"version":"v1"}