{"_sessions":{"BU8QvlZlCPQEYGzS3YWtXqceuwyYq65FU/0cWkGqm7ps":{"registrationId":115669672,"currentRatchet":{"ephemeralKeyPair":{"pubKey":"BbOIduFHRzsOWImY39d2iWDxf3zzp3Dw/5EBIqtoa48V","privKey":"ODeYYW261OJ6TzKrn9o0UvwwfK5Xu19J9pZifdS3y3s="},"lastRemoteEphemeralKey":"BcRZZ7HHmc4fO1tnNMBmKwz5x5ZjZNV65o+Vt99v8sJZ","previousCounter":0,"rootKey":"EZmfJsKIkNtxhOnX6YXwc2XpgYOe84tjiTKYgWx41iw="},"indexInfo":{"baseKey":"BU8QvlZlCPQEYGzS3YWtXqceuwyYq65FU/0cWkGqm7ps","baseKeyType":1,"closed":-1,"used":1730471862581,"created":1730471862581,"remoteIdentityKey":"BY1VihF4xItYZItOVWgLk2KmS1zNCbrzJSmwnEbegLUB"},"_chains":{"BbOIduFHRzsOWImY39d2iWDxf3zzp3Dw/5EBIqtoa48V":{"chainKey":{"counter":0,"key":"7SD5evxcaah5V8iDTOjYNUe6ogjkpTV0L0Iw4dQHoCg="},"chainType":1,"messageKeys":{}}},"pendingPreKey":{"signedKeyId":30,"baseKey":"BU8QvlZlCPQEYGzS3YWtXqceuwyYq65FU/0cWkGqm7ps","preKeyId":2171780}}},"version":"v1"}