{"_sessions":{"BTR7kA4aRJfp0JHxzThjXQQav9xBxCMAdKmj51COgm8+":{"registrationId":192,"currentRatchet":{"ephemeralKeyPair":{"pubKey":"BVSaC6bmPSfE5OrKa7riSBlpRKIRrBM3OFhkDtwcrGg6","privKey":"kPVlOB0Ll1VnQWF/wkBP+Kd8PnTHdL1iK/xN8pik+lM="},"lastRemoteEphemeralKey":"BZlP9xcFb3WnpKgmk1QftbF99+TzlJNqT9Y/12wCSZEz","previousCounter":0,"rootKey":"KPtsUj7SZR0YG85nz6LnPgg57oNMUM9ugp6EsOsfr7U="},"indexInfo":{"baseKey":"BTR7kA4aRJfp0JHxzThjXQQav9xBxCMAdKmj51COgm8+","baseKeyType":1,"closed":-1,"used":1730472083926,"created":1730472083926,"remoteIdentityKey":"BcbOz25xrzLS0pBMcDd7wyrTUFEyCO3pgdxQlwBeq7kx"},"_chains":{"BVSaC6bmPSfE5OrKa7riSBlpRKIRrBM3OFhkDtwcrGg6":{"chainKey":{"counter":16,"key":"Qkq7ptHfCEU6sWXAlyBXxb86FforhZsslq+/cKZgJm4="},"chainType":1,"messageKeys":{}}},"pendingPreKey":{"signedKeyId":1,"baseKey":"BTR7kA4aRJfp0JHxzThjXQQav9xBxCMAdKmj51COgm8+"}}},"version":"v1"}