{"_sessions":{"BbaMJVRxtkDGIUszu/PgpvrhfrA0pQHWf/pFjlb7An8f":{"registrationId":1711522312,"currentRatchet":{"ephemeralKeyPair":{"pubKey":"BefaMdrE+7flmcM2h2u0Ow+mFjgXK+vszJ3sUfjHf8RG","privKey":"2ABKljCtaRRqGF6FWXbw3cS+UlD5WKceFuZCNBkjzVQ="},"lastRemoteEphemeralKey":"BRhRe6DBF0HwCi7qkrOL7w03mUBBhKnSoPxgewdx07sS","previousCounter":0,"rootKey":"wZC/BmiKbDmcO4XXVE6Iha9UzAZZ6inooM/q6uTjpGM="},"indexInfo":{"baseKey":"BbaMJVRxtkDGIUszu/PgpvrhfrA0pQHWf/pFjlb7An8f","baseKeyType":1,"closed":-1,"used":1730471986400,"created":1730471986400,"remoteIdentityKey":"Bfzdv3R1kDwR9YZdKWjd+84WD926oK5kwJ1i2DAEdmIF"},"_chains":{"BefaMdrE+7flmcM2h2u0Ow+mFjgXK+vszJ3sUfjHf8RG":{"chainKey":{"counter":0,"key":"M4Pc2BrdICIOgcwvZNQv0gmZdrTN/3BPkaZR9QauRZ0="},"chainType":1,"messageKeys":{}}},"pendingPreKey":{"signedKeyId":4,"baseKey":"BbaMJVRxtkDGIUszu/PgpvrhfrA0pQHWf/pFjlb7An8f","preKeyId":10957566}}},"version":"v1"}