{"_sessions":{"BY8Pw2S3j24yrGW4UFIBlKUEmIS7xe1JUBMCrhuFLdJi":{"registrationId":441960950,"currentRatchet":{"ephemeralKeyPair":{"pubKey":"BQyKxztWUTMfOmwneuya/I8KbB63sBlQtc0VxxBNrdZJ","privKey":"ELSS+4CqtPS/yYeda1aHzMBxQzCwB5fTzmPhl8QZDlQ="},"lastRemoteEphemeralKey":"BZ9Sw2+ZhZ2mRSgFxtwBvVpXDkJPomhCr24DFMULKFMl","previousCounter":0,"rootKey":"jcR4riCHihXkAVleQ8fLRm31W68QSbmfnzdAl/gkOmU="},"indexInfo":{"baseKey":"BY8Pw2S3j24yrGW4UFIBlKUEmIS7xe1JUBMCrhuFLdJi","baseKeyType":1,"closed":-1,"used":1730471862649,"created":1730471862649,"remoteIdentityKey":"BSn0eUZFEsWLcQi+48eiCCdIBjwVV4/3bJep08p7nVhO"},"_chains":{"BQyKxztWUTMfOmwneuya/I8KbB63sBlQtc0VxxBNrdZJ":{"chainKey":{"counter":0,"key":"0SgqqFXbMmCzdVBMpjcbFeXyRCK2FluMSDa8Fkp4xYo="},"chainType":1,"messageKeys":{}}},"pendingPreKey":{"signedKeyId":3,"baseKey":"BY8Pw2S3j24yrGW4UFIBlKUEmIS7xe1JUBMCrhuFLdJi","preKeyId":902977}}},"version":"v1"}