{"_sessions":{"BQ6VT+RvIgQ5B/RhCPNaridZXV4QJldoSdLJVFOpVz5A":{"registrationId":1633709594,"currentRatchet":{"ephemeralKeyPair":{"pubKey":"BWh5YQwQjysFWh4CL41+wSKaI22BTckmuvzAdlDrvK4J","privKey":"oMa0MlCyIae87yW8cmZ9DiIX7qC91BjpENvvHPO9VVs="},"lastRemoteEphemeralKey":"Babt+/qDXxy/ClMZ+/I51f5nTcPexvAN/Za8b9Q93qNd","previousCounter":0,"rootKey":"dsoG7esYZxYVw2jyrssSKNnygvLbtRnY3ApE1+mMMBs="},"indexInfo":{"baseKey":"BQ6VT+RvIgQ5B/RhCPNaridZXV4QJldoSdLJVFOpVz5A","baseKeyType":1,"closed":-1,"used":1730471862543,"created":1730471862543,"remoteIdentityKey":"BbwA74aWNXmkdyzEPBB+XmHqaUBCwoEFhLY79aq2qko6"},"_chains":{"BWh5YQwQjysFWh4CL41+wSKaI22BTckmuvzAdlDrvK4J":{"chainKey":{"counter":0,"key":"BNKOVdtdDm2qfpRJMwrqqGvJTq32BtfwrXdgI9HR9jY="},"chainType":1,"messageKeys":{}}},"pendingPreKey":{"signedKeyId":4,"baseKey":"BQ6VT+RvIgQ5B/RhCPNaridZXV4QJldoSdLJVFOpVz5A","preKeyId":9465370}}},"version":"v1"}