{"_sessions":{"BXcuRJgzqfdlczQGGAEMSNebiaDDFy71hGc4lbISQGEW":{"registrationId":1372227782,"currentRatchet":{"ephemeralKeyPair":{"pubKey":"BWIti1fnTIsR5meNTrTvCvIDlnvCB8e8vogn5VLKPWoK","privKey":"WKs4L+FlgwpCXaaZFasBzqlf+UPkpr9JfuWI0p0TzEM="},"lastRemoteEphemeralKey":"BRqSzFc04yfAdCau8iTmwKUxjxSwgiWeVimuN43cUoZg","previousCounter":0,"rootKey":"B8/vnCcTdjD54K4CvJ6GyZPZ6Ou7J61iUQ+RDqE3pQo="},"indexInfo":{"baseKey":"BXcuRJgzqfdlczQGGAEMSNebiaDDFy71hGc4lbISQGEW","baseKeyType":1,"closed":-1,"used":1730471986259,"created":1730471986259,"remoteIdentityKey":"BVjhE3fVg3jj2qNj+yyyX3pl9p+1I/ur4+VbgW46wWwe"},"_chains":{"BWIti1fnTIsR5meNTrTvCvIDlnvCB8e8vogn5VLKPWoK":{"chainKey":{"counter":0,"key":"OsRv0MEzPvESNqwjV2uduXbLcdOHnMO7f2MlWwlCex4="},"chainType":1,"messageKeys":{}}},"pendingPreKey":{"signedKeyId":15,"baseKey":"BXcuRJgzqfdlczQGGAEMSNebiaDDFy71hGc4lbISQGEW","preKeyId":10572665}}},"version":"v1"}