{"_sessions":{"BVUG8lhYQXsNZCE8TmaFNZ+cN/N7GmMtT8jEA8v0WvR1":{"registrationId":1732690595,"currentRatchet":{"ephemeralKeyPair":{"pubKey":"Bd51r/9n0a1Ccd8a/gRQcq1eytLckcy/ZSEctz6loYgU","privKey":"+HS+KnoDx0DnjjK9EdB8pLY+pMyI6faaS5PJRfo/l0c="},"lastRemoteEphemeralKey":"BT9MhwwCWIEsjbiAbyh3nK4h0SGqPtFUTvGULbwVl0I0","previousCounter":0,"rootKey":"nzAbVEm20a1Ge4aJB9EKo9gkqiQ/b2CyEAFjUafpUYs="},"indexInfo":{"baseKey":"BVUG8lhYQXsNZCE8TmaFNZ+cN/N7GmMtT8jEA8v0WvR1","baseKeyType":1,"closed":-1,"used":1730472084786,"created":1730472084786,"remoteIdentityKey":"BYmHkwwcbDTIrByIVhxkWUy3s+uj+B/tjnYoRgdASUVZ"},"_chains":{"Bd51r/9n0a1Ccd8a/gRQcq1eytLckcy/ZSEctz6loYgU":{"chainKey":{"counter":16,"key":"WknLbfgRtPPI7Ip8Tt3S3sWVZeLxXSJWbTIfRjFUS/Q="},"chainType":1,"messageKeys":{}}},"pendingPreKey":{"signedKeyId":9,"baseKey":"BVUG8lhYQXsNZCE8TmaFNZ+cN/N7GmMtT8jEA8v0WvR1","preKeyId":6677020}}},"version":"v1"}