{"_sessions":{"Be149+tJjUUzDq6wdh6e3UwhkTdZtRqkZUnqacXD7qUe":{"registrationId":770440975,"currentRatchet":{"ephemeralKeyPair":{"pubKey":"BaYDNk6W4UmGPkCNP1byXXWle5npY9FItc4Y9k/v5I11","privKey":"EJE24gE9QoEf9aC+D4G8igqwh2BAr1tzLf15z4gphGM="},"lastRemoteEphemeralKey":"BROE7qe/TOmGu8enlqHX3WtD0ITSzjtXhzb+7eCXC4w7","previousCounter":0,"rootKey":"C+4tm0V9vx4udRHFUze85wEtR03lt7RDXOOmuVAUD7Q="},"indexInfo":{"baseKey":"Be149+tJjUUzDq6wdh6e3UwhkTdZtRqkZUnqacXD7qUe","baseKeyType":1,"closed":-1,"used":1730472084835,"created":1730472084835,"remoteIdentityKey":"Bf4fml3EBWzkCjFPNrqJ0TZWEhWxonr+lKfiNjzwNjIV"},"_chains":{"BaYDNk6W4UmGPkCNP1byXXWle5npY9FItc4Y9k/v5I11":{"chainKey":{"counter":16,"key":"rjtjyL5GsauuQCk1Fhk8b+WSjhQMXSa8LcuUK+Vvg4w="},"chainType":1,"messageKeys":{}}},"pendingPreKey":{"signedKeyId":1,"baseKey":"Be149+tJjUUzDq6wdh6e3UwhkTdZtRqkZUnqacXD7qUe","preKeyId":8604501}}},"version":"v1"}