{"_sessions":{"BSwq9eo8EBOEk3BlViAoDe3hteFUZtTk9ypKfi4Gn89t":{"registrationId":1640627161,"currentRatchet":{"ephemeralKeyPair":{"pubKey":"BdL49Vo+rha3h2EJtbkOdX79UXVBIYZVoinXwG715aUp","privKey":"gKG3gZkxaXBoamlQDHyYMjgka1VgbJeAb0kxH3BCHXo="},"lastRemoteEphemeralKey":"BQNT727LcUyr069yAIwBPetrExIwLGnCmqKQ0eKGSS9t","previousCounter":7,"rootKey":"95sC3zdNk7XkAzS1gEIuTjf4xK/xLk5P1ItyiS72ctE="},"indexInfo":{"baseKey":"BSwq9eo8EBOEk3BlViAoDe3hteFUZtTk9ypKfi4Gn89t","baseKeyType":1,"closed":-1,"used":1730474540334,"created":1730472084868,"remoteIdentityKey":"BXK4ig7NanP9YF9SOCy0zgOtTMPo2MhdcFBkpLM1b81T"},"_chains":{"BQNT727LcUyr069yAIwBPetrExIwLGnCmqKQ0eKGSS9t":{"chainKey":{"counter":0,"key":"4cMO11h90uTudETIGHg16agFRW26jpaXiHVOIsGM8E4="},"chainType":2,"messageKeys":{}},"BdL49Vo+rha3h2EJtbkOdX79UXVBIYZVoinXwG715aUp":{"chainKey":{"counter":8,"key":"wYwl+q66cRjcI0nQuVRVc6oUt97e5lAPqzMRC5wXeig="},"chainType":1,"messageKeys":{}}}}},"version":"v1"}