{"_sessions":{"BeAmm6Z3vnOx1rC9Ya/WPR6nyiEqysMCIsJl8CFcYRpo":{"registrationId":1100977999,"currentRatchet":{"ephemeralKeyPair":{"pubKey":"BT1WtiyV2zr2Ii/0fzXg2TFnJp/GhJw4GvfAaHU3S34s","privKey":"8Hx7waex2nSC6I35RrPfSN9wOa6JN50ip+z39JhmJk4="},"lastRemoteEphemeralKey":"BQJdeSNwoMMGNjJOTGTjbJbFXqvO0oA1UWHYaUwwRxh8","previousCounter":0,"rootKey":"Nvl7pOwmZFNNXXayTAuQPOGj52cecK4Z8EJ0y4XGoTg="},"indexInfo":{"baseKey":"BeAmm6Z3vnOx1rC9Ya/WPR6nyiEqysMCIsJl8CFcYRpo","baseKeyType":1,"closed":-1,"used":1730474625124,"created":1730474625124,"remoteIdentityKey":"BXcY+rLTiinX/EbRrOG4RxTGP+kGYLPMiFdT8QoBcg0A"},"_chains":{"BT1WtiyV2zr2Ii/0fzXg2TFnJp/GhJw4GvfAaHU3S34s":{"chainKey":{"counter":5,"key":"EZrqMkQ8y6voeZJvq8aeN3mAbHEIT8kgbQS+UELbj5A="},"chainType":1,"messageKeys":{}}},"pendingPreKey":{"signedKeyId":1,"baseKey":"BeAmm6Z3vnOx1rC9Ya/WPR6nyiEqysMCIsJl8CFcYRpo","preKeyId":118}}},"version":"v1"}