{"_sessions":{"BfRtM3FuPFY9mWkyusussWw5ZyS3K+wxMjYnK99siTh2":{"registrationId":1268850216,"currentRatchet":{"ephemeralKeyPair":{"pubKey":"BTIS58oZbxW7NHyjoYAb59JauSG8YGuNsl6qsD6puPhl","privKey":"GK0S/kUy1uduZxRLjOeneykI869vYvRqtsyQrsAjzEY="},"lastRemoteEphemeralKey":"BcE1um0dz/U6nX5BMOZg/V7gGKyKTA4C+D7TjJeKoRA0","previousCounter":0,"rootKey":"gGTpbwF22H581hkfxg1zCl/h2LUnCt7A29XSLa2s4zo="},"indexInfo":{"baseKey":"BfRtM3FuPFY9mWkyusussWw5ZyS3K+wxMjYnK99siTh2","baseKeyType":1,"closed":-1,"used":1730471986351,"created":1730471986351,"remoteIdentityKey":"Ba+/Yr923c3rXB31uSmEhIvJSYmpsUjciEw8KVhuTGgf"},"_chains":{"BTIS58oZbxW7NHyjoYAb59JauSG8YGuNsl6qsD6puPhl":{"chainKey":{"counter":0,"key":"YlhsE//bbk9dqtOrmZy0j9CdYt5udVMYVHRFKx1+K6U="},"chainType":1,"messageKeys":{}}},"pendingPreKey":{"signedKeyId":3,"baseKey":"BfRtM3FuPFY9mWkyusussWw5ZyS3K+wxMjYnK99siTh2","preKeyId":6597295}}},"version":"v1"}