{"_sessions":{"BTGZ5Zzm9scjrd6n2dwwsPkMBwnxYBOO+/V+/7Uvr70l":{"registrationId":1216580924,"currentRatchet":{"ephemeralKeyPair":{"pubKey":"BW1NXToYrLIeJeMo3Z9uuHvSHsxInuhWNvvbKj8RzgMy","privKey":"0CcyLYPDRtfHERpQSSi+JUonx3O+uwesvVBaM+3T3lY="},"lastRemoteEphemeralKey":"BbuAfMK/6rQqxJRIEe3Vp/bY1QGthFAXcaRO+TyYIolZ","previousCounter":0,"rootKey":"yDh46O9PX3XnXP1Ol1eIQcc5XjqtuqjquTjqgJ0VG7Y="},"indexInfo":{"baseKey":"BTGZ5Zzm9scjrd6n2dwwsPkMBwnxYBOO+/V+/7Uvr70l","baseKeyType":1,"closed":-1,"used":1730472084155,"created":1730472084155,"remoteIdentityKey":"BZItVUmFsXo5zuOd+GvIkg/0lI2qIRcCX2MaCfwnsdsA"},"_chains":{"BW1NXToYrLIeJeMo3Z9uuHvSHsxInuhWNvvbKj8RzgMy":{"chainKey":{"counter":16,"key":"+6nYy4qpPdFg1WuhN5pnDywzVvDFORmzHYfmEKtEVTg="},"chainType":1,"messageKeys":{}}},"pendingPreKey":{"signedKeyId":2,"baseKey":"BTGZ5Zzm9scjrd6n2dwwsPkMBwnxYBOO+/V+/7Uvr70l","preKeyId":8133853}}},"version":"v1"}