{"_sessions":{"BfGNcNfM84xv/zedZoElLqFRJ0/wGH/ifCvGYB2PVRtz":{"registrationId":16338,"currentRatchet":{"ephemeralKeyPair":{"pubKey":"BcQxhVZJPBJkpf52nnTwHIkyT25PYlz7EOADcx9WL3sR","privKey":"sK5WsE5+rSKeUfoX0iPpOiD5HKCQnTqsyX5dk6BhjHs="},"lastRemoteEphemeralKey":"BZbWsPDAWW14B92pbH39Rj+XWjMr+5TceEbBZhrXG90k","previousCounter":0,"rootKey":"VZBOLxii0IenT0GDwEGrG0KUu/8avzjmw/NSTPfVqK0="},"indexInfo":{"baseKey":"BfGNcNfM84xv/zedZoElLqFRJ0/wGH/ifCvGYB2PVRtz","baseKeyType":1,"closed":-1,"used":1730472083874,"created":1730472083874,"remoteIdentityKey":"BcKieglvtKlivyKyoYpt/lktXecjnngHZXzcj2EV02lw"},"_chains":{"BcQxhVZJPBJkpf52nnTwHIkyT25PYlz7EOADcx9WL3sR":{"chainKey":{"counter":16,"key":"+E4vezDy9OYjXu2qpzbrxAQa8KfFR5mr+jn6jQxgUBM="},"chainType":1,"messageKeys":{}}},"pendingPreKey":{"signedKeyId":5,"baseKey":"BfGNcNfM84xv/zedZoElLqFRJ0/wGH/ifCvGYB2PVRtz","preKeyId":3771}}},"version":"v1"}