{"_sessions":{"BdY3W9dqSpKnZQb5v/BdvUJKnFbRVqsFurNXbRCrQnUm":{"registrationId":151,"currentRatchet":{"ephemeralKeyPair":{"pubKey":"BUZYRxVcqiaJE1HmIZf3tEuPKMEjf+EFvEw3MCf2upER","privKey":"GB44uQvVVDRVjF0c1lLJoKF2fVtlsnZkaLstJeCa7WI="},"lastRemoteEphemeralKey":"BcvadZmRU6VIGgcNy8axAP4XZBfV6WMr9ILovMGX0OlQ","previousCounter":0,"rootKey":"q8gu6ygI+f8cImN5sZYPiKxxutsCGTp96plw2qtVMSo="},"indexInfo":{"baseKey":"BdY3W9dqSpKnZQb5v/BdvUJKnFbRVqsFurNXbRCrQnUm","baseKeyType":1,"closed":-1,"used":1730472083843,"created":1730472083843,"remoteIdentityKey":"BVhN3fle3jX6RMQugJ8J/r+ysS8oOlO72F/pvIUsKv91"},"_chains":{"BUZYRxVcqiaJE1HmIZf3tEuPKMEjf+EFvEw3MCf2upER":{"chainKey":{"counter":16,"key":"GN3pEhq8hWxlhdSchRRJsmBWLiW4IMFPVlb78QcmHDs="},"chainType":1,"messageKeys":{}}},"pendingPreKey":{"signedKeyId":1,"baseKey":"BdY3W9dqSpKnZQb5v/BdvUJKnFbRVqsFurNXbRCrQnUm"}}},"version":"v1"}