{"_sessions":{"BSCD/ZhEZmRYIGR5jFJvrK7pXQq+AGOkNQMydxj89Rc9":{"registrationId":2976,"currentRatchet":{"ephemeralKeyPair":{"pubKey":"BXy6jHWmvTKJfVOMZfAN2Ksp/fCruUtvU2YslPFxY/E7","privKey":"eAAg/UpRTe3CcMgna46iOPSn+q2+5aLpvPekHXECVk0="},"lastRemoteEphemeralKey":"BZNNjX5/u7Glu5sfwy4Jk4Ft+oEMyUsD7v3m6k+Ncq8L","previousCounter":0,"rootKey":"55iFoaxk9NqcpZX4pIssGhzbTpciqA55Dpu7dOEUigk="},"indexInfo":{"baseKey":"BSCD/ZhEZmRYIGR5jFJvrK7pXQq+AGOkNQMydxj89Rc9","baseKeyType":1,"closed":-1,"used":1730472368980,"created":1730472368980,"remoteIdentityKey":"BZLVbZPV5oxsexWjmOULZYCMPTLOSQgu7kHk72o4TG1t"},"_chains":{"BXy6jHWmvTKJfVOMZfAN2Ksp/fCruUtvU2YslPFxY/E7":{"chainKey":{"counter":0,"key":"C8sREnQxriycacau2T5t3/k87AcwKKbrfwyVLJTYhCs="},"chainType":1,"messageKeys":{}}},"pendingPreKey":{"signedKeyId":1,"baseKey":"BSCD/ZhEZmRYIGR5jFJvrK7pXQq+AGOkNQMydxj89Rc9"}}},"version":"v1"}