{"_sessions":{"BZ3FRA7SMZ40XQeVUu3UtsBcSIWIic/2R6wigQWvpeFk":{"registrationId":2654925144,"currentRatchet":{"ephemeralKeyPair":{"pubKey":"BSBtbIAyRTPpy3QzdroyBb5Dt2YsP1l9Va6gy0/7LMNT","privKey":"4BYNclfGQMDwN2p4ztEWfwR/xVwjPzweyPqlsUPROUc="},"lastRemoteEphemeralKey":"BYwB8+gWV3ZlBGtTMt8YYQrZ7RXk216if/SUflwIWD1Z","previousCounter":0,"rootKey":"blqtFXvBcm8yHuNPCeVOlQlY7ZcfCvkiiWTC4OitoRI="},"indexInfo":{"baseKey":"BZ3FRA7SMZ40XQeVUu3UtsBcSIWIic/2R6wigQWvpeFk","baseKeyType":1,"closed":-1,"used":1730471862519,"created":1730471862519,"remoteIdentityKey":"BZ+0/YcpwfLYSncm5zZGQMyYwhM0fboIZGxrkKizSQlr"},"_chains":{"BSBtbIAyRTPpy3QzdroyBb5Dt2YsP1l9Va6gy0/7LMNT":{"chainKey":{"counter":0,"key":"KIeU1REcg6ygvkIpSlYuC+iGOEStEgmASAgCjdy8eJ8="},"chainType":1,"messageKeys":{}}},"pendingPreKey":{"signedKeyId":1,"baseKey":"BZ3FRA7SMZ40XQeVUu3UtsBcSIWIic/2R6wigQWvpeFk"}}},"version":"v1"}