{"_sessions":{"BRS9nWlF1Mprxi6yMgwRJvlWpA0MVKPAL56eVSOjYVNV":{"registrationId":106,"currentRatchet":{"ephemeralKeyPair":{"pubKey":"BQLWbLkIhxQR4vkNMtk/Om1xCtFh2Fv/uVqdqTHCC8tS","privKey":"CFGgdLH7m1vCTN27PYptifde/puPxD5w/hbV3KRItEk="},"lastRemoteEphemeralKey":"BalmmXnLjXBhj0QJSmIqabtkqU/hfWgLadyVPObljl10","previousCounter":0,"rootKey":"kXNchjvixBHmI7bfqBFbHyghep2u49sCVvXfFlpFMRc="},"indexInfo":{"baseKey":"BRS9nWlF1Mprxi6yMgwRJvlWpA0MVKPAL56eVSOjYVNV","baseKeyType":1,"closed":-1,"used":1730472083812,"created":1730472083812,"remoteIdentityKey":"BdQw/sT1UyVZR3NbQu/NKpIeCY0v+LgKDmFiRAHa4Ucg"},"_chains":{"BQLWbLkIhxQR4vkNMtk/Om1xCtFh2Fv/uVqdqTHCC8tS":{"chainKey":{"counter":16,"key":"/LEP1PaGCFtFwp9wlj4gLV24ktor+RMOgu0zW8AZOgo="},"chainType":1,"messageKeys":{}}},"pendingPreKey":{"signedKeyId":1,"baseKey":"BRS9nWlF1Mprxi6yMgwRJvlWpA0MVKPAL56eVSOjYVNV"}}},"version":"v1"}