{"_sessions":{"BcUYYresfW6o5wfwZsIUevHISCWqZQK/z05i82rgzMEk":{"registrationId":1452695983,"currentRatchet":{"ephemeralKeyPair":{"pubKey":"BUaolZaynuZk7qQNLWgFn5Ex8DlRndsq+UXSMylphB9d","privKey":"CAEdIfo3NknAsor3n5E6JcswjUFiwyQoup6b5oL7CFs="},"lastRemoteEphemeralKey":"BdEiw1l3qA6BBue9weOu4WkDuliLsUVFugilYOmI4GQP","previousCounter":0,"rootKey":"y7gwCxszGN3WZFO5Mu90CdE26MPbAS/4XFpn3PB6SlE="},"indexInfo":{"baseKey":"BcUYYresfW6o5wfwZsIUevHISCWqZQK/z05i82rgzMEk","baseKeyType":1,"closed":-1,"used":1730478747060,"created":1730478747060,"remoteIdentityKey":"BdKUlSDU6Lz+FCiaG22dzy100FPhvc60TUwA2IKvz2gL"},"_chains":{"BUaolZaynuZk7qQNLWgFn5Ex8DlRndsq+UXSMylphB9d":{"chainKey":{"counter":0,"key":"aGbFCSgo+N6NIX9vZuBM3EW/C+Y9piI3NZF4n4L+4Tk="},"chainType":1,"messageKeys":{}}},"pendingPreKey":{"signedKeyId":34,"baseKey":"BcUYYresfW6o5wfwZsIUevHISCWqZQK/z05i82rgzMEk","preKeyId":12155108}}},"version":"v1"}