{"_sessions":{"BbsltRf6l0GP5AbDFDi1BwqZziT1QWVHmZbQyNcSC+sp":{"registrationId":399270339,"currentRatchet":{"ephemeralKeyPair":{"pubKey":"BcGba4PE7GF7hpMysWwsC9NGwTuDIBp+0tssXLrPmdhv","privKey":"oLV89+c3xQMj3CGqjJq++Xf5mBPUEutEJj2g5MQed2I="},"lastRemoteEphemeralKey":"BSqryy/nibsxAlyTjBXntCUi6hwWbOMOOGV/WGNhw3J3","previousCounter":0,"rootKey":"ETnyYN2JiDOX/bSQNXcW5awpJ+ap1PydZOf4RXfNhN4="},"indexInfo":{"baseKey":"BbsltRf6l0GP5AbDFDi1BwqZziT1QWVHmZbQyNcSC+sp","baseKeyType":1,"closed":-1,"used":1730471862629,"created":1730471862629,"remoteIdentityKey":"BbSG5JLrCYhfcbuf/7RNaQZtu6XmKskd6sDK1Q3bX3g7"},"_chains":{"BcGba4PE7GF7hpMysWwsC9NGwTuDIBp+0tssXLrPmdhv":{"chainKey":{"counter":0,"key":"+aPX5asIXIBij9o+Js6d4J/9opD+TJ+BSE4dQCM5mnw="},"chainType":1,"messageKeys":{}}},"pendingPreKey":{"signedKeyId":38,"baseKey":"BbsltRf6l0GP5AbDFDi1BwqZziT1QWVHmZbQyNcSC+sp","preKeyId":5432654}}},"version":"v1"}