{"_sessions":{"Bdzs/HxKmLKQqJ8fk6/No4VI5gStONy83wLjE6Sa3zs4":{"registrationId":271350646,"currentRatchet":{"ephemeralKeyPair":{"pubKey":"BR3zlH7NrUEgEM32Kse6D/EwJ92I2WQrid6uL1YCFCQr","privKey":"0G9mHl9UITvZ42tGc8VIEX1a7N60vBme1d+KPdpeH30="},"lastRemoteEphemeralKey":"Bduir9Y+SznVnra9gqlC/oUQYM72oo1pjsSMLq/QL9RC","previousCounter":0,"rootKey":"b6QMVnw60MvsNGfw6m7donW6wRWcyknjWFZb7QFHqdg="},"indexInfo":{"baseKey":"Bdzs/HxKmLKQqJ8fk6/No4VI5gStONy83wLjE6Sa3zs4","baseKeyType":1,"closed":-1,"used":1730471862746,"created":1730471862746,"remoteIdentityKey":"Be9MIawNc7+sLHGQ1MufZzw/Sl26oQ8GN2eKPXUsG7gk"},"_chains":{"BR3zlH7NrUEgEM32Kse6D/EwJ92I2WQrid6uL1YCFCQr":{"chainKey":{"counter":0,"key":"D2AmkwO+fosXIo3RehT4cRIIMv8hbXmpn/e2ZaTmuqc="},"chainType":1,"messageKeys":{}}},"pendingPreKey":{"signedKeyId":0,"baseKey":"Bdzs/HxKmLKQqJ8fk6/No4VI5gStONy83wLjE6Sa3zs4"}}},"version":"v1"}