{"_sessions":{"BUjQSiujBGCaiMZdqcp/+c+spTUDybNn3x8UQdCs+Ztt":{"registrationId":1672199718,"currentRatchet":{"ephemeralKeyPair":{"pubKey":"BZnvrJRIMEht+lIX/25fLyVWjZvu4WcN4QUsD4ROwiIz","privKey":"AKI1UIqOAb6I/RYo3Kv7vt4LW0hm3mye881sGq99FGM="},"lastRemoteEphemeralKey":"BfKrswPuKiITIHKqXYIslRpVb+TrFyywsbzByQGkkFdb","previousCounter":11,"rootKey":"50tWveLfcEUvpE27ZFzscd4FAW6WEb/EKTI/cNER36I="},"indexInfo":{"baseKey":"BUjQSiujBGCaiMZdqcp/+c+spTUDybNn3x8UQdCs+Ztt","baseKeyType":2,"closed":-1,"used":1730478780367,"created":1730472077813,"remoteIdentityKey":"BR0Kf+Tu83vplvb54ENC998idvmUnMCEe5T+v37lgsJm"},"_chains":{"BcYwgRRKUd4NwFQUNZEq8EplKUa/g4He5Xq53N6fltIm":{"chainKey":{"counter":0},"chainType":2,"messageKeys":{}},"BddrrDIhqRoymDvUFWRJP9GBKLdNqFo+f74SYCss/ZFl":{"chainKey":{"counter":0},"chainType":2,"messageKeys":{}},"BfKrswPuKiITIHKqXYIslRpVb+TrFyywsbzByQGkkFdb":{"chainKey":{"counter":1,"key":"wThdQhzQ77rdoEq9qBAQ9iFzsZ7rKLmgs14/M7LSKGw="},"chainType":2,"messageKeys":{"0":"AEz2KDRD0FAq2VBIjz2ZDZio9KFucyXDjtrsBapxGSo="}},"BZnvrJRIMEht+lIX/25fLyVWjZvu4WcN4QUsD4ROwiIz":{"chainKey":{"counter":1,"key":"W45pqNI3vRvdTuAcTBMqdyDG0nMfu5QDSMboO+LFgyw="},"chainType":1,"messageKeys":{}}}}},"version":"v1"}