{"_sessions":{"BagJsN5lPd4HfEUhVRpMEwDBDqte8HDSH3BqLz4qfwh6":{"registrationId":909727536,"currentRatchet":{"ephemeralKeyPair":{"pubKey":"BZ1ZzpXYIAxo5tHjN9+8tUwNiPg/byMRNnSzrDcLPvty","privKey":"gL2NTxJo7gye8N8YmaX2OV4/ZVWoPguuLzPwUszPbFA="},"lastRemoteEphemeralKey":"BVGtB09YZzRKkzU16i2txtQFRcxCgCjbhK4HDwtcCCFW","previousCounter":0,"rootKey":"A2O8eHu+6oQucg9rnCejzEBDX6ShTkS49SgJtcaBsJ4="},"indexInfo":{"baseKey":"BagJsN5lPd4HfEUhVRpMEwDBDqte8HDSH3BqLz4qfwh6","baseKeyType":1,"closed":-1,"used":1730472084081,"created":1730472084081,"remoteIdentityKey":"BSY8SPeaOjygAqKZfBbAGcfPqaPuuplD7Y92/QG8GOJu"},"_chains":{"BZ1ZzpXYIAxo5tHjN9+8tUwNiPg/byMRNnSzrDcLPvty":{"chainKey":{"counter":16,"key":"Zf6Ju8Nql15ufx3ElUPo1jITZSiIzydsADiThslnd18="},"chainType":1,"messageKeys":{}}},"pendingPreKey":{"signedKeyId":1,"baseKey":"BagJsN5lPd4HfEUhVRpMEwDBDqte8HDSH3BqLz4qfwh6"}}},"version":"v1"}