{"_sessions":{"BXTvYexGQJEEbaN1sLVy9eztSMOIbb8z1SuGeoRT80dO":{"registrationId":257871588,"currentRatchet":{"ephemeralKeyPair":{"pubKey":"Be2HvHXtxKLbA22eeX46FZMVvZTs0vLX1wRIA2KbtGwR","privKey":"qKFDEFogV10CEYdsJDmSJ9prjsZMU09OXpjyEYrt0XQ="},"lastRemoteEphemeralKey":"BdCuSQvtnFn4FZslo1Nf8BC1jmB4JdgTvkKb5nypG2cs","previousCounter":0,"rootKey":"QIBMYoN7Ai8s5FZY+DRCdsG49oV8BkrLlY04GCwgClg="},"indexInfo":{"baseKey":"BXTvYexGQJEEbaN1sLVy9eztSMOIbb8z1SuGeoRT80dO","baseKeyType":1,"closed":-1,"used":1730472084227,"created":1730472084227,"remoteIdentityKey":"BWEOgmPDzqQxPnddqHI7pOWsTpo4VlluLFUs4ynoGqZs"},"_chains":{"Be2HvHXtxKLbA22eeX46FZMVvZTs0vLX1wRIA2KbtGwR":{"chainKey":{"counter":16,"key":"E3u9qjhBl+S+KhNzL8cavj/Tsz5AyTmWhqvaRyJ7YlM="},"chainType":1,"messageKeys":{}}},"pendingPreKey":{"signedKeyId":0,"baseKey":"BXTvYexGQJEEbaN1sLVy9eztSMOIbb8z1SuGeoRT80dO"}}},"version":"v1"}