{"_sessions":{"BbmYmlm/BiempmdwMwnZyEWxl/325YboTs0R0CePOr44":{"registrationId":1630857602,"currentRatchet":{"ephemeralKeyPair":{"pubKey":"BWo9/i6zlRDUorljktnOPFQ4vSHbUp5Rq1nsRGmN0pBH","privKey":"QL5lcB0ozue3/6+64duvFIdoanpRswOKB30qpUU0FGw="},"lastRemoteEphemeralKey":"BT2zKyOjNg5/P54zHhPyrCBbaKEuQhxsRDtEXCUXaLJz","previousCounter":0,"rootKey":"yvISATdxWe39ml4CbhFDHjHrVTTs9oGgPFpMoeWcwog="},"indexInfo":{"baseKey":"BbmYmlm/BiempmdwMwnZyEWxl/325YboTs0R0CePOr44","baseKeyType":1,"closed":-1,"used":1730472084192,"created":1730472084192,"remoteIdentityKey":"BcGMBs/eRBpHTk0naf3FvSJ6OLyEWwqRtwJxcdgne1BG"},"_chains":{"BWo9/i6zlRDUorljktnOPFQ4vSHbUp5Rq1nsRGmN0pBH":{"chainKey":{"counter":16,"key":"5D/jod0o+jOjxG2y6VEPGAyrvV5WditB8B0+3hBHVmw="},"chainType":1,"messageKeys":{}}},"pendingPreKey":{"signedKeyId":1,"baseKey":"BbmYmlm/BiempmdwMwnZyEWxl/325YboTs0R0CePOr44"}}},"version":"v1"}