{"_sessions":{"BZpq4VpIC+Hal9gRwVkYI8HhAg8iwMiF75KCs2ziPAA3":{"registrationId":1276638285,"currentRatchet":{"ephemeralKeyPair":{"pubKey":"BVj7p2scGXjQuyyEO/0vJRhDunBfmgjbFwv56gjI9T45","privKey":"SCthZAX6oLRbei30v+On5vALuTODdZbkTYSxF3Q3t3c="},"lastRemoteEphemeralKey":"Bdz9RJ2+SbHu8aqtsOfShcITWUTB7fjHhmzSwtVGXSJa","previousCounter":0,"rootKey":"Xy/3h1fLR0D+K4j8hXM31mqbGK6ClbgySxwHxNeZ1qg="},"indexInfo":{"baseKey":"BZpq4VpIC+Hal9gRwVkYI8HhAg8iwMiF75KCs2ziPAA3","baseKeyType":1,"closed":-1,"used":1730472084100,"created":1730472084100,"remoteIdentityKey":"BVwxA1vrk3iulXaJKZONRvyKreEX2cE2v2Hddb274yAu"},"_chains":{"BVj7p2scGXjQuyyEO/0vJRhDunBfmgjbFwv56gjI9T45":{"chainKey":{"counter":16,"key":"CLH9ToqjemznMPYZtLVFBT5riwOj3uJ0vf9eeKHIFx0="},"chainType":1,"messageKeys":{}}},"pendingPreKey":{"signedKeyId":2,"baseKey":"BZpq4VpIC+Hal9gRwVkYI8HhAg8iwMiF75KCs2ziPAA3","preKeyId":11680353}}},"version":"v1"}