{"_sessions":{"Be9WcmVzuM8bjn6S+GjAs6ALZDAtUMUSgSMXfm+oauVs":{"registrationId":709149296,"currentRatchet":{"ephemeralKeyPair":{"pubKey":"BbvuyHTZYTEaCdlirzY+WdL9q+rc1slfq1GBDvPhjbt8","privKey":"eB96fOG/r/PfZu6GMUNZGVcJ0hoLStKLEbGmVJhqa34="},"lastRemoteEphemeralKey":"BWdS0IIrUqtil48oGMrx+N9EfL674AxzsrFZYYChUp5q","previousCounter":0,"rootKey":"V9u/CXKxmaQu9Nc3QaFNl3No/PeHWhWi/RGopjhL6FI="},"indexInfo":{"baseKey":"Be9WcmVzuM8bjn6S+GjAs6ALZDAtUMUSgSMXfm+oauVs","baseKeyType":2,"closed":-1,"used":1730475941236,"created":1730473531099,"remoteIdentityKey":"BWUtLAfyR8q56vgxjjJmzrJ52bFxwdgnue2nlF4uK5YN"},"_chains":{"BZxwnHFFoe8uQkh1eg+euyFKE3ZqxK5wZmWoX0+Wu1Rz":{"chainKey":{"counter":0},"chainType":2,"messageKeys":{}},"Be4IV5CzVyhGygkYUfPCbsi5hEhoFHXhSOMI7F1QRxwB":{"chainKey":{"counter":0},"chainType":2,"messageKeys":{}},"BY2gMDvcBNjiEA1OM6Nh/bbMI3udbPTYHJNXod2e8+l/":{"chainKey":{"counter":0},"chainType":2,"messageKeys":{}},"BZ9txOQGxQnv0IW36aw6azkuyxYdKmN9WKeVCmpY4HZp":{"chainKey":{"counter":0},"chainType":2,"messageKeys":{}},"BdiNvrQIJcb0eIgKXwt129EeqYhS8caNg3rY8CMzWp1r":{"chainKey":{"counter":0},"chainType":2,"messageKeys":{}},"BYTuN/8vVZr3lsIcwk8G3ELjgz44yZDO2bl8B/7ODgs5":{"chainKey":{"counter":0},"chainType":2,"messageKeys":{}},"BaPc4riPe2aGz2Sg3jvyY+/J20cnnxQgxwJGA8EeKesg":{"chainKey":{"counter":1},"chainType":2,"messageKeys":{}},"BbEjlKtmpfaP+5orkuMfCmMzrmI1tOL3totUbuDxR7AN":{"chainKey":{"counter":0},"chainType":2,"messageKeys":{}},"BWdS0IIrUqtil48oGMrx+N9EfL674AxzsrFZYYChUp5q":{"chainKey":{"counter":0,"key":"QA7cbJRaPbNsJCZqqoKPRqfy8lPMOxTYxFbNSsq4IPk="},"chainType":2,"messageKeys":{}},"BbvuyHTZYTEaCdlirzY+WdL9q+rc1slfq1GBDvPhjbt8":{"chainKey":{"counter":-1,"key":"FmZwbQ2HfBr2VjyUCKHD8GhavdyggS1eZho/L9XPTas="},"chainType":1,"messageKeys":{}}}}},"version":"v1"}