{"_sessions":{"BXwr79HZk3L090LGwj7jQsvO83AJgcHFwpIQcGGWk0IW":{"registrationId":206292451,"currentRatchet":{"ephemeralKeyPair":{"pubKey":"BepBd6evIsSO8H4cgRYlxIKHGbiNFIt6mh2YOhs02jZ6","privKey":"gApQZp/F5Ga+KEiQEDm/AG7zOoMlX6v6kiJY7KiZP3E="},"lastRemoteEphemeralKey":"BbYry01N/xhcvbyJoOXLUga0czsF1vmHGwidr9L2zEYI","previousCounter":0,"rootKey":"P/+i3wjfnblv+rzu8T+zXXvJ0PSrMU5TCjWqJLd0Yck="},"indexInfo":{"baseKey":"BXwr79HZk3L090LGwj7jQsvO83AJgcHFwpIQcGGWk0IW","baseKeyType":1,"closed":-1,"used":1730471986387,"created":1730471986387,"remoteIdentityKey":"BZH0IcXZ45ruChJNrIWUdMcqi1EXzMi0qXvA8C0rYCJH"},"_chains":{"BepBd6evIsSO8H4cgRYlxIKHGbiNFIt6mh2YOhs02jZ6":{"chainKey":{"counter":0,"key":"tyTH6N/0OM5WSRHbimJuxIcvdXO0vEm2D7j/KzyBxNA="},"chainType":1,"messageKeys":{}}},"pendingPreKey":{"signedKeyId":0,"baseKey":"BXwr79HZk3L090LGwj7jQsvO83AJgcHFwpIQcGGWk0IW","preKeyId":7841383}}},"version":"v1"}