{"_sessions":{"BaEAVz+EUd8Qca5SBMHc6SV/Sxe/0Q+N04JChOOoUyZg":{"registrationId":16442450,"currentRatchet":{"ephemeralKeyPair":{"pubKey":"BYIeQVylKq7UFP3j/ckkQhNBzXLRush5zjjuFxlfurRx","privKey":"iElGrIOBHbuWvCyqoqp7ZfW+pdCkSTEP0D1ItQuvxmk="},"lastRemoteEphemeralKey":"BfXVKq0y4dx65PePqS/zupS9OtGQ3HWkx0XLfv921uI3","previousCounter":0,"rootKey":"yHC+ncuifxTOC1xzFErh0k3z+cAxSbdxkAiV13apx8Y="},"indexInfo":{"baseKey":"BaEAVz+EUd8Qca5SBMHc6SV/Sxe/0Q+N04JChOOoUyZg","baseKeyType":1,"closed":-1,"used":1730472084169,"created":1730472084169,"remoteIdentityKey":"BUl0rkWgjJKzXp3BD1QLA7QUK+9S7iu3nr7xuCl8uRkK"},"_chains":{"BYIeQVylKq7UFP3j/ckkQhNBzXLRush5zjjuFxlfurRx":{"chainKey":{"counter":17,"key":"TJUIDQnQAWQxkAiFGAIVo3r1TWkFWTRiwIS+FOfZ6WI="},"chainType":1,"messageKeys":{}}},"pendingPreKey":{"signedKeyId":3,"baseKey":"BaEAVz+EUd8Qca5SBMHc6SV/Sxe/0Q+N04JChOOoUyZg","preKeyId":10323476}}},"version":"v1"}