{"_sessions":{"BdaKdQjfq6vLaRB0TtapFs+XYuf88F5z+Vuj3gXW2FYd":{"registrationId":665112961,"currentRatchet":{"ephemeralKeyPair":{"pubKey":"BfbEDfNSN4LLzls3t1a8Guag4Qo/JltehND2VWaeMvdP","privKey":"oIjDQnvQ3+F84tR+ZQ0t7iBNo0/FffLRPOYeXzRxXUE="},"lastRemoteEphemeralKey":"BbGj8zIHmrEFTuKnl5N1NoldEbiVy7Ziq5r4TFrDv9lE","previousCounter":0,"rootKey":"YqNUjkWUxL/AKQs7XZVYj2Cq9VfX1ijvDDJ4svkbbXY="},"indexInfo":{"baseKey":"BdaKdQjfq6vLaRB0TtapFs+XYuf88F5z+Vuj3gXW2FYd","baseKeyType":1,"closed":-1,"used":1730471986492,"created":1730471986492,"remoteIdentityKey":"Bd5rFzQkPvjBtl/nHvAvADbolJAm0AXh8YUutyB83wY5"},"_chains":{"BfbEDfNSN4LLzls3t1a8Guag4Qo/JltehND2VWaeMvdP":{"chainKey":{"counter":0,"key":"Kk+t8U+L79R2GwEvB/w0mIydMKUIiWMfleMvuAGKFR8="},"chainType":1,"messageKeys":{}}},"pendingPreKey":{"signedKeyId":3,"baseKey":"BdaKdQjfq6vLaRB0TtapFs+XYuf88F5z+Vuj3gXW2FYd","preKeyId":16211378}}},"version":"v1"}