{"_sessions":{"BRNEb3nZ2oloorDvb2R8oShVvBqw1NbQ7cm6++rsrHc1":{"registrationId":827777415,"currentRatchet":{"ephemeralKeyPair":{"pubKey":"BaMkDAJqJthdALaiFAJW+Qd+yAQR88mEaq/X4qfb+aUG","privKey":"YNugKupmfMSNuyQmFKqTJ7r7j2ResF4lt9LwqpKg0Uc="},"lastRemoteEphemeralKey":"BYon3xt6tSZOycxpqGiVT1mnXb3BmCMIINGZCpcBX9QW","previousCounter":0,"rootKey":"kyvrza8RFu2jDdVJz3/FHdsiEX7zqNI8k+Thpe1+IBw="},"indexInfo":{"baseKey":"BRNEb3nZ2oloorDvb2R8oShVvBqw1NbQ7cm6++rsrHc1","baseKeyType":1,"closed":-1,"used":1730471862601,"created":1730471862601,"remoteIdentityKey":"BS70NAEsSamOlzIMTGueBuKjyYIg+R88eCvzioryFQsC"},"_chains":{"BaMkDAJqJthdALaiFAJW+Qd+yAQR88mEaq/X4qfb+aUG":{"chainKey":{"counter":0,"key":"tgR/fA2sgq3ffOWvc34Y1HPSp5ziDtTIztPbDEhJ1zY="},"chainType":1,"messageKeys":{}}},"pendingPreKey":{"signedKeyId":1,"baseKey":"BRNEb3nZ2oloorDvb2R8oShVvBqw1NbQ7cm6++rsrHc1"}}},"version":"v1"}