{"_sessions":{"BXKrz+Zyzevl7Kdz3sXWgsAAZX78K+wp4laRrvUW87MH":{"registrationId":1028135374,"currentRatchet":{"ephemeralKeyPair":{"pubKey":"BfWmDTU8xdzST+nQpX73e3OVNe8pI5TsEuvl+s3tEsMQ","privKey":"0KqSUFGB+RFN+XwgUOtgLS+C4bbqmVOAQuvuY30SumI="},"lastRemoteEphemeralKey":"BQ6FOh/Wj2rmrCC1aZrKZOGuji0ZSC62soQO/tQTuZpV","previousCounter":0,"rootKey":"MmKrm0zEOZL2HfEh1k3/Lpd3zNYSb6nMzriClSllX6w="},"indexInfo":{"baseKey":"BXKrz+Zyzevl7Kdz3sXWgsAAZX78K+wp4laRrvUW87MH","baseKeyType":1,"closed":-1,"used":1730478806001,"created":1730471986317,"remoteIdentityKey":"BRAe15y/rHuhcl4f0pGe07BMLd2RNeFCr8DcdDt55BJp"},"_chains":{"BQ6FOh/Wj2rmrCC1aZrKZOGuji0ZSC62soQO/tQTuZpV":{"chainKey":{"counter":0,"key":"VgWx0sZmozLvgl2Dt1bKZo94alJnFKRWpIK721DSHEk="},"chainType":2,"messageKeys":{}},"BfWmDTU8xdzST+nQpX73e3OVNe8pI5TsEuvl+s3tEsMQ":{"chainKey":{"counter":-1,"key":"4AjVWgPJNNXDbgocotK7YggGI4SZqf4SpCFI/hBwaIk="},"chainType":1,"messageKeys":{}}}}},"version":"v1"}