{"_sessions":{"BYtYMaZaHG7Ra8ggV7BjCvmO87ntPT+AOT30trfj5pUR":{"registrationId":3003749924,"currentRatchet":{"ephemeralKeyPair":{"pubKey":"BTZSVpiNdaNjS+zYIiLgokIER02qtqbJRbWWV+/fsxFX","privKey":"4GKoyRn6YyNX5uOQOAm/w1nYOJnPQQhRPqvQe/sp3kw="},"lastRemoteEphemeralKey":"BXH2lMnKz46YHk13Gn0MWqY5TTHMaqfxbsW1uFFEMwQj","previousCounter":0,"rootKey":"egOrBTXPOD4mZHxugkHC+a8wgYO47getnrsH8XtYcVw="},"indexInfo":{"baseKey":"BYtYMaZaHG7Ra8ggV7BjCvmO87ntPT+AOT30trfj5pUR","baseKeyType":1,"closed":-1,"used":1730472083819,"created":1730472083819,"remoteIdentityKey":"Bcv2m9CBR9rsPHyrZ8Ms7jFa6DtoHzyrJAXLrJT4KzB4"},"_chains":{"BTZSVpiNdaNjS+zYIiLgokIER02qtqbJRbWWV+/fsxFX":{"chainKey":{"counter":16,"key":"ujPjkjX9jU42OsmPMRVczzhip0FehJh+Tb28T45/wXI="},"chainType":1,"messageKeys":{}}},"pendingPreKey":{"signedKeyId":1,"baseKey":"BYtYMaZaHG7Ra8ggV7BjCvmO87ntPT+AOT30trfj5pUR"}}},"version":"v1"}