{"_sessions":{"BUIBLjLjLYZVHkn/JbDWIVbNYPsw8NfqLzvnT2RY0NYX":{"registrationId":255,"currentRatchet":{"ephemeralKeyPair":{"pubKey":"BVCH/6lKpaancYoWKoF+6ILb9+0HGvhFpYt1pNSd2OYv","privKey":"AC7rTpaUOBsgn8nS3W4MVJNBi3pa9cguOGmcEF+cZn4="},"lastRemoteEphemeralKey":"BaaUfkUrgD9xO5Q7YwE7jsZeJLCjf4eaAAfrgzCg4o0n","previousCounter":0,"rootKey":"G3WemPDQdGwQRGpTpYl0FJlD+iwoyxYqjHKzTtmeaKo="},"indexInfo":{"baseKey":"BUIBLjLjLYZVHkn/JbDWIVbNYPsw8NfqLzvnT2RY0NYX","baseKeyType":1,"closed":-1,"used":1730472083949,"created":1730472083949,"remoteIdentityKey":"Bc+NY9m7R/TcCxJrw5RFGlMIVQs47xt/F5BS++97HHpC"},"_chains":{"BVCH/6lKpaancYoWKoF+6ILb9+0HGvhFpYt1pNSd2OYv":{"chainKey":{"counter":16,"key":"KIjJ+Zx3U777zxXC2zVrSrymlHj6Fw82wlcm6ELMO0c="},"chainType":1,"messageKeys":{}}},"pendingPreKey":{"signedKeyId":1,"baseKey":"BUIBLjLjLYZVHkn/JbDWIVbNYPsw8NfqLzvnT2RY0NYX"}}},"version":"v1"}