{"_sessions":{"BQLOhnZaTnlYhO6Ub/61caWVUQ9PjvaL6tfIO2NQnLIs":{"registrationId":1410377896,"currentRatchet":{"ephemeralKeyPair":{"pubKey":"BWl8oXjUJ7bTBy/icywXFDjjZt/zj4nreZdjgfYhWvUJ","privKey":"aDzmHhL7oWvPE1sgyXKsM61X7gr5G79rrmAfHpcTrXQ="},"lastRemoteEphemeralKey":"Bci+P56Cf2ooEGadC8zPNU4vBcMfiO49SH9RT2HPmhE5","previousCounter":0,"rootKey":"ftS7D7YndIhfYw0VtuI5HG1PWW2IwdObmpeVaSyTo14="},"indexInfo":{"baseKey":"BQLOhnZaTnlYhO6Ub/61caWVUQ9PjvaL6tfIO2NQnLIs","baseKeyType":1,"closed":-1,"used":1730474058647,"created":1730474058647,"remoteIdentityKey":"BYipohw42rzMjqXZv4PSbySsMmAQqeq1sUUHfKFaapht"},"_chains":{"BWl8oXjUJ7bTBy/icywXFDjjZt/zj4nreZdjgfYhWvUJ":{"chainKey":{"counter":0,"key":"jcB0ms69SE2iXfk4AjKdiIO7v8/7LrSUQ3RDbPwHPxQ="},"chainType":1,"messageKeys":{}}},"pendingPreKey":{"signedKeyId":6,"baseKey":"BQLOhnZaTnlYhO6Ub/61caWVUQ9PjvaL6tfIO2NQnLIs","preKeyId":1397822}}},"version":"v1"}