{"_sessions":{"BXNdFDFJWOoVWaL3dL+WywFAgRJKZ+/venXM3MzpebRg":{"registrationId":1919,"currentRatchet":{"ephemeralKeyPair":{"pubKey":"BaiSH+E4XrnOSgczKT88xSfz7fEqYCV/VAmNVS0XobIF","privKey":"wDM/36qszPMsOKtoSEyF07RkB+3pV2CMuZXbVi92Cns="},"lastRemoteEphemeralKey":"BVPnlQkdRXTWm6NcGcBqvS2FgJe7MDLcNROcAOaIoUoT","previousCounter":0,"rootKey":"nzamsXuyqv12FZEYgNyeS85Z3jMiAn9+U08ycuPLuGs="},"indexInfo":{"baseKey":"BXNdFDFJWOoVWaL3dL+WywFAgRJKZ+/venXM3MzpebRg","baseKeyType":1,"closed":-1,"used":1730471862487,"created":1730471862487,"remoteIdentityKey":"BaFL1SVMiBjviHZoSwxsaFBbBypB255JEnROcukTC2tb"},"_chains":{"BaiSH+E4XrnOSgczKT88xSfz7fEqYCV/VAmNVS0XobIF":{"chainKey":{"counter":0,"key":"MK5U3yCIL3b4iSGAD2BFxCOxduS8sDSWTug0Zl1yqo0="},"chainType":1,"messageKeys":{}}},"pendingPreKey":{"signedKeyId":1,"baseKey":"BXNdFDFJWOoVWaL3dL+WywFAgRJKZ+/venXM3MzpebRg"}}},"version":"v1"}