{"_sessions":{"BSDobiJKlhXiFaY2ad4EKDpjYVfJ2FDuy5vd4DnNonx+":{"registrationId":1359646283,"currentRatchet":{"ephemeralKeyPair":{"pubKey":"BWX7iZsmAFCadUwdM4NwI1UMmJPrdKyiE+se0KAEbzUp","privKey":"yKpv0NJfygIdEoDA5emrI01zXT5Scxovr/KSedccv24="},"lastRemoteEphemeralKey":"BdC0L3urWSJr1EhO8M7wqPstkxZWu33MQw/Ohab03JUT","previousCounter":0,"rootKey":"L/jVck2sU6Uiwl5Ss4y60QzsP7WrcG6hCHM++5ACWhA="},"indexInfo":{"baseKey":"BSDobiJKlhXiFaY2ad4EKDpjYVfJ2FDuy5vd4DnNonx+","baseKeyType":1,"closed":-1,"used":1730472084214,"created":1730472084214,"remoteIdentityKey":"Be+4AcTzkLoa7VLt5vrfxfnGllH0kb39HYxt8jpVyX5W"},"_chains":{"BWX7iZsmAFCadUwdM4NwI1UMmJPrdKyiE+se0KAEbzUp":{"chainKey":{"counter":16,"key":"maMbjCUDykGgUuZbIZTc/zMeG2uVYDhe544LcS7K/k8="},"chainType":1,"messageKeys":{}}},"pendingPreKey":{"signedKeyId":3,"baseKey":"BSDobiJKlhXiFaY2ad4EKDpjYVfJ2FDuy5vd4DnNonx+","preKeyId":4956999}}},"version":"v1"}