{"_sessions":{"BbOYz7bDOgREl5wyQuRdKgVYltT0mIN383NP3xXaQ1pI":{"registrationId":1046882563,"currentRatchet":{"ephemeralKeyPair":{"pubKey":"BTzuBpcVnt9QwNdlPgGuGM/F3JICnRNdD52IZ1oTzWUL","privKey":"0C4o34/DWZgcePplBXzlFtqPesf67MFpmE9p037ceks="},"lastRemoteEphemeralKey":"BXrIoe5mHB+YlbJreQeimE9vHgKcXjC6NA0QFz5NcsRn","previousCounter":0,"rootKey":"PCyYhtVb2YxtGgWI3RI8u3ceclzPuW2g6wUXyp4gsC0="},"indexInfo":{"baseKey":"BbOYz7bDOgREl5wyQuRdKgVYltT0mIN383NP3xXaQ1pI","baseKeyType":1,"closed":-1,"used":1730476397838,"created":1730471986449,"remoteIdentityKey":"BVL63xfzvW7rpD7mX0+iAMI0DBWGbPkUJLSkF0AaQF4U"},"_chains":{"BXrIoe5mHB+YlbJreQeimE9vHgKcXjC6NA0QFz5NcsRn":{"chainKey":{"counter":0,"key":"InT7SV9PnO/4ZkFhEY8ypabdBEYKYjDZG4dwwLR26t4="},"chainType":2,"messageKeys":{}},"BTzuBpcVnt9QwNdlPgGuGM/F3JICnRNdD52IZ1oTzWUL":{"chainKey":{"counter":-1,"key":"WScNJcFjlrQRF1m+/HytADRRUdA5CvDCI2bfoMyDZkQ="},"chainType":1,"messageKeys":{}}}}},"version":"v1"}