{"_sessions":{"BYbaEyHbKHLK0jTZsb9fqqhq3shCTm2NR5jfOxhdI3hN":{"registrationId":2025197239,"currentRatchet":{"ephemeralKeyPair":{"pubKey":"BfIrjpn3yL/2aEOG0I4I/Q5zEedc8vKqYWRfyjRzw6cV","privKey":"mBAgHLkxEnB5e3qiE3MId7xS+QTgY3FOWfPni4okQk4="},"lastRemoteEphemeralKey":"BeH70UEeOrJ0S+LMCZOdOALdk0mfmBrtoxwrXKtSfWdE","previousCounter":0,"rootKey":"O9WQ77eB1pcfXMih+kkvlIKxbuJW4sCH3xfXoXKwssw="},"indexInfo":{"baseKey":"BYbaEyHbKHLK0jTZsb9fqqhq3shCTm2NR5jfOxhdI3hN","baseKeyType":1,"closed":-1,"used":1730471862641,"created":1730471862641,"remoteIdentityKey":"Bfjv6dfr9i/ka/GBEdAtD40E++T8JREKPy1akteXIuJn"},"_chains":{"BfIrjpn3yL/2aEOG0I4I/Q5zEedc8vKqYWRfyjRzw6cV":{"chainKey":{"counter":17,"key":"KVITTlprKoK63gJYhQX0GliGPG5IQyiAOCTnJCzJfPI="},"chainType":1,"messageKeys":{}}},"pendingPreKey":{"signedKeyId":7,"baseKey":"BYbaEyHbKHLK0jTZsb9fqqhq3shCTm2NR5jfOxhdI3hN","preKeyId":3125142}}},"version":"v1"}