{"_sessions":{"BUhLmNOhNqE2StW9LckNJaIoycJfvOyHzbLGXr3cYoA0":{"registrationId":1738582173,"currentRatchet":{"ephemeralKeyPair":{"pubKey":"BTRYyMrXYGwno6+IpstER9RykYC6SggbcOp2MKZwX5UL","privKey":"OAgTFsF7o3wRcQOdlaewVzhU3AwA7ctZnr1fvmS2M1Q="},"lastRemoteEphemeralKey":"BfCR8yq/xqZmreypRsPf6akmGknnxO+7bCrRT7BbZQ8z","previousCounter":0,"rootKey":"76ph7fEw8q0f/pVMN6BtSQIkgfIECk4sJQRKUKbLh6c="},"indexInfo":{"baseKey":"BUhLmNOhNqE2StW9LckNJaIoycJfvOyHzbLGXr3cYoA0","baseKeyType":1,"closed":-1,"used":1730472084881,"created":1730472084881,"remoteIdentityKey":"BYpP3+MKLIdbce7xlALNBPyJLtIQV/EDYYidhMPu2yxV"},"_chains":{"BTRYyMrXYGwno6+IpstER9RykYC6SggbcOp2MKZwX5UL":{"chainKey":{"counter":16,"key":"faKjD+IoV5J6mky3jvB8BIzjTi8J+BNWY9gLUfAVXmM="},"chainType":1,"messageKeys":{}}},"pendingPreKey":{"signedKeyId":24,"baseKey":"BUhLmNOhNqE2StW9LckNJaIoycJfvOyHzbLGXr3cYoA0","preKeyId":11013425}}},"version":"v1"}