{"_sessions":{"BR3e1mn96gd9VMvdj8jh8WN9DD+AZ1AqDMywpYP2d0dC":{"registrationId":179,"currentRatchet":{"ephemeralKeyPair":{"pubKey":"BUUsrII0VCC/xIyS9lODa5LNeep8JcasvXBjZpIGBXxp","privKey":"gHdq3nMA+ZQ8KuyPh1gX23Bhf0yPBsSa4zZQubhfI3Q="},"lastRemoteEphemeralKey":"Bcpkf8CwZ01Poh4LEU0h30J8CrECLraV5f2ue8nDLCJ3","previousCounter":0,"rootKey":"0A6e6Hy12bC6R/BQGfmkl73+UhEB76z8aYV7nwl7vh0="},"indexInfo":{"baseKey":"BR3e1mn96gd9VMvdj8jh8WN9DD+AZ1AqDMywpYP2d0dC","baseKeyType":1,"closed":-1,"used":1730473267075,"created":1730473267075,"remoteIdentityKey":"BQvPCOmJxiKlTJcOrsSreqfklufHjed2etPRwv6UwjtD"},"_chains":{"BUUsrII0VCC/xIyS9lODa5LNeep8JcasvXBjZpIGBXxp":{"chainKey":{"counter":0,"key":"TlkSl7s/3ETN9b4MwGLt3FdCBi6oH1QtfGU9amVVn1s="},"chainType":1,"messageKeys":{}}},"pendingPreKey":{"signedKeyId":1,"baseKey":"BR3e1mn96gd9VMvdj8jh8WN9DD+AZ1AqDMywpYP2d0dC"}}},"version":"v1"}