{"_sessions":{"BVo53xH6KS8B9mUe53KdQbEJgRP6kLymsxXfrMlT0Jxq":{"registrationId":33220507,"currentRatchet":{"ephemeralKeyPair":{"pubKey":"BV0iTjY3ZenXALj7EnSwqJejHDJ2NAq9GmWymvYqnesb","privKey":"qCbtCnEmq968s8/x9XM6UUGg+EiRp8DY2S0fDwNfum8="},"lastRemoteEphemeralKey":"BaQLn3WiXbTA2PKrzWRURWeI/8HAWDp2IWaWVGtkfz9E","previousCounter":0,"rootKey":"aNTwn6jFV4+u8pk9y2QrCAWtYNGMKiYOsx2obIiZ4MQ="},"indexInfo":{"baseKey":"BVo53xH6KS8B9mUe53KdQbEJgRP6kLymsxXfrMlT0Jxq","baseKeyType":1,"closed":-1,"used":1730471862506,"created":1730471862506,"remoteIdentityKey":"BUzDGLMoLfvOzYQd7Zc6UWaLB6GhbmGOoyjAEFPQM5Zz"},"_chains":{"BV0iTjY3ZenXALj7EnSwqJejHDJ2NAq9GmWymvYqnesb":{"chainKey":{"counter":0,"key":"PO27OMPHpu+ENslMd5J28VzFNmoSt8N3opYFs8qGTSQ="},"chainType":1,"messageKeys":{}}},"pendingPreKey":{"signedKeyId":1,"baseKey":"BVo53xH6KS8B9mUe53KdQbEJgRP6kLymsxXfrMlT0Jxq","preKeyId":1418}}},"version":"v1"}