{"_sessions":{"BR5DP4fHk65/o9Svl+w/QVa9+jv2Hcughv62EFLKbBYY":{"registrationId":1024889058,"currentRatchet":{"ephemeralKeyPair":{"pubKey":"Be7R0m/M89yDhaQNfW0pIHl5E1ceGHHqPxwctEDZ5vBE","privKey":"kNl659Kt8j3V1R6211ZDp08Rq/gexhu7ek92H5RPkFM="},"lastRemoteEphemeralKey":"BfTQw2zUVZvJjnJIbOt4X3IdvV0OQY3PL6UhMLneBjN6","previousCounter":0,"rootKey":"B2U1RJeNfWbYS0uLPToqVmrm9y5Q7RQoNLuBd3ukLvM="},"indexInfo":{"baseKey":"BR5DP4fHk65/o9Svl+w/QVa9+jv2Hcughv62EFLKbBYY","baseKeyType":1,"closed":-1,"used":1730471862661,"created":1730471862661,"remoteIdentityKey":"BeJy7hljsoVaSG4eDwhKWv+MfmKKFX2sGu5PG0wVNu8g"},"_chains":{"Be7R0m/M89yDhaQNfW0pIHl5E1ceGHHqPxwctEDZ5vBE":{"chainKey":{"counter":0,"key":"WMu386GNy6HwByYHXmlalmiQ0ZYoK5k94vdJd7mE7ao="},"chainType":1,"messageKeys":{}}},"pendingPreKey":{"signedKeyId":4,"baseKey":"BR5DP4fHk65/o9Svl+w/QVa9+jv2Hcughv62EFLKbBYY","preKeyId":4186855}}},"version":"v1"}