{"_sessions":{"BQ8MQTMMcCFXm+WCJZI3RAO/xfs66Fodn95MLyCYyOI3":{"registrationId":80,"currentRatchet":{"ephemeralKeyPair":{"pubKey":"BdM206Zux6nr32gWr+h97AyURVxsWd6ZzfdVmlfSCy0d","privKey":"kAV5AGJw6UkFdrcH7kUT4H62yfJzLL4JkExP+SiPq1Q="},"lastRemoteEphemeralKey":"BVg2WEPy9/V7CxPjvtGH8cgg4PDiNdmArUsPGWUaCz4x","previousCounter":0,"rootKey":"GhHZAuzjHwCgkcPFCZu48fEiP98mcRozn0X9mkEXkSg="},"indexInfo":{"baseKey":"BQ8MQTMMcCFXm+WCJZI3RAO/xfs66Fodn95MLyCYyOI3","baseKeyType":1,"closed":-1,"used":1730472083913,"created":1730472083913,"remoteIdentityKey":"BeosBZV6uEHDXh+utToMwmSxNb4xIWj3btgz4H3GElwI"},"_chains":{"BdM206Zux6nr32gWr+h97AyURVxsWd6ZzfdVmlfSCy0d":{"chainKey":{"counter":16,"key":"3wSXHYNJleflevxt8cOPhqqQCKL41B1OKrIZ3Rkzlow="},"chainType":1,"messageKeys":{}}},"pendingPreKey":{"signedKeyId":1,"baseKey":"BQ8MQTMMcCFXm+WCJZI3RAO/xfs66Fodn95MLyCYyOI3"}}},"version":"v1"}