{"_sessions":{"BbNYAuYl5PSNhB38ViJdIAugc8Es2olN5KAPUZWWApV1":{"registrationId":480521573,"currentRatchet":{"ephemeralKeyPair":{"pubKey":"Bay1S3Bh18+8YDP3iTQkJ3axZjMFfhypXdll6Z9OgKEY","privKey":"GP2i5tqWmT8HqEnvVLqyH8cq48FqN8fqVfhkUhEIKE8="},"lastRemoteEphemeralKey":"BT4BVP2MFw3S8G2PIf1Bn2BiPCiFtHBlBsrN7yBpH6x6","previousCounter":0,"rootKey":"w3Z+Cp4iTNx/FyOzlUlV7eEmKZcDxkBhBOu2jat9K3s="},"indexInfo":{"baseKey":"BbNYAuYl5PSNhB38ViJdIAugc8Es2olN5KAPUZWWApV1","baseKeyType":1,"closed":-1,"used":1730471986506,"created":1730471986506,"remoteIdentityKey":"BYe8LFgEae1NodNw3hZdzlYuTjL6rn/6unhJ6Tg1lyAc"},"_chains":{"Bay1S3Bh18+8YDP3iTQkJ3axZjMFfhypXdll6Z9OgKEY":{"chainKey":{"counter":0,"key":"qi/cvVvfdSPR83fcSUFmg73p6HbwDwRJOfrw43KlOFI="},"chainType":1,"messageKeys":{}}},"pendingPreKey":{"signedKeyId":0,"baseKey":"BbNYAuYl5PSNhB38ViJdIAugc8Es2olN5KAPUZWWApV1","preKeyId":8950388}}},"version":"v1"}