{"_sessions":{"Bf62WPfH+8Nh86XKZaBGO7XRfrZRdIDzwfEwGXMq3H5Z":{"registrationId":961700252,"currentRatchet":{"ephemeralKeyPair":{"pubKey":"BdP1eStaVrAlJ9cKjq7blMkAvOPKSrJg02pnEvIbsT0w","privKey":"2JexEz3P62YaATE/avVPoIQ6JldM8wp/NVebRo0hUHs="},"lastRemoteEphemeralKey":"BfnS/BDzzKgATOTOLqEcE5A+zYlvqjO8wK/P713Ce1Et","previousCounter":6,"rootKey":"IujFz2CxKLbxmbSU0JHEhf9Np9lC7kwf3Fb8HBZKNpg="},"indexInfo":{"baseKey":"Bf62WPfH+8Nh86XKZaBGO7XRfrZRdIDzwfEwGXMq3H5Z","baseKeyType":1,"closed":-1,"used":1730474104062,"created":1730472084781,"remoteIdentityKey":"Bd6UnHmAils04cDKCUrLHJ60Wc3MSYSgiNXho5HTtztM"},"_chains":{"BfnS/BDzzKgATOTOLqEcE5A+zYlvqjO8wK/P713Ce1Et":{"chainKey":{"counter":0,"key":"XlwJeqv6G0oZhD+bsjwFK2qQ3Mw4Yl9qSo++3uuhPCY="},"chainType":2,"messageKeys":{}},"BdP1eStaVrAlJ9cKjq7blMkAvOPKSrJg02pnEvIbsT0w":{"chainKey":{"counter":9,"key":"D6rOA3sk4jUCZctQYdSaYaEtZ3DHsMtYbXk+aqOdjGY="},"chainType":1,"messageKeys":{}}}}},"version":"v1"}