{"_sessions":{"BcgPhcCT24b5QEhFPctIbgg0FMTjcwhV9janoeQnwblQ":{"registrationId":1212935816,"currentRatchet":{"ephemeralKeyPair":{"pubKey":"BUbYLKOEZkjTimO55zW5DUyctGUvL0vYYCUaMWZTANQx","privKey":"uCfRNK7CCJYtx+6JTn9840ggRgLwrhQJRCFNQYY1E0M="},"lastRemoteEphemeralKey":"BR9WEcABileKwrKZzIlI1jvgCWC801MpwJSx6rE1V10q","previousCounter":0,"rootKey":"KzXi4vq4JJS2/TPGES9k1UeYDT71VlNaQ61qs5TBsFs="},"indexInfo":{"baseKey":"BcgPhcCT24b5QEhFPctIbgg0FMTjcwhV9janoeQnwblQ","baseKeyType":1,"closed":-1,"used":1730471862645,"created":1730471862645,"remoteIdentityKey":"BTDVGQj/HOlkHLw71yNUcHKEeI9Pa1L7hURqRvLnB/Fg"},"_chains":{"BUbYLKOEZkjTimO55zW5DUyctGUvL0vYYCUaMWZTANQx":{"chainKey":{"counter":0,"key":"mC2hVd70ByT4CRswxGYkk1FRWq8+hoSPOS5NHyOZOmk="},"chainType":1,"messageKeys":{}}},"pendingPreKey":{"signedKeyId":3,"baseKey":"BcgPhcCT24b5QEhFPctIbgg0FMTjcwhV9janoeQnwblQ","preKeyId":14536391}}},"version":"v1"}