{"_sessions":{"BZ0fqXSM1bY5UxEcmq2wA2kmDPm6zb9sdSZ6ruuoQVE4":{"registrationId":190,"currentRatchet":{"ephemeralKeyPair":{"pubKey":"BYo4rM4V78YM4W1p2YQv5BjCYfHcVWX/HQcL/fJyCsU5","privKey":"wPRHtew9NZU4J51ZcPg3mBJbgP6xzTasIU00bplfEm8="},"lastRemoteEphemeralKey":"BZAEu4qvfucHfJodLwSpXYfFycGZgjdMQlPaQrq4gVsL","previousCounter":0,"rootKey":"zhkvnIkT9RMf6xfuzPf5ifa086Z4DEJGQIFwdBXpgUQ="},"indexInfo":{"baseKey":"BZ0fqXSM1bY5UxEcmq2wA2kmDPm6zb9sdSZ6ruuoQVE4","baseKeyType":1,"closed":-1,"used":1730472083930,"created":1730472083930,"remoteIdentityKey":"BWnG6srImZjFaGyjQoSmeBfVgmieQtMZwO579z6t8RMI"},"_chains":{"BYo4rM4V78YM4W1p2YQv5BjCYfHcVWX/HQcL/fJyCsU5":{"chainKey":{"counter":16,"key":"rxvI9VgLFgE/38aFxWbW4YPImNZj6ZHtzv3CIwL98iA="},"chainType":1,"messageKeys":{}}},"pendingPreKey":{"signedKeyId":1,"baseKey":"BZ0fqXSM1bY5UxEcmq2wA2kmDPm6zb9sdSZ6ruuoQVE4"}}},"version":"v1"}