{"_sessions":{"BZCbREpDaAgR7fL+QbFSiNhwkckujc4sGfn6qXB/VeR4":{"registrationId":1527463924,"currentRatchet":{"ephemeralKeyPair":{"pubKey":"BfHKxXyK3XPCh6Vnx3i0L7ew6zKSk65e7iaUd6M3abRr","privKey":"oE/oDLLCYUBCWAs7+Pl949GnPKSrDbVQJDRnh0Tx9mQ="},"lastRemoteEphemeralKey":"BapRP0gkS7XtymjlpPgZyRdlPnFI8tX8VDYCS1LSKrkv","previousCounter":0,"rootKey":"9kPdQ75FoFgYZYtZWR1BAWUVwaWnqqAhGRtxl58M4Vw="},"indexInfo":{"baseKey":"BZCbREpDaAgR7fL+QbFSiNhwkckujc4sGfn6qXB/VeR4","baseKeyType":1,"closed":-1,"used":1730472084773,"created":1730472084773,"remoteIdentityKey":"BR0P1lcMG59e1hpIExOfJQiagKTil7EKLFUE/2xOAdMu"},"_chains":{"BfHKxXyK3XPCh6Vnx3i0L7ew6zKSk65e7iaUd6M3abRr":{"chainKey":{"counter":16,"key":"KJfupfw3VMmu1vu1k5SEqoVzHLpGJMVMknon1RVdu1g="},"chainType":1,"messageKeys":{}}},"pendingPreKey":{"signedKeyId":3,"baseKey":"BZCbREpDaAgR7fL+QbFSiNhwkckujc4sGfn6qXB/VeR4","preKeyId":400368}}},"version":"v1"}