{"_sessions":{"BesquSzLyaoHIkBSwJdteOtYYklUs8kCar2r+VKvMbtp":{"registrationId":411,"currentRatchet":{"ephemeralKeyPair":{"pubKey":"BWkaGUHCzQaQ8MWT7gUv/jTQQxofY+hYivSETggcbdE+","privKey":"cD5g+YHzWaRHByRZkTuT/fNpcfq9jd/BnFfGSsiExlU="},"lastRemoteEphemeralKey":"BYTpc0t3R6VwB3+qprFDQVdcZNaD0LPf0YeTbdYqA/gA","previousCounter":0,"rootKey":"ex+kxQzaeNYljFgyQdb1CAl6+OxIgPTkrK1obPGKPAk="},"indexInfo":{"baseKey":"BesquSzLyaoHIkBSwJdteOtYYklUs8kCar2r+VKvMbtp","baseKeyType":1,"closed":-1,"used":1730472368975,"created":1730472368975,"remoteIdentityKey":"BfiD+YwKl1H9f27lSXJ8opgEpJmjYttaJDsbvinAH5Z6"},"_chains":{"BWkaGUHCzQaQ8MWT7gUv/jTQQxofY+hYivSETggcbdE+":{"chainKey":{"counter":0,"key":"XfVn6iy9u7t/utFYNUZyKonjKRQpuRF6fsTNDXHChac="},"chainType":1,"messageKeys":{}}},"pendingPreKey":{"signedKeyId":2,"baseKey":"BesquSzLyaoHIkBSwJdteOtYYklUs8kCar2r+VKvMbtp","preKeyId":1893}}},"version":"v1"}