{"_sessions":{"BXs/lFmbcF462UQgDcuGahNglvxGifg3Keqq1OQf1sRG":{"registrationId":2053527087,"currentRatchet":{"ephemeralKeyPair":{"pubKey":"BZfGksDZnzELrtRqWX4w2Jj6vXMJnSGdGEqUXw5kB5RT","privKey":"uE5sq52UILmebRc30itRgve6zbsJiczYrTiNxu3rklg="},"lastRemoteEphemeralKey":"BVtG1C9TXLAVSONN+5YN5MNLgwycz8yJ0wORpV51pTZ8","previousCounter":0,"rootKey":"QjYri0k2UckNHOHVbD5WyUzv/Bq75lgep8NRM5PcUbg="},"indexInfo":{"baseKey":"BXs/lFmbcF462UQgDcuGahNglvxGifg3Keqq1OQf1sRG","baseKeyType":1,"closed":-1,"used":1730472084068,"created":1730472084068,"remoteIdentityKey":"BdI4js3kMdwMaocPdS4fnBLigRVdc2Ywt16mGFX0090+"},"_chains":{"BZfGksDZnzELrtRqWX4w2Jj6vXMJnSGdGEqUXw5kB5RT":{"chainKey":{"counter":16,"key":"/qHz6FUUx3B+KaA85M+4DuI/gmxwvQ27Gk7Tg4EZX1s="},"chainType":1,"messageKeys":{}}},"pendingPreKey":{"signedKeyId":0,"baseKey":"BXs/lFmbcF462UQgDcuGahNglvxGifg3Keqq1OQf1sRG","preKeyId":7094207}}},"version":"v1"}