{"_sessions":{"BftieMHTknaI6I4cFms5QPcwqfzN/kPWC259MWyDuecB":{"registrationId":891184828,"currentRatchet":{"ephemeralKeyPair":{"pubKey":"BcMKokL4/GtPIe7Mpb7gEEjZ+2KYxpc9g2RaYQV8+jtW","privKey":"eK+wTuaS7WaqrTHma7UP3qbAMoFoSHDNKr+w2bIij00="},"lastRemoteEphemeralKey":"BfeZZUbIx/SjazDB446HKAO9RdDvUBAiCyGw6dIi3ih/","previousCounter":0,"rootKey":"9dtfmGTKhO1JgZNrphDiDCNJ0FRrNKTf/+pDu3P/3mg="},"indexInfo":{"baseKey":"BftieMHTknaI6I4cFms5QPcwqfzN/kPWC259MWyDuecB","baseKeyType":1,"closed":-1,"used":1730471862765,"created":1730471862765,"remoteIdentityKey":"BR8ZraGCJDav2/51B7hmZHnsi9RdLAVFSKSWWkHKIapa"},"_chains":{"BcMKokL4/GtPIe7Mpb7gEEjZ+2KYxpc9g2RaYQV8+jtW":{"chainKey":{"counter":0,"key":"Rdcx3lFYimEjmAufCD9S5+nD0vAwvQc9LQdsZA5ha0E="},"chainType":1,"messageKeys":{}}},"pendingPreKey":{"signedKeyId":1,"baseKey":"BftieMHTknaI6I4cFms5QPcwqfzN/kPWC259MWyDuecB","preKeyId":4882266}}},"version":"v1"}