{"_sessions":{"BSHEO7cLJg23J6Ey12k+PkiMYEUlg3o/6kmWEHXzVSd/":{"registrationId":108104137,"currentRatchet":{"ephemeralKeyPair":{"pubKey":"BTrPtjP9GTti4Au/RKrN2KfSec8Gpqhda4hIvlnLdm8k","privKey":"GBkK0oKeWxQ39r40nQzs3nVeCWP8zvcQZlZDboKksFI="},"lastRemoteEphemeralKey":"BaFydBPJ0hSG9aMb5WigsUxC98wDMr1DWOHDilasqFVm","previousCounter":0,"rootKey":"X5vJiKjgBq/YEFDcftiFPVQHI0kyCarEeG2dZYz8Ac4="},"indexInfo":{"baseKey":"BSHEO7cLJg23J6Ey12k+PkiMYEUlg3o/6kmWEHXzVSd/","baseKeyType":1,"closed":-1,"used":1730472084864,"created":1730472084864,"remoteIdentityKey":"Bdm6gJR6UMUiUsOo8zUlKNHwnZNf0oUxd3tJuIt9qJQv"},"_chains":{"BTrPtjP9GTti4Au/RKrN2KfSec8Gpqhda4hIvlnLdm8k":{"chainKey":{"counter":16,"key":"Nfh19FMuWUyLfeIee4rqJRn041jhjSSLh0V2f1A6POI="},"chainType":1,"messageKeys":{}}},"pendingPreKey":{"signedKeyId":7,"baseKey":"BSHEO7cLJg23J6Ey12k+PkiMYEUlg3o/6kmWEHXzVSd/","preKeyId":7359666}}},"version":"v1"}