{"_sessions":{"BT5Aid90VlLed+8uAKyZfroiG2tr0yY4brDpnqfQ32ts":{"registrationId":2097412384,"currentRatchet":{"ephemeralKeyPair":{"pubKey":"BZWap3P9iBfFNXHmbcWSo5sBXmtVMCdTdn7gT8cK+W5b","privKey":"6DCsoOueikiQ+7j4a3rT3hgkhgaPVDKMysArJErXu0k="},"lastRemoteEphemeralKey":"Bc58/Wi9ho9+33IQOxaF2xTIU41Jtm3iqbxi0uTAVqFc","previousCounter":0,"rootKey":"yAFb8/NzgAjwbn7IkqB5A1STS5Re35/2NMu+LyBxH5E="},"indexInfo":{"baseKey":"BT5Aid90VlLed+8uAKyZfroiG2tr0yY4brDpnqfQ32ts","baseKeyType":1,"closed":-1,"used":1730471862568,"created":1730471862568,"remoteIdentityKey":"BQ1HnHhw0pA/jwaXsPemLTtong2ylocBuRMLW3d4deAi"},"_chains":{"BZWap3P9iBfFNXHmbcWSo5sBXmtVMCdTdn7gT8cK+W5b":{"chainKey":{"counter":0,"key":"Vgj81XkkdKD2nsZDQo4B3KtBcWruTxYdliE3EC/AUg0="},"chainType":1,"messageKeys":{}}},"pendingPreKey":{"signedKeyId":8,"baseKey":"BT5Aid90VlLed+8uAKyZfroiG2tr0yY4brDpnqfQ32ts","preKeyId":9399790}}},"version":"v1"}