{"_sessions":{"BSSplO9AE4R5OUFDRSGUdvYY/33eg+25v6CwYIBGhosO":{"registrationId":242247977,"currentRatchet":{"ephemeralKeyPair":{"pubKey":"BX62NOsEKK0QeYjAW2T2KCckz9EEyX/2k4kx6+2hSPYI","privKey":"aEBl+MKW/6759YC9yoAAh+LAb1zfxl8SzrS2nX0GDFk="},"lastRemoteEphemeralKey":"BXQ9EP7bEqq/ycOaIwpnJxvc2AYDlNDqw3cDr/CNRkQA","previousCounter":29,"rootKey":"nRaOXHtfHzxDjWDolXWKS1S6EzyqSax8/M1xKtbanzc="},"indexInfo":{"baseKey":"BSSplO9AE4R5OUFDRSGUdvYY/33eg+25v6CwYIBGhosO","baseKeyType":2,"closed":-1,"used":1730476060971,"created":1730471713811,"remoteIdentityKey":"BRAwaUkv/mUPN5yEMgZM72KAVZMclrcKJasiXpNJEoFB"},"_chains":{"BTChmL1MPg+jy9Oc4o7nFXNMZ2x+U+j2uMIuztmcuVNq":{"chainKey":{"counter":3},"chainType":2,"messageKeys":{}},"BTIniLMIOMHhlD21aUfHuOfuNcMdp+K1x0mfjBKa1XdV":{"chainKey":{"counter":2},"chainType":2,"messageKeys":{}},"BeQIY8MS3WkoGJNwn8/o1jFXOHe5VxTAPsyUCYzEfdQe":{"chainKey":{"counter":7},"chainType":2,"messageKeys":{}},"BXZJtHBcjz/rZtiIKs3FV20p/RUid5sw8w7y5IJBU1EF":{"chainKey":{"counter":0},"chainType":2,"messageKeys":{}},"BQmGV6K9xR+i+mGkwC+thcDMgtKVPkXv0ZzItsclN3th":{"chainKey":{"counter":2},"chainType":2,"messageKeys":{}},"BbtticNVWJJbxLS7F1S48oFv5AcB2EndPeefHvPHzfli":{"chainKey":{"counter":1},"chainType":2,"messageKeys":{}},"BXQ9EP7bEqq/ycOaIwpnJxvc2AYDlNDqw3cDr/CNRkQA":{"chainKey":{"counter":4,"key":"QuiEGU4K4qJ/3J2Azx6GNCtT5vJpI/BA0+LP1M3/nuw="},"chainType":2,"messageKeys":{}},"BX62NOsEKK0QeYjAW2T2KCckz9EEyX/2k4kx6+2hSPYI":{"chainKey":{"counter":26,"key":"UUlpTSjJwHuBCIENV0Tq56Dx1qEdxmCIcHlRmdDrgCU="},"chainType":1,"messageKeys":{}}}}},"version":"v1"}