{"_sessions":{"BUpvV8Vjp0eeq1RFyS5l+m2fdCniZb+3Y1OXKs8kJnAx":{"registrationId":982985874,"currentRatchet":{"ephemeralKeyPair":{"pubKey":"BSzXJTIlTFqxuU5HClu/pRN40O+v1Sv24VNtTDxpUYNm","privKey":"CGUbCj5n6J7uiRf+GlCJwlY4ICiWvm4MukaiBP2+GEU="},"lastRemoteEphemeralKey":"BcEus/xJs8mxJpgrZ5UPn6maDTWllb/4tuQAj3goquJg","previousCounter":3,"rootKey":"vHIrCxCnywOCLIL4yW6hXMigdESt7r430a2weyQX5L8="},"indexInfo":{"baseKey":"BUpvV8Vjp0eeq1RFyS5l+m2fdCniZb+3Y1OXKs8kJnAx","baseKeyType":1,"closed":-1,"used":1730479633301,"created":1730472084790,"remoteIdentityKey":"BUy+aS62xYSdYhdLXtDrjcXYDQD3OOehksAF7lmsvTg2"},"_chains":{"BUx82+PwL3nkUPt//E+Eii1u/dDN5cfzQLTLtL9OWr99":{"chainKey":{"counter":1},"chainType":2,"messageKeys":{}},"BcEus/xJs8mxJpgrZ5UPn6maDTWllb/4tuQAj3goquJg":{"chainKey":{"counter":0,"key":"6g47ilcjOOmY9GJT0SEkQJoq/GWWQT56pUOKcVWKaeQ="},"chainType":2,"messageKeys":{}},"BSzXJTIlTFqxuU5HClu/pRN40O+v1Sv24VNtTDxpUYNm":{"chainKey":{"counter":-1,"key":"uo6UktAkMvRicnogbD1fNeWgrgbPjaw9fNvjvk0uANk="},"chainType":1,"messageKeys":{}}}}},"version":"v1"}