{"_sessions":{"BRQuX6E5eQTJUIS2oSBsotoVmhByjZrxIYlWjkzXc/tV":{"registrationId":1253451946,"currentRatchet":{"ephemeralKeyPair":{"pubKey":"BWWr2CQb42RhPaNzRMSkkbo32RfUvmVBwHmx5jg+YL4m","privKey":"+KqwaDtsGJQ6OoEG5XUbjwKZ8c1WPwHvM61YZdGPsmE="},"lastRemoteEphemeralKey":"BcD38alVQxfD6m0DvYP6gCA2wZkkZHOY3lYpLVUx9QBP","previousCounter":0,"rootKey":"9+93SwxzyicbGMGafVRcD0YuqtR6yvzGhXq+49681Fk="},"indexInfo":{"baseKey":"BRQuX6E5eQTJUIS2oSBsotoVmhByjZrxIYlWjkzXc/tV","baseKeyType":1,"closed":-1,"used":1730471986365,"created":1730471986365,"remoteIdentityKey":"BSyV7Bl8hyWaJMAuXbSfraLtMUtUxF9e1gPnJ1r366go"},"_chains":{"BWWr2CQb42RhPaNzRMSkkbo32RfUvmVBwHmx5jg+YL4m":{"chainKey":{"counter":0,"key":"C2NoPpWO6mdVUCFVDnWo3gpM8y3IfdgAyszk+zJ7+SY="},"chainType":1,"messageKeys":{}}},"pendingPreKey":{"signedKeyId":6,"baseKey":"BRQuX6E5eQTJUIS2oSBsotoVmhByjZrxIYlWjkzXc/tV","preKeyId":15662556}}},"version":"v1"}