{"_sessions":{"BYJYhs8Lxj4mxX4wkEzVizKc2i4pQ/YZgZ/q7aWzN6Nq":{"registrationId":9249,"currentRatchet":{"ephemeralKeyPair":{"pubKey":"BeFuAHf6XPrK0ZI0TSJDu3Qfl7nlbcMd+2Z4CJ6KTPlB","privKey":"yN7VCcL1zAIn11XCYzabEHlJ2TwpJMBcP4aY1vgG3kA="},"lastRemoteEphemeralKey":"BXv+4c7p+qhtxAlp5IKGw8mgZZ4Dap+g9oKqZGx9j1pq","previousCounter":0,"rootKey":"gmO/e82kjqPLVEeihosVVQL+Ua9ruCDgRLsbhQMszUM="},"indexInfo":{"baseKey":"BYJYhs8Lxj4mxX4wkEzVizKc2i4pQ/YZgZ/q7aWzN6Nq","baseKeyType":1,"closed":-1,"used":1730471895853,"created":1730471895853,"remoteIdentityKey":"BeDYPe4EF7EOpuyCJVFAgX8xq9mjuaB6Cj9UOPExx9lr"},"_chains":{"BeFuAHf6XPrK0ZI0TSJDu3Qfl7nlbcMd+2Z4CJ6KTPlB":{"chainKey":{"counter":0,"key":"Hrxuz5c4pPjG+amkbW3K/h1m+K2a260Py3gHpe0hWSg="},"chainType":1,"messageKeys":{}}},"pendingPreKey":{"signedKeyId":1,"baseKey":"BYJYhs8Lxj4mxX4wkEzVizKc2i4pQ/YZgZ/q7aWzN6Nq"}}},"version":"v1"}