{"_sessions":{"Bf0RJIcBGxJT/Xw0Y3BIHZe5LEtyqavfPd6T4KAhLFYg":{"registrationId":14747,"currentRatchet":{"ephemeralKeyPair":{"pubKey":"BScOhPKU9Xln+gAA8NWm8cWP/2iqa42+4hTg6S7od/M3","privKey":"ONcJmP/B4lLFR67OQ6Q/+G0jnCT7/4HzTtW2yG4UqVw="},"lastRemoteEphemeralKey":"BVmEDFPXuyqm9+Q7znhuM1fkLZ1sEVWXqpsLyw3ZfUsL","previousCounter":0,"rootKey":"imwbxMclcJQp/3Z3fmYc/PyOmENmHRpCqQE55Q2Zt6U="},"indexInfo":{"baseKey":"Bf0RJIcBGxJT/Xw0Y3BIHZe5LEtyqavfPd6T4KAhLFYg","baseKeyType":1,"closed":-1,"used":1730471986191,"created":1730471986191,"remoteIdentityKey":"BUQMrEVvIr3inspq6zxNJr1WdZL6dQ6ARabFW0M023Rv"},"_chains":{"BScOhPKU9Xln+gAA8NWm8cWP/2iqa42+4hTg6S7od/M3":{"chainKey":{"counter":0,"key":"wdMaWbq73QV3BABFJHUZ39nP8AL0wbyareAlOPdjBzY="},"chainType":1,"messageKeys":{}}},"pendingPreKey":{"signedKeyId":1,"baseKey":"Bf0RJIcBGxJT/Xw0Y3BIHZe5LEtyqavfPd6T4KAhLFYg"}}},"version":"v1"}