{"_sessions":{"BauRCdEH6DH04YPe0YLz7jdhQdwpG/IIrrVvdsfIZNgy":{"registrationId":1109288746,"currentRatchet":{"ephemeralKeyPair":{"pubKey":"BVINXjgxAbShxGP9hUJu47CeOZ/xGayuPA5vgW48b4sI","privKey":"iNsu9sMzUhZmn3Y+q4CBoCAJZeWKAmRmLB7btZTM8nk="},"lastRemoteEphemeralKey":"Bb4rh3jZj22/QxFj8s2iyIHCvVwOCAjgnYupZzq0sWNK","previousCounter":0,"rootKey":"eEp5YVIgHrZpw/3VQzZRqS9+nfxhwqgEFYSqCLHaBa4="},"indexInfo":{"baseKey":"BauRCdEH6DH04YPe0YLz7jdhQdwpG/IIrrVvdsfIZNgy","baseKeyType":1,"closed":-1,"used":1730472084003,"created":1730472084003,"remoteIdentityKey":"BfcvMJJ4y0j7+mFOhgcKkiO57HIclLgCzO9D64iwSOgZ"},"_chains":{"BVINXjgxAbShxGP9hUJu47CeOZ/xGayuPA5vgW48b4sI":{"chainKey":{"counter":16,"key":"e9VEubzcOw6P4o82R7XEprD8w+PjKm603faprcBYCYw="},"chainType":1,"messageKeys":{}}},"pendingPreKey":{"signedKeyId":0,"baseKey":"BauRCdEH6DH04YPe0YLz7jdhQdwpG/IIrrVvdsfIZNgy"}}},"version":"v1"}