{"_sessions":{"BenOk7FGxqRiOcM39v0gx6xUv2fdgAc86Bt4NL89un88":{"registrationId":512130893,"currentRatchet":{"ephemeralKeyPair":{"pubKey":"BbsQrlgXq1CW/1COT74L9Vjhr9QmoexN6xL0ofLg1H03","privKey":"kMqHfrxjyC7rlEfyRMlqGEvMYNKvYv9UFzifWM8gLko="},"lastRemoteEphemeralKey":"BYIL8RboDUTlm1XHyt+ZXNm6lwVBZDUvOcupZrnUs3QA","previousCounter":0,"rootKey":"VkD46pHg4cAApYy9XiBqtXN0r1qL/yKBVvSPL0HSTMk="},"indexInfo":{"baseKey":"BenOk7FGxqRiOcM39v0gx6xUv2fdgAc86Bt4NL89un88","baseKeyType":1,"closed":-1,"used":1730472084827,"created":1730472084827,"remoteIdentityKey":"BQd5n67vUDEVG/1uNd1pWrJUK+meoFcExxrW7J3Er9ZC"},"_chains":{"BbsQrlgXq1CW/1COT74L9Vjhr9QmoexN6xL0ofLg1H03":{"chainKey":{"counter":16,"key":"bLvvxMGMOE3FYGwnhsfM6a+9XvO1CbQvoG25/uxqLZg="},"chainType":1,"messageKeys":{}}},"pendingPreKey":{"signedKeyId":2,"baseKey":"BenOk7FGxqRiOcM39v0gx6xUv2fdgAc86Bt4NL89un88","preKeyId":1027291}}},"version":"v1"}