{"_sessions":{"BZSuUOBbN0ET7Ii4rlVXSezJgZg4wjhdOvy515musQQr":{"registrationId":1851963430,"currentRatchet":{"ephemeralKeyPair":{"pubKey":"BUAhppZ/Z4/JgmJB+F4D76havEWbSpL6ULuvOxj7PtI5","privKey":"eMyOyBkKeqPaUs4gCQSMaHorbEq6sy7r4axQN2Vzj2U="},"lastRemoteEphemeralKey":"Balk++ASkxwLFTpTcjUeLdUvPfr34iXvN3yec4Q33RUn","previousCounter":0,"rootKey":"m04UD2ImX+17B/EBQmeyWjYEXphDjfuxlAAwE2R1NHc="},"indexInfo":{"baseKey":"BZSuUOBbN0ET7Ii4rlVXSezJgZg4wjhdOvy515musQQr","baseKeyType":1,"closed":-1,"used":1730472084807,"created":1730472084807,"remoteIdentityKey":"BaWCSSY6XEBpMuNRFkqUi4Z561KjMjYILkWv4n0U5W1y"},"_chains":{"BUAhppZ/Z4/JgmJB+F4D76havEWbSpL6ULuvOxj7PtI5":{"chainKey":{"counter":16,"key":"NdCdL90K64TCArETz+LkpuG0bkCJ82/l/yXlynKug4M="},"chainType":1,"messageKeys":{}}},"pendingPreKey":{"signedKeyId":8,"baseKey":"BZSuUOBbN0ET7Ii4rlVXSezJgZg4wjhdOvy515musQQr","preKeyId":14140467}}},"version":"v1"}