{"_sessions":{"BZLtJwDmFC8Y0G7uRI6cSDFzsIwIc0R/RBTOd0F3nu1A":{"registrationId":195,"currentRatchet":{"ephemeralKeyPair":{"pubKey":"BUyQn9FU/NbqO+/6VyZcaEAaFTWSx8le9KUkkvamooEC","privKey":"mFAQexmRMrMaJgl+qprjkWlqX/eS0fSypmQOxxh3gFc="},"lastRemoteEphemeralKey":"BayCqsHKCzAMsq1+m5ADI7PHPOPatpeJ/tejZ2zLyFNX","previousCounter":0,"rootKey":"L5Q8yU2pnZs0KbDKcCAji2WDbCLeEoP54+f9Fb/lr/s="},"indexInfo":{"baseKey":"BZLtJwDmFC8Y0G7uRI6cSDFzsIwIc0R/RBTOd0F3nu1A","baseKeyType":1,"closed":-1,"used":1730472083808,"created":1730472083808,"remoteIdentityKey":"BaoFn9S8fpyLwdB6UUqKgp7f2WXaCMmKP4sMDtDLo8xY"},"_chains":{"BUyQn9FU/NbqO+/6VyZcaEAaFTWSx8le9KUkkvamooEC":{"chainKey":{"counter":16,"key":"J5rWHTQZPlYO8jMC4QXGGFsp68t7FBhRFJEpKjb0qRI="},"chainType":1,"messageKeys":{}}},"pendingPreKey":{"signedKeyId":1,"baseKey":"BZLtJwDmFC8Y0G7uRI6cSDFzsIwIc0R/RBTOd0F3nu1A"}}},"version":"v1"}