{"_sessions":{"BcPQXBfuEbQyrB97Eshfg55Fyou+9sT7rFFvhrwjjJ0s":{"registrationId":347282215,"currentRatchet":{"ephemeralKeyPair":{"pubKey":"BR31uhSQhbZLdJhwg6FmwhXyAQ5XlxYBz0rmD0x6si0+","privKey":"oBRpkZOAekZca7SiMWvCZOFbMrE3jbyMyiktS5paWVo="},"lastRemoteEphemeralKey":"BQDfDtLBh6llAN9fCQSC5uWdOmNfL47ZrJCvnGffsu4v","previousCounter":0,"rootKey":"55lK4t1FUGyATypIOXpEbQz3MNn3BFu8tlsbaI3e6d0="},"indexInfo":{"baseKey":"BcPQXBfuEbQyrB97Eshfg55Fyou+9sT7rFFvhrwjjJ0s","baseKeyType":1,"closed":-1,"used":1730472084823,"created":1730472084823,"remoteIdentityKey":"BeB7K5+/1RCHQCRK13G7iInFToRA+w9uOQhriP5BFU52"},"_chains":{"BR31uhSQhbZLdJhwg6FmwhXyAQ5XlxYBz0rmD0x6si0+":{"chainKey":{"counter":16,"key":"flNKRzCixGLaZdNEMKbNc7VSq1W5V4IlWMQ6PO0+pKs="},"chainType":1,"messageKeys":{}}},"pendingPreKey":{"signedKeyId":0,"baseKey":"BcPQXBfuEbQyrB97Eshfg55Fyou+9sT7rFFvhrwjjJ0s"}}},"version":"v1"}