{"_sessions":{"BZ95r9ghUamd7v17YTo4HIoXmuM76y0g1cGc8anTurMU":{"registrationId":302133116,"currentRatchet":{"ephemeralKeyPair":{"pubKey":"BY6m3KrUODoWjmSviHReGmOp4PID6W71m/fZ7LUK5CUi","privKey":"yKfqKls0+DaDk29G9CmVje+cs/SnRdeYbi/K8I4uTUY="},"lastRemoteEphemeralKey":"BQ+wXr8mf3YMsUzi4MLIoES28r+6vXid1TlWmtJWcL0m","previousCounter":0,"rootKey":"Zs/LvIOsArusUsU5yJGrx48E97sm5TuQFxDcbYQBEj8="},"indexInfo":{"baseKey":"BZ95r9ghUamd7v17YTo4HIoXmuM76y0g1cGc8anTurMU","baseKeyType":1,"closed":-1,"used":1730471986338,"created":1730471986338,"remoteIdentityKey":"BUUL6sCLfZ8H1112q5pLkCfGK+fyFfkbpzMb9zG/+ZZn"},"_chains":{"BY6m3KrUODoWjmSviHReGmOp4PID6W71m/fZ7LUK5CUi":{"chainKey":{"counter":0,"key":"+2wKO5csmYVDY+cjISUywUaduN4sLIOI9K29EFPcf0U="},"chainType":1,"messageKeys":{}}},"pendingPreKey":{"signedKeyId":8,"baseKey":"BZ95r9ghUamd7v17YTo4HIoXmuM76y0g1cGc8anTurMU","preKeyId":7089452}}},"version":"v1"}