{"_sessions":{"BSlKzON3DYyWhX2GzmZHSolTEpyP9mxLFFR0YFIUzFth":{"registrationId":775432099,"currentRatchet":{"ephemeralKeyPair":{"pubKey":"BZWN4nDCAL7K7fdd5jKuDlEcUqNhiGqExOOxRX370s1g","privKey":"cEAnebkHhq7ezL/O6jLg9JqR7Lx7Fc+MEI1gkd/lsXQ="},"lastRemoteEphemeralKey":"Bdtz58fAOp1zkL46bubHxUyTSYiaNMMHEX2vZMeD61gz","previousCounter":0,"rootKey":"FththzLU7uqB1VzHATAAUVnDlCw/NQxzgN5XASf+cRs="},"indexInfo":{"baseKey":"BSlKzON3DYyWhX2GzmZHSolTEpyP9mxLFFR0YFIUzFth","baseKeyType":1,"closed":-1,"used":1730471862479,"created":1730471862479,"remoteIdentityKey":"BdNMqYuRRY9wV6F1sJ2XmkM1bq7Vob0WxTesn8c1C5dL"},"_chains":{"BZWN4nDCAL7K7fdd5jKuDlEcUqNhiGqExOOxRX370s1g":{"chainKey":{"counter":0,"key":"9NvR58lDZGEm5FDoE6RxwJrMG0gfmdyXHPByoZd+tDs="},"chainType":1,"messageKeys":{}}},"pendingPreKey":{"signedKeyId":1,"baseKey":"BSlKzON3DYyWhX2GzmZHSolTEpyP9mxLFFR0YFIUzFth","preKeyId":260}}},"version":"v1"}