{"_sessions":{"Beb8bvGD/PwZ1jGdRBD6PFbjawQuaeL/lUicBu6I5xtR":{"registrationId":7,"currentRatchet":{"ephemeralKeyPair":{"pubKey":"Bct/nBqy8xG2pPghAy2b6g9q7MR1UQU+xmxzXVtMdfNH","privKey":"eFtyqBfyNybuLYnqCiKeHoQC+c/ZZY/yEFtCXQ/sF1k="},"lastRemoteEphemeralKey":"Bag8u32wKfPV2+/r/tMQFj3cfVB74PXvivEwoIyuGEUQ","previousCounter":0,"rootKey":"txlAd4OIN7nivpMNB2zlulzNKWhSXQl4wE4410+jX50="},"indexInfo":{"baseKey":"Beb8bvGD/PwZ1jGdRBD6PFbjawQuaeL/lUicBu6I5xtR","baseKeyType":1,"closed":-1,"used":1730472083920,"created":1730472083920,"remoteIdentityKey":"BbfMaVqgX890JbMYHIlPoUuN/DJ7KJ1HnCBGU+bSjvII"},"_chains":{"Bct/nBqy8xG2pPghAy2b6g9q7MR1UQU+xmxzXVtMdfNH":{"chainKey":{"counter":16,"key":"k06MbmjQVzF6FQX1/lC24ky+rDPhzzrXtmPYdL4AIfo="},"chainType":1,"messageKeys":{}}},"pendingPreKey":{"signedKeyId":1,"baseKey":"Beb8bvGD/PwZ1jGdRBD6PFbjawQuaeL/lUicBu6I5xtR"}}},"version":"v1"}