{"_sessions":{"BetNgcrRXNm6FcLkquubKiwZBCc0xUsRw876kUdoXO8b":{"registrationId":117,"currentRatchet":{"ephemeralKeyPair":{"pubKey":"BRnU4v1Nr+uEHn9IJQRnx/fMtZ9m+SXUQkU/pHR6sXgZ","privKey":"iAJvCXs/QbUFB8iLDMw+mtzXizS1kxNcgZenB3n3yng="},"lastRemoteEphemeralKey":"BWxUHg6ceavWRtjM7Kqo4Wtv0S+UURwuSsd618Zj4Hg7","previousCounter":0,"rootKey":"VIp9ORat+64Asl0KRe/7x0eLE+fL0FxYl54Z1LU/sg4="},"indexInfo":{"baseKey":"BetNgcrRXNm6FcLkquubKiwZBCc0xUsRw876kUdoXO8b","baseKeyType":1,"closed":-1,"used":1730472083815,"created":1730472083815,"remoteIdentityKey":"Beq6QHd44dThc3aqjIOapecHAWSvO3MODBWqMs9ZX5lP"},"_chains":{"BRnU4v1Nr+uEHn9IJQRnx/fMtZ9m+SXUQkU/pHR6sXgZ":{"chainKey":{"counter":16,"key":"l34Gt1FDat8nWdOOZzqdK3No/AzYoRhXbOA414zIjz8="},"chainType":1,"messageKeys":{}}},"pendingPreKey":{"signedKeyId":1,"baseKey":"BetNgcrRXNm6FcLkquubKiwZBCc0xUsRw876kUdoXO8b"}}},"version":"v1"}