{"_sessions":{"BQRFPtg/q0AUVCfSt3hY6AbMgknRj3OFZWFoZ8Og9IME":{"registrationId":348739158,"currentRatchet":{"ephemeralKeyPair":{"pubKey":"BUXS1gQi3YT+Xnl+/vljbL6/MHXdiSQaWnfC2wsk9Adc","privKey":"eM1OewmyMQLjh/3mCP9OtWHZ1fR7s+R+eLRhLEXC6H8="},"lastRemoteEphemeralKey":"BVYplMszxOyfvKMrw9pfCvC7TIHmg5KezWL8tFJeGvBU","previousCounter":0,"rootKey":"j+Av2NDDutG283pV/MG7ZpbJWCcMzPofapkL/ic6ft4="},"indexInfo":{"baseKey":"BQRFPtg/q0AUVCfSt3hY6AbMgknRj3OFZWFoZ8Og9IME","baseKeyType":1,"closed":-1,"used":1730474182077,"created":1730474058660,"remoteIdentityKey":"BUrnKVxA+jIp9mpEZrTqe/ubU7bNyreMpVDNQo7oKAkJ"},"_chains":{"BVYplMszxOyfvKMrw9pfCvC7TIHmg5KezWL8tFJeGvBU":{"chainKey":{"counter":0,"key":"FUEET35jce5KYPhb/vuQgVAEF9IAR5XxFP+5thF8nKQ="},"chainType":2,"messageKeys":{}},"BUXS1gQi3YT+Xnl+/vljbL6/MHXdiSQaWnfC2wsk9Adc":{"chainKey":{"counter":-1,"key":"cc1d8/A84vk+zWuQ0R+UDtUC3RBgpOfZ5Lh9VyeMk5c="},"chainType":1,"messageKeys":{}}}}},"version":"v1"}