{"_sessions":{"BZTtNJIPxRQQyfeUOGobLIaoR4K3PDauJlvDQ44+4AR+":{"registrationId":482490049,"currentRatchet":{"ephemeralKeyPair":{"pubKey":"BVgZ3Jq+in8EQKgOEG0MUXA1Qx62mBl9WlXdhyWBB5sN","privKey":"wAUKLo8/BFjn6bT+yMlk6s6tcaun8fSOeo45Aj3+rlQ="},"lastRemoteEphemeralKey":"BeI5lMc5YIT6Vl/C/z+YNsCQ+e1JZzcueuVZ+ZEUhVYT","previousCounter":0,"rootKey":"xaOaVNnFYFhgrCUT7i0gD0gu1XuQpAHaeBCwTPwxSmc="},"indexInfo":{"baseKey":"BZTtNJIPxRQQyfeUOGobLIaoR4K3PDauJlvDQ44+4AR+","baseKeyType":1,"closed":-1,"used":1730471986511,"created":1730471986511,"remoteIdentityKey":"BWE0FHJdycqNzgYH+O4m+/7+YDIEV9KIz41sBgK5MBdk"},"_chains":{"BVgZ3Jq+in8EQKgOEG0MUXA1Qx62mBl9WlXdhyWBB5sN":{"chainKey":{"counter":0,"key":"2k3ptQqjbdvAtLw+oViyopidz1ZAwg5xfm3LAKgS8WQ="},"chainType":1,"messageKeys":{}}},"pendingPreKey":{"signedKeyId":6,"baseKey":"BZTtNJIPxRQQyfeUOGobLIaoR4K3PDauJlvDQ44+4AR+","preKeyId":16521732}}},"version":"v1"}