{"_sessions":{"BVZuOkuq4Yk+XiUMBELEBGYT6UPSBrYDuuGyrb5CJwA2":{"registrationId":393222514,"currentRatchet":{"ephemeralKeyPair":{"pubKey":"BckuCmCYUJD4jshZhvNFsxq/dJFn9VKsP5IlEvo0EM80","privKey":"4HHPvqiYC8Hse88G6uZHhv23tXIJRXOH4MYYWH0GZ3k="},"lastRemoteEphemeralKey":"BYc5BmZpvWdFONm9I+5TpLUAnsobuSVIV5pqUQpvypgT","previousCounter":0,"rootKey":"9zIgZo84QABeeEVA4t990klWTytsL2qD3OM6cXO04E0="},"indexInfo":{"baseKey":"BVZuOkuq4Yk+XiUMBELEBGYT6UPSBrYDuuGyrb5CJwA2","baseKeyType":1,"closed":-1,"used":1730471862687,"created":1730471862687,"remoteIdentityKey":"BfJwMBxGK1iZw+kdMBT2Gj+ilragiyfVkfHZXz/U0PZr"},"_chains":{"BckuCmCYUJD4jshZhvNFsxq/dJFn9VKsP5IlEvo0EM80":{"chainKey":{"counter":0,"key":"k7do15hJN8ri/6MeAx/dcGjwDmt0Osme7SGu0Qexx18="},"chainType":1,"messageKeys":{}}},"pendingPreKey":{"signedKeyId":0,"baseKey":"BVZuOkuq4Yk+XiUMBELEBGYT6UPSBrYDuuGyrb5CJwA2","preKeyId":1247947}}},"version":"v1"}