{"_sessions":{"Barl3RtnD6SYu+7br+zhPZq2c78hyaNDinHZsE5lBlMA":{"registrationId":1863592926,"currentRatchet":{"ephemeralKeyPair":{"pubKey":"BcjqoF/HD5QEfvtDu2cKAX3QSKe/zhJ3q///ljpY07Nr","privKey":"6GrRgbQkU2HhYYUV+xh4LCEyLEI7+dcp7z8gmBR7FH0="},"lastRemoteEphemeralKey":"BcXnhoizrVrxwwaNS08c7JhSbUyPJQbLPknf538o7mJQ","previousCounter":0,"rootKey":"LUy2C2t6cOPsxeV5NUpmjcovTYG7cyPkGGMs9phrmiY="},"indexInfo":{"baseKey":"Barl3RtnD6SYu+7br+zhPZq2c78hyaNDinHZsE5lBlMA","baseKeyType":1,"closed":-1,"used":1730472084145,"created":1730472084145,"remoteIdentityKey":"BbXS9A0oo6mh4aMH07TWnnWliTRY9flJrsxz3gHIfYVv"},"_chains":{"BcjqoF/HD5QEfvtDu2cKAX3QSKe/zhJ3q///ljpY07Nr":{"chainKey":{"counter":16,"key":"9ZteP+fr9t89csHcbAmMhh1VL2MTHY81+mX3SsQYcVQ="},"chainType":1,"messageKeys":{}}},"pendingPreKey":{"signedKeyId":4,"baseKey":"Barl3RtnD6SYu+7br+zhPZq2c78hyaNDinHZsE5lBlMA","preKeyId":12697913}}},"version":"v1"}