{"_sessions":{"BeG6sUB6cum+KLMXwTEBl4wTydIaXYBYP7wXlkRzSkhW":{"registrationId":38386182,"currentRatchet":{"ephemeralKeyPair":{"pubKey":"Bc+ryXkJTmChBN0mDf0JMY6w9pvkwGl/sh/M6o91Ghx0","privKey":"yJnWZzGAY5te5l/GxqNSFESJ3GtLrgwiqjYDMxHLzHY="},"lastRemoteEphemeralKey":"BZyIsfav6LKVRcVReYYdM80NOiMeRreSFyCDgoLGgiAx","previousCounter":0,"rootKey":"cmUWACY4vPlLZ/OVEr4vQdFUWVA3iowzbgcc6acV3pM="},"indexInfo":{"baseKey":"BeG6sUB6cum+KLMXwTEBl4wTydIaXYBYP7wXlkRzSkhW","baseKeyType":1,"closed":-1,"used":1730472083961,"created":1730472083961,"remoteIdentityKey":"BWmp3TUg/pcUBnBkomDF/+OzcT3YNtqZK7TTtCfFb31Y"},"_chains":{"Bc+ryXkJTmChBN0mDf0JMY6w9pvkwGl/sh/M6o91Ghx0":{"chainKey":{"counter":16,"key":"vb2Jb6EaOq/1JldrJLRbC3hD5pNtmbCzeZKvF/YN9so="},"chainType":1,"messageKeys":{}}},"pendingPreKey":{"signedKeyId":1,"baseKey":"BeG6sUB6cum+KLMXwTEBl4wTydIaXYBYP7wXlkRzSkhW","preKeyId":1485}}},"version":"v1"}