{"_sessions":{"BUAeIiqPIhuI90b3hZlocqTB7ar2xaEI6gIlW5AFIm9N":{"registrationId":329357040,"currentRatchet":{"ephemeralKeyPair":{"pubKey":"BQkEisneRmy9xm23C9j2V8drJqkRkf1rp5qWqtdDd91x","privKey":"kL8pEmpK/IDsrj3gORi/rcnWbJPTyPJ02x+ZWmN2P1I="},"lastRemoteEphemeralKey":"BRIGnndgC54xlQangv8YXxMPHWcWyo3zIlXqU/Ftjo0o","previousCounter":0,"rootKey":"9gtZOBne6qyOLpQYZEsWaEPAKVFwj6bvQrJiPMkMJGY="},"indexInfo":{"baseKey":"BUAeIiqPIhuI90b3hZlocqTB7ar2xaEI6gIlW5AFIm9N","baseKeyType":1,"closed":-1,"used":1730471862597,"created":1730471862597,"remoteIdentityKey":"BT6R3f9qn2jE3N+U77owtQ9Z/RwH51S48FXeTe7vkZko"},"_chains":{"BQkEisneRmy9xm23C9j2V8drJqkRkf1rp5qWqtdDd91x":{"chainKey":{"counter":0,"key":"GKRkREQMunskZyytYZCmfrxsb5CUmct01NsZGrxpUD0="},"chainType":1,"messageKeys":{}}},"pendingPreKey":{"signedKeyId":50,"baseKey":"BUAeIiqPIhuI90b3hZlocqTB7ar2xaEI6gIlW5AFIm9N","preKeyId":12106574}}},"version":"v1"}