{"_sessions":{"BdoRCJUNUH5WtB0X+sPkGhr5XKongU26UsLwgba4SLli":{"registrationId":1180538568,"currentRatchet":{"ephemeralKeyPair":{"pubKey":"BZh7zBLYkTKeBw9k8Ndt+ezv5Kdlk2bbBJsvf01BwoVs","privKey":"2GYcIEs36yiZ+9kXnL3d1aUpkKgi3jtTguD43Yyty2Y="},"lastRemoteEphemeralKey":"BZFvSZY5c8bgts6cX5rFgqRSyGuFk2SAUbOntLzcXLVq","previousCounter":0,"rootKey":"1IexPv2aubC51p9iOBXUKT58PLXvx5ShN5z6YgjVrT0="},"indexInfo":{"baseKey":"BdoRCJUNUH5WtB0X+sPkGhr5XKongU26UsLwgba4SLli","baseKeyType":1,"closed":1730473958186,"used":1730472084131,"created":1730472084131,"remoteIdentityKey":"BZ0wUitD3mI6arOY4Jo+0A2qqIfHE7csyfi7Gq/KqHpC"},"_chains":{"BZh7zBLYkTKeBw9k8Ndt+ezv5Kdlk2bbBJsvf01BwoVs":{"chainKey":{"counter":3,"key":"21xfDmyrd72S9g2Qgw8UnqJR6B+z6oSHKUYTuPr0JMk="},"chainType":1,"messageKeys":{}}},"pendingPreKey":{"signedKeyId":3,"baseKey":"BdoRCJUNUH5WtB0X+sPkGhr5XKongU26UsLwgba4SLli","preKeyId":12457799}},"BYbyEw3WVttVtPMFriZmDVqdbW7juli3E6QCNpCqlbAj":{"registrationId":1180538568,"currentRatchet":{"ephemeralKeyPair":{"pubKey":"BanvzkvC/pLA/d3k29Kmg7+w7kfxsIPHBKlIK4GIN7hm","privKey":"kJChf9SaSyslFH9qRwkWGvn9mv2R4qD+5R1Nai4rU2Q="},"lastRemoteEphemeralKey":"BZFvSZY5c8bgts6cX5rFgqRSyGuFk2SAUbOntLzcXLVq","previousCounter":0,"rootKey":"Mp/DY0dKmXNfGvpyGyldTsTzbaoI5QsaGtupqksUn8M="},"indexInfo":{"baseKey":"BYbyEw3WVttVtPMFriZmDVqdbW7juli3E6QCNpCqlbAj","baseKeyType":1,"closed":-1,"used":1730473958181,"created":1730473958181,"remoteIdentityKey":"BZ0wUitD3mI6arOY4Jo+0A2qqIfHE7csyfi7Gq/KqHpC"},"_chains":{"BanvzkvC/pLA/d3k29Kmg7+w7kfxsIPHBKlIK4GIN7hm":{"chainKey":{"counter":12,"key":"qfm1/ERGtBdtH4aGZlKk1QXcZXF6lS2ps8QufwG8oVc="},"chainType":1,"messageKeys":{}}},"pendingPreKey":{"signedKeyId":3,"baseKey":"BYbyEw3WVttVtPMFriZmDVqdbW7juli3E6QCNpCqlbAj","preKeyId":12457612}}},"version":"v1"}