{"_sessions":{"BakQ0oKo7hkXUvKU86LOAmpAOSN/2oP1jIpOCipKdX5b":{"registrationId":1909891410,"currentRatchet":{"ephemeralKeyPair":{"pubKey":"BTSZJUSee6pa9hH0sP1WTSbWGvRnkY4Di7lHvSGm7iQn","privKey":"KGfj9DUjat7mb4JhisShT5OS/vy/7hBjdWxMDo6V7Us="},"lastRemoteEphemeralKey":"BVd2UwWNjKvMu880cxxzzOT54fX7LLiGXuS7/Np+lnsp","previousCounter":0,"rootKey":"G9G5DCPd2iyiIaWtWGxZwaeFeJYvzhMbMCpKGs38j9w="},"indexInfo":{"baseKey":"BakQ0oKo7hkXUvKU86LOAmpAOSN/2oP1jIpOCipKdX5b","baseKeyType":1,"closed":-1,"used":1730471986332,"created":1730471986332,"remoteIdentityKey":"Be6N4H4NPsT8VehdHm/pxzP6zwaHIKwZQSjdFgSNa8g7"},"_chains":{"BTSZJUSee6pa9hH0sP1WTSbWGvRnkY4Di7lHvSGm7iQn":{"chainKey":{"counter":0,"key":"5KILulg0QSPNcK0M79tn22v0zv2IDoKLQGq8CFX4V/M="},"chainType":1,"messageKeys":{}}},"pendingPreKey":{"signedKeyId":4,"baseKey":"BakQ0oKo7hkXUvKU86LOAmpAOSN/2oP1jIpOCipKdX5b","preKeyId":7261803}}},"version":"v1"}