{"_sessions":{"BSNjGE8Hrc5FJtj/dxCswmgjqVprcakgQBmMNQ1kpLBK":{"registrationId":4978,"currentRatchet":{"ephemeralKeyPair":{"pubKey":"BTmd+AMEIF1WaE36oyBgpd9NUG0h7rqqlFzSX6K0p6F4","privKey":"gFQx0fQqIhI0TruDptXr3NG23vtIO9iRkqLlR0YJQ38="},"lastRemoteEphemeralKey":"BRkPxHShl1qm66x0pgBOPHK81aLI77m/lCL6Jpo9JGAq","previousCounter":0,"rootKey":"FsCNWGozare4HsJvKG3jgY3SSHmOi8ZzdZb32Z2xwOQ="},"indexInfo":{"baseKey":"BSNjGE8Hrc5FJtj/dxCswmgjqVprcakgQBmMNQ1kpLBK","baseKeyType":1,"closed":-1,"used":1730471862475,"created":1730471862475,"remoteIdentityKey":"Bc23Gf5XFCkTphI+bnCchFDZWMXxCQdBztaLk+rWsPtp"},"_chains":{"BTmd+AMEIF1WaE36oyBgpd9NUG0h7rqqlFzSX6K0p6F4":{"chainKey":{"counter":18,"key":"CJxezWxo77oXOfqKP9cHzYoSoTJdRVMFSZ0HW4tbh3k="},"chainType":1,"messageKeys":{}}},"pendingPreKey":{"signedKeyId":1,"baseKey":"BSNjGE8Hrc5FJtj/dxCswmgjqVprcakgQBmMNQ1kpLBK"}}},"version":"v1"}