{"_sessions":{"Bf6T5kFbSTRtPA31Df1d0zwsJBkx76ZbHyT1rSLQ0bJ0":{"registrationId":4189,"currentRatchet":{"ephemeralKeyPair":{"pubKey":"BVVn1M6G8Mkrx0oSAcZL1csJVZwymMcXr5eNisCzAmdN","privKey":"AIrIZ/6a/ChWVyFe+0XMBoxI2ZuYR+XPCcGl/khU5EA="},"lastRemoteEphemeralKey":"Ba54AyRf6VvBTQaXtECidRdeoaA/B+BzGtkDfrNNIsQj","previousCounter":0,"rootKey":"5AD7glIgPSFhlS8lFoTjUAkDnKiJlwkUQF6upZ7XGVs="},"indexInfo":{"baseKey":"Bf6T5kFbSTRtPA31Df1d0zwsJBkx76ZbHyT1rSLQ0bJ0","baseKeyType":1,"closed":-1,"used":1730472083826,"created":1730472083826,"remoteIdentityKey":"BZ+fH3DI5P8YjUMTURLda4gmvsI1EwzuPrZAImBrMnVq"},"_chains":{"BVVn1M6G8Mkrx0oSAcZL1csJVZwymMcXr5eNisCzAmdN":{"chainKey":{"counter":16,"key":"Nw/n6zp4xod+fZJbAVlEMnoUfiaHVr5d71EjJeWmYMc="},"chainType":1,"messageKeys":{}}},"pendingPreKey":{"signedKeyId":1,"baseKey":"Bf6T5kFbSTRtPA31Df1d0zwsJBkx76ZbHyT1rSLQ0bJ0"}}},"version":"v1"}