{"_sessions":{"BcDa2IJiMjZm5N7+IJsef9eCndegiTZo0gSaTFKbKQVZ":{"registrationId":1558276114,"currentRatchet":{"ephemeralKeyPair":{"pubKey":"BSGxCdepT5JoaNCPQDtG2rAtOJTEo02sPNbahhdT0sYt","privKey":"mLpl+x8raclHBYmskWn7Rl+s/R80GY9oQCCyYbjlDGc="},"lastRemoteEphemeralKey":"BfnvXQ6pjZfZaoCzX+ldDDEv5hvDJNfpMIBmdtCuO21w","previousCounter":0,"rootKey":"8DLuQQVCtcfwGTDPskm5N232P6GZDLvcc4XPockULFU="},"indexInfo":{"baseKey":"BcDa2IJiMjZm5N7+IJsef9eCndegiTZo0gSaTFKbKQVZ","baseKeyType":1,"closed":-1,"used":1730472084872,"created":1730472084872,"remoteIdentityKey":"BYQb3vmnDCcletDsoLSLNziOotWwN1U4n4id2tamkDZ4"},"_chains":{"BSGxCdepT5JoaNCPQDtG2rAtOJTEo02sPNbahhdT0sYt":{"chainKey":{"counter":17,"key":"0p9Ku2o5p19TRZNYhD1zI8G1E+HcGwhnwmPJcIqxG9E="},"chainType":1,"messageKeys":{}}},"pendingPreKey":{"signedKeyId":3,"baseKey":"BcDa2IJiMjZm5N7+IJsef9eCndegiTZo0gSaTFKbKQVZ","preKeyId":85060}}},"version":"v1"}