{"_sessions":{"BcL1IJ0Xz7L9q+hDF+Rhba5XuLO6wvb8PnxhCZF88tVW":{"registrationId":990233008,"currentRatchet":{"ephemeralKeyPair":{"pubKey":"Bc7BcN/YySY7UCevqVkSCjUe660AwNfEPJkc/hCjtCIt","privKey":"eCpTXfExw66wgbtWzC/xxRCN9ylM69lSvyjZv5ZF8kY="},"lastRemoteEphemeralKey":"BS/tYhKri0k8qaFzyQ5TKa1C7RghKPhWfFFxGfDNxzIa","previousCounter":0,"rootKey":"tCvVbapdoUL+EsFsQgNlRMTrdNtDJGD1nhXbigR+hkM="},"indexInfo":{"baseKey":"BcL1IJ0Xz7L9q+hDF+Rhba5XuLO6wvb8PnxhCZF88tVW","baseKeyType":1,"closed":-1,"used":1730472083830,"created":1730472083830,"remoteIdentityKey":"BcBeTTYHnAFStxDQu/xLlr+/BmYuU6MZbVvETq/aJ5Ad"},"_chains":{"Bc7BcN/YySY7UCevqVkSCjUe660AwNfEPJkc/hCjtCIt":{"chainKey":{"counter":16,"key":"4Rk6+BjQK0+bevmnkZSMGNOWJpCwLV91J6oHgZd2reQ="},"chainType":1,"messageKeys":{}}},"pendingPreKey":{"signedKeyId":1,"baseKey":"BcL1IJ0Xz7L9q+hDF+Rhba5XuLO6wvb8PnxhCZF88tVW","preKeyId":2191}}},"version":"v1"}