{"_sessions":{"BQZMm/OY2GaAc5ZiLXpSezZqyq9j/7kBm+675Yt59NYH":{"registrationId":1310110306,"currentRatchet":{"ephemeralKeyPair":{"pubKey":"BbscL6SrfivrPFUniyJq+90hPza1yAoT/MiIeqBHQQY1","privKey":"+CNFWIAf9DQpiJuBRYNquWqEsuy7+vXPlRNRiaLSK3w="},"lastRemoteEphemeralKey":"BYLTy/hY2It4t0m+Q/28r1dXUs+PKO/AbZhIQsgWMFZw","previousCounter":0,"rootKey":"qmZDqb7HGqyTMY4RQ8SsZlnu0qV/F3UlOBH0YB/PHBk="},"indexInfo":{"baseKey":"BQZMm/OY2GaAc5ZiLXpSezZqyq9j/7kBm+675Yt59NYH","baseKeyType":1,"closed":-1,"used":1730471862593,"created":1730471862593,"remoteIdentityKey":"BZ1DStFkrUaJNbOihxnGOY9U0ycANwyB9TZT3lff/GET"},"_chains":{"BbscL6SrfivrPFUniyJq+90hPza1yAoT/MiIeqBHQQY1":{"chainKey":{"counter":0,"key":"4evXPE6kOFDoTPF1q9X4wSg1Tp8SLeSq0C0LglyfoKA="},"chainType":1,"messageKeys":{}}},"pendingPreKey":{"signedKeyId":2,"baseKey":"BQZMm/OY2GaAc5ZiLXpSezZqyq9j/7kBm+675Yt59NYH"}}},"version":"v1"}