{"_sessions":{"BT1TsG8D2UZWTsaqvW7gplGSgJONzsCKHv4JxjvNKJhi":{"registrationId":1779497640,"currentRatchet":{"ephemeralKeyPair":{"pubKey":"BS7+FFJn96Wg1wz/+foAhiKLW+xIg0zNjrmKPLEADRMC","privKey":"2Jk47ZBHcuquSV2ZaWsP6yDDRFschSNcvRo5tYr4nGs="},"lastRemoteEphemeralKey":"Bbk4U2LCTJeP0hT1hjDZWEvCGsIqAvsFRGDcHQTZpNNX","previousCounter":0,"rootKey":"rfjELlIuWhhS38e1okuPKGN8HMMdQVOhKT6/tLAY2eo="},"indexInfo":{"baseKey":"BT1TsG8D2UZWTsaqvW7gplGSgJONzsCKHv4JxjvNKJhi","baseKeyType":1,"closed":-1,"used":1730472084063,"created":1730472084063,"remoteIdentityKey":"BQOyE2t6h9QBkPIJtldMKxnjOpnwAnwvnEs2ZVR3tQ0/"},"_chains":{"BS7+FFJn96Wg1wz/+foAhiKLW+xIg0zNjrmKPLEADRMC":{"chainKey":{"counter":16,"key":"aX06ijaE1+tO3W+v6MztYcT7XmXng6tMXqpaED4C9yM="},"chainType":1,"messageKeys":{}}},"pendingPreKey":{"signedKeyId":3,"baseKey":"BT1TsG8D2UZWTsaqvW7gplGSgJONzsCKHv4JxjvNKJhi","preKeyId":13721043}}},"version":"v1"}