{"_sessions":{"BQ2lD4z9pUVTSgMqoVU3d+goKkiXcDviA6b8lgGYH2IT":{"registrationId":405952067,"currentRatchet":{"ephemeralKeyPair":{"pubKey":"BbjIfhtvwV/VW9S7DwwjQ3Nqpl6u/3ySiM0tPSNPVm4g","privKey":"kLJrVXWyxyzXbVb/SL7XNJjn/KUoFlVIKK2vCJjccVY="},"lastRemoteEphemeralKey":"BVfJomXxdNuGK92ZRaSQWsQz02qZ7pwZrqCofbmE7Y05","previousCounter":0,"rootKey":"WGCvAZpZrRpzJhKoPCMkpOvtG1iwwP4wl4Z/zJqJTes="},"indexInfo":{"baseKey":"BQ2lD4z9pUVTSgMqoVU3d+goKkiXcDviA6b8lgGYH2IT","baseKeyType":2,"closed":-1,"used":1730477320636,"created":1730471876978,"remoteIdentityKey":"BcgOeUaKUilEdyAGobzdBrb4ogARZu5Z7dwmqWTPwlUP"},"_chains":{"BZfMISWSlUimQKlEec8uzXuRSetttsvi7qZupCQxQUM5":{"chainKey":{"counter":0},"chainType":2,"messageKeys":{}},"BVfJomXxdNuGK92ZRaSQWsQz02qZ7pwZrqCofbmE7Y05":{"chainKey":{"counter":0,"key":"xYcczpKk4znbB+pHYwgWChN1UDYUbVnExcp2c+gq/BI="},"chainType":2,"messageKeys":{}},"BbjIfhtvwV/VW9S7DwwjQ3Nqpl6u/3ySiM0tPSNPVm4g":{"chainKey":{"counter":-1,"key":"5T16COxE0oZUwI79yaNucUNDH32N7Sl6yUDSk5gOUYw="},"chainType":1,"messageKeys":{}}}}},"version":"v1"}